Chemical_ID,Original_Potency,Potency_uM,pPotency
10005.0,2.9975294739000002,2.9975294739000002,-0.4767631010101705
10021362.0,79.38823156875,79.38823156875,-1.796505009761288
10026.0,40.7528634195,40.7528634195,-1.6101581289925304
1004.0,9.320236194,9.320236194,-0.924380014843899
10041070.0,50.2752027186,50.2752027186,-1.7013538304252562
100524.0,20.5691265765,20.5691265765,-1.146253268426243
10068207.0,15.74426288,15.74426288,-1.1971223325087779
101010.0,12.442151668,12.442151668,-1.0948954910248163
10107.0,18.623400452,18.623400452,-1.2700589818390364
10114.0,4.2306304401,4.2306304401,-0.626405089894019
101150.0,13.2187907081,13.2187907081,-1.1211917264944538
10126299.0,41.78615816125,41.78615816125,-1.620309279507611
10133.0,30.77369138015,30.77369138015,-1.4875083718466287
10133071.0,18.9702609799,18.9702609799,-1.2780733056567601
1013376.0,39.519394637,39.519394637,-1.5968102833896782
10145345.0,28.2149109559,28.2149109559,-1.4504786840080697
10154203.0,9.0481174599,9.0481174599,-0.956558229832441
101560.0,9.60548808,9.60548808,-0.9825194373981548
101576.0,44.6650177358,44.6650177358,-1.649967510776599
101587.0,16.944477612,16.944477612,-1.2290281843434818
1017.0,5.2897697279,5.2897697279,-0.7234367669162741
1018.0,9.26005744995,9.26005744995,-0.9659919988578476
10187.0,15.3222309039,15.3222309039,-1.185322002810732
101925.0,24.8340181399,24.8340181399,-1.3950469940130255
10194.0,11.048058118,11.048058118,-0.9993136676715979
101940.0,11.64945186285,11.64945186285,-1.0663028574810745
10197650.0,10.229158344,10.229158344,-1.0098399013960482
10197675.0,9.0941574919,9.0941574919,-0.9587624710116952
10198808.0,15.9414285119,15.9414285119,-1.202527235945782
10201497.0,17.3667057599,17.3667057599,-1.2397174461973135
10204.0,14.14019373395,14.14019373395,-1.145518000226052
10207.0,13.83452026,13.83452026,-1.1409641036976315
10209.0,10.5477917719,10.5477917719,-1.0231615476280869
10212.0,8.724132164,8.724132164,-0.9403866813646569
10226.0,4.934256004,4.934256004,-0.6932216782384943
102293.0,12.963361272,12.963361272,-1.1127176244212935
10230.0,4.9615546239,4.9615546239,-0.6956177770535313
10233356.0,12.9033871039,12.9033871039,-1.1107037263806208
102426.0,5.899388088,5.899388088,-0.7708069669324921
102428.0,32.5230363601,32.5230363601,-1.5121910846735271
10251042.0,16.2052310839,16.2052310839,-1.2096552283794646
10255.0,9.086259496,9.086259496,-0.9519705973153048
10257.0,21.212660196,21.212660196,-1.3265951350888965
102681.0,7.9270150159,7.9270150159,-0.8991096808648179
102710.0,22.69845213995,22.69845213995,-1.3274839852820945
102724.0,29.3347158879,29.3347158879,-1.4673818863510624
10275.0,12.0259834639,12.0259834639,-1.0801206023415175
102821.0,4.3992112479,4.3992112479,-0.643374817079046
10285.0,11.4028900279,11.4028900279,-1.057014935906867
102861.0,8.32255805195,8.32255805195,-0.9179756657074443
10288.0,7.775383388,7.775383388,-0.8907218123854082
1030.0,4.4102171039,4.4102171039,-0.6444599692195335
103005.0,9.0059666239,9.0059666239,-0.9498966812368228
10303.0,10.91382696,10.91382696,-1.0379770637120251
10308.0,8.530536096,8.530536096,-0.9309763249797851
1031.0,7.7423054159,7.7423054159,-0.8888702992257473
10313.0,35.93355618,35.93355618,-1.5555001994736606
10313079.0,4.249057384,4.249057384,-0.6282925963251615
10314472.0,24.735940202000002,24.735940202000002,-1.3430497663574639
10315.0,7.732281448,7.732281448,-0.8883076535676848
10316.0,34.051626842,34.051626842,-1.5321378654889153
10328936.0,7.695581042100001,7.695581042100001,-0.8777297142623276
10332.0,166.6267530095,166.6267530095,-2.2217447314742653
10342051.0,11.092311736,11.092311736,-1.0450220663982666
10367.0,5.7336095939,5.7336095939,-0.7566078184217779
10374.0,48.5897961874,48.5897961874,-1.6865450773944908
10377.0,31.3411503199,31.3411503199,-1.4961149324138998
10404.0,14.577257458,14.577257458,-1.1557536813307805
10407399.0,9.8415114679,9.8415114679,-0.96084694483943
104150.0,18.9466622239,18.9466622239,-1.2775327126988973
10423.0,25.399033224,25.399033224,-1.4048171861682566
10434.0,11.27262494,11.27262494,-1.052025057502837
10439.0,16.13866686395,16.13866686395,-1.159386600141321
10442.0,20.447093272,20.447093272,-1.310631578081489
10453.0,4.062606876,4.062606876,-0.6088047992291483
10457.0,5.9753992879,5.9753992879,-0.7763669309988837
10458.0,21.85305726595,21.85305726595,-1.328073836247487
1046.0,3.2025302439,3.2025302439,-0.5054932398052829
104635.0,45.2302187079,45.2302187079,-1.6554286877548612
10465.0,50.7104672744,50.7104672744,-1.705097612396788
10466908.0,157.1778634648,157.1778634648,-2.196391381066977
10470544.0,12.7309507759,12.7309507759,-1.1048608389488432
104741.0,9.20141976995,9.20141976995,-0.9599066111527388
104758.0,10.476599792,10.476599792,-1.0202203541002013
104762.0,16.47750445995,16.47750445995,-1.18003427162391
10476437.0,235.56972726499998,235.56972726499998,-2.366912505605849
104769.0,16.352374388,16.352374388,-1.2135808217509234
104838.0,10.84149056395,10.84149056395,-1.026643532775267
104850.0,11.35910298,11.35910298,-1.055344036813573
104865.0,15.970854568,15.970854568,-1.2033281549761359
1049.0,10.778839464,10.778839464,-1.0325720037530404
104926.0,15.79741092995,15.79741092995,-1.1854762273816513
1050.0,4.976151626,4.976151626,-0.6740263598979979
105010.0,34.643967108,34.643967108,-1.539627617596603
105024.0,19.9929558999,19.9929558999,-1.2954926102316122
10509.0,4.9595095479,4.9595095479,-0.6954387306893365
1053.0,16.259032875950002,16.259032875950002,-1.210981447511966
1054.0,8.5598060119,8.5598060119,-0.9324639225140667
10555.0,4.30969261995,4.30969261995,-0.6323132937885538
10560335.0,10.287530676,10.287530676,-1.0123111432286047
10567.0,4.9202675999,4.9202675999,-0.6919887234989668
1057.0,12.9489332839,12.9489332839,-1.1122339932823513
1060.0,8.2461792999,8.2461792999,-0.9162527736026913
10601.0,2.7414203919,2.7414203919,-0.4379756389262195
10607.0,33.06444795395,33.06444795395,-1.517731811613761
10621.0,8.8678925319,8.8678925319,-0.9478204213520561
10624.0,16.991733768,16.991733768,-1.2302376947877738
10631.0,92.9526805426,92.9526805426,-1.9682619183475505
10635.0,13.97445959205,13.97445959205,-1.145084565235421
10636633.0,15.2101427999,15.2101427999,-1.1821332914308724
10638.0,34.6237940441,34.6237940441,-1.539374655744312
106428.0,11.681970024,11.681970024,-1.0675160875030512
10648.0,10.9163824119,10.9163824119,-1.0380787410386234
10664.0,3.5559942919,3.5559942919,-0.5509610551670394
106705.0,30.618393376,30.618393376,-1.48598239843789
106729.0,7.8574885839,7.8574885839,-0.8952837587061195
10680.0,18.117318937900002,18.117318937900002,-1.2580841425003466
10685477.0,14.297076264,14.297076264,-1.1552472338122657
10687.0,6.034688364,6.034688364,-0.7806548477076547
10690.0,9.4195944999,9.4195944999,-0.9740322074376383
10693.0,9.128377411950002,9.128377411950002,-0.9602865980212429
10695.0,18.6627514039,18.6627514039,-1.270975671106349
10698.0,13.195120652,13.195120652,-1.120413365625282
107.0,16.79598398,16.79598398,-1.225205451736269
10704.0,9.6598707159,9.6598707159,-0.9849713140193284
10708.0,14.1110260439,14.1110260439,-1.149558593414383
107080.0,11.964428787900001,11.964428787900001,-1.0759129018530253
10712.0,12.6743010801,12.6743010801,-1.102924019648377
10718.0,7.58288403595,7.58288403595,-0.7886518653060974
10721.0,5.8170042359,5.8170042359,-0.7636786706873466
107217.0,8.68536398795,8.68536398795,-0.9018830488539535
10722.0,23.1535881161,23.1535881161,-1.22085478862368
10724.0,7.185256656,7.185256656,-0.8159250738922824
107282.0,8.8907525259,8.8907525259,-0.9470466129994879
10754.0,28.062508328950003,28.062508328950003,-1.43882098205698
10757.0,21.7866496839,21.7866496839,-1.33819045027082
10761.0,2.769546368,2.769546368,-0.44240864054172574
10762.0,4.6437488439,4.6437488439,-0.666868722983431
107646.0,11.5445441359,11.5445441359,-1.0623767884292956
10771.0,108.8246344562,108.8246344562,-2.036727217029327
107720.0,9.2589016459,9.2589016459,-0.8107664674485477
10780.0,20.0748670044,20.0748670044,-1.138033499752761
107807.0,10.087520522,10.087520522,-0.9931535681246473
10781.0,7.1375369199000005,7.1375369199000005,-0.8524587023687835
107867.0,31.1188852879,31.1188852879,-1.4930240316986099
107882.0,6.0146986639,6.0146986639,-0.7792138740892254
107930.0,39.1775725579,39.1775725579,-1.5930375236094994
107999.0,10.9330569799,10.9330569799,-1.038741611526652
1080.0,16.0261205679,16.0261205679,-1.204828405706695
108005.0,21.979667944,21.979667944,-1.3420211270693736
108013.0,5.693485758,5.693485758,-0.7530872369859318
108143.0,24.101133708,24.101133708,-1.3820374720996826
108150.0,11.7026768799,11.7026768799,-1.0682852139852517
108173.0,9.9663639959,9.9663639959,-0.9768928421003242
108188.0,6.2286875119000005,6.2286875119000005,-0.794396421164048
10824.0,7.21423902,7.21423902,-0.8581905271350233
108242.0,18.647627296,18.647627296,-1.1145184119145362
10830.0,11.747005056,11.747005056,-1.069927155676149
108312.0,8.5797772319,8.5797772319,-0.933476011833257
10832.0,25.123271168,25.123271168,-1.400076185929812
10843.0,14.6453710041,14.6453710041,-1.1657003779290223
10850.0,13.797813824,13.797813824,-1.1398102806486279
10855.0,172.6829401632,172.6829401632,-2.2372494345046325
10867.0,13.672298552,13.672298552,-1.1358415331877032
108675.0,15.41521144595,15.41521144595,-1.1845714644324417
10868.0,27.171281446549997,27.171281446549997,-1.4338379901974871
10870.0,9.87541590595,9.87541590595,-0.9862732254934583
10883.0,12.0191410521,12.0191410521,-1.0798734319210954
10885665.0,24.0460560399,24.0460560399,-1.3810438549066082
10887985.0,7.001294158,7.001294158,-0.7548891234272026
10890.0,12.0480870679,12.0480870679,-1.0809180973835084
10891.0,34.1282793632,34.1282793632,-1.1726606505815522
10898.0,10.7337438199,10.7337438199,-1.0307512258558542
10900.0,11.8053295159,11.8053295159,-1.072078113815408
10907.0,6.1011182759,6.1011182759,-0.7854094442798509
10908.0,6.86995411,6.86995411,-0.736241553963644
10914.0,6.433488704,6.433488704,-0.8084465427557361
10921.0,25.749258848,25.749258848,-1.4107647330721151
10941.0,25.0789889562,25.0789889562,-1.228212793184015
10943.0,8.96568820395,8.96568820395,-0.9227633122936412
10944.0,6.772273044,6.772273044,-0.8307344596424506
10949.0,5.5,5.5,-0.7403626894942439
10953.0,12.87570479595,12.87570479595,-1.0036255899487372
10958.0,3.356998688,3.356998688,-0.525951171514777
10958189.0,5.494469324,5.494469324,-0.6754642029862977
10963.0,8.35092322,8.35092322,-0.9217344907156596
10967.0,5.407229316,5.407229316,-0.7329747880260785
10976.0,22.7895015279,22.7895015279,-1.3577348260118824
10996.0,16.1479273559,16.1479273559,-1.2081167869977059
11.0,11.920290624,11.920290624,-1.0762868438992579
11002.0,4.3419217359,4.3419217359,-0.6376819909348234
11005.0,15.820695444,15.820695444,-1.1992255702396182
11006.0,12.163354475950001,12.163354475950001,-1.084210952055773
11007.0,23.186007664,23.186007664,-1.3652259750821631
11009532.0,19.755896344,19.755896344,-1.2956967388224265
11040.0,9.839765452,9.839765452,-0.9822077610501411
11048104.0,11.7141495,11.7141495,-1.0687107623426781
11051686.0,17.6433179119,17.6433179119,-1.2465802596695086
11061.0,9.543814772,9.543814772,-0.9797220018820131
11065.0,19.7849768161,19.7849768161,-1.2963355456990524
11074.0,10.113409548,10.113409548,-1.0048975945871257
11074431.0,39.5372714,39.5372714,-1.5970066938898095
110747.0,12.056417341949999,12.056417341949999,-1.0805911487402446
11075478.0,12.19449245605,12.19449245605,-1.0753009771589916
11078.0,9.6484010159,9.6484010159,-0.9844553457261337
11082.0,10.9288549359,10.9288549359,-1.0385746613942557
110823.0,2.36798936,2.36798936,-0.37437974665575174
11088.0,10.577311277949999,10.577311277949999,-1.008887111136015
11089.0,5.917623032,5.917623032,-0.7721472960161175
11093.0,6.934038052,6.934038052,-0.8409862206097175
11097730.0,129.9687227547,129.9687227547,-2.11383885100403
1110.0,8.665774628,8.665774628,-0.9378073900885331
11102.0,9.0633304999,9.0633304999,-0.9572878170960848
111032.0,3.9754898639,3.9754898639,-0.5993906504970868
111037.0,9.808845444,9.808845444,-0.9916178914973285
11104.0,10.09935907595,10.09935907595,-0.9784121919264213
11107.0,8.33128876795,8.33128876795,-0.6910366821309993
11123.0,2.1231430199,2.1231430199,-0.3269792502476262
11124.0,14.58753366,14.58753366,-1.1639818711672498
111332.0,36.272748855,36.272748855,-1.559580468933663
11137.0,7.497229256,7.497229256,-0.8749007912373952
11140605.0,7.6028005999,7.6028005999,-0.8809736003119899
11147.0,9.1698387259,9.1698387259,-0.7986522579489286
11159638.0,36.896455572,36.896455572,-1.566984648016606
11164.0,8.29284119995,8.29284119995,-0.7938530391020497
11167.0,16.483265396,16.483265396,-1.2145728890160832
11169.0,14.00445466,14.00445466,-1.146266201859052
11171745.0,12.1616738359,12.1616738359,-1.0849933518830754
11171853.0,11.246562628,11.246562628,-1.0510198060205964
11173.0,9.46770934,9.46770934,-0.9701637686625617
11174.0,18.253194636,18.253194636,-1.2613388847578832
1118.0,3.2483363839,3.2483363839,-0.5116609965873327
11181836.0,44.8021990983,44.8021990983,-1.6512993316949562
11192.0,8.9103585559,8.9103585559,-0.9498951805481758
11193251.0,17.7399132359,17.7399132359,-1.24895149141104
112039.0,18.7534510881,18.7534510881,-1.2730812000959126
11210.0,6.7069818119,6.7069818119,-0.8265271286155619
11219835.0,239.59173750635,239.59173750635,-2.3794662314291264
11224.0,5.8941054599,5.8941054599,-0.7704179021692994
112264.0,2.848295744,2.848295744,-0.4545850809335478
11229.0,9.5412419559,9.5412419559,-0.979604909241642
11230.0,14.545165292,14.545165292,-1.162718660955757
112322.0,4.589694196,4.589694196,-0.661783750152932
11236.0,3.16581938,3.16581938,-0.5004861333605226
11241.0,26.613661076,26.613661076,-1.4251046218545615
112412.0,13.791528381950002,13.791528381950002,-0.9933527199754624
11243457.0,4.8538778999,4.8538778999,-0.6860888473839215
11243969.0,11.8233611321,11.8233611321,-1.0727409548549114
11245.0,20.65199424595,20.65199424595,-1.0829149550588353
11251.0,8.557380488,8.557380488,-0.9273665173713692
11254899.0,3.7729401441,3.7729401441,-0.5766799153803547
11273.0,10.135217888,10.135217888,-1.005833089638688
11284883.0,7.41843307795,7.41843307795,-0.8319710861496883
11285653.0,8.5228243081,8.5228243081,-0.9305835358661422
11288.0,5.0490845359,5.0490845359,-0.7032126420695302
11289.0,11.6424126659,11.6424126659,-1.0653147767198967
113027.0,10.92961819795,10.92961819795,-1.038535829710276
113033.0,13.80242256995,13.80242256995,-1.112521675431017
11310.0,15.470592164,15.470592164,-1.18950693739915
11317.0,7.1816893,7.1816893,-0.8562266124004241
11321106.0,18.06234696795,18.06234696795,-1.2312587749076338
11328.0,9.8843715759,9.8843715759,-0.9949490631494818
1133.0,14.412243068,14.412243068,-1.1587315780550924
11335.0,11.354676376,11.354676376,-1.0551747607380262
11346.0,4.1950653479,4.1950653479,-0.6227387303640823
11357.0,8.772227844,8.772227844,-0.9431099032274273
1136.0,7.3100069079,7.3100069079,-0.8639177873629814
113606.0,17.6507932279,17.6507932279,-1.2467642273872375
11368.0,12.45509716,12.45509716,-1.09534711973983
11369.0,11.0742894479,11.0742894479,-1.0427226173202744
11387.0,7.894954368,7.894954368,-0.897349624175463
1140.0,10.6461194999,10.6461194999,-1.0164361998916438
11402127.0,80.59936631355001,80.59936631355001,-1.9026604292818154
114129.0,6.172039968,6.172039968,-0.7904287297413457
11424151.0,4.99972299195,4.99972299195,-0.6986322410492951
11424880.0,5.9820027159,5.9820027159,-0.7768466058701766
11432.0,7.254254156,7.254254156,-0.8605927672100537
11437710.0,12.6641323,12.6641323,-1.1025754388773437
11442.0,10.3133869361,10.3133869361,-1.013401311850404
11443.0,15.115724887999999,15.115724887999999,-1.1523385302009408
11450.0,5.4740604599,5.4740604599,-0.7383095897960525
11459786.0,6.9060886639,6.9060886639,-0.8392321497440076
11463.0,2.0478636959,2.0478636959,-0.31130104698715777
114644.0,10.876527864,10.876527864,-1.0364902767804236
11472813.0,30.17699096195,30.17699096195,-1.4790881622162306
1148.0,13.847011012,13.847011012,-1.141356037581873
11487.0,10.497690652,10.497690652,-1.0210937707460037
11488.0,39.27302993795,39.27302993795,-1.5940908732354742
11492406.0,6.7883510959499995,6.7883510959499995,-0.7899147943814306
114994.0,10.601772804,10.601772804,-1.025378493059022
11505.0,7.136185864,7.136185864,-0.8534661528392538
11507.0,9.43339929805,9.43339929805,-0.9334897853413531
115089.0,4.406230096,4.406230096,-0.644067172527385
11509.0,8.975279304,8.975279304,-0.8439323348285862
115162.0,10.5813023559,10.5813023559,-1.0245391243316602
115224.0,16.463236822,16.463236822,-1.2162150471766713
115227.0,27.9135681881,27.9135681881,-1.4458153558491675
11524680.0,7.7539935559,7.7539935559,-0.889525435742866
11534.0,17.91524266,17.91524266,-1.253222695013168
115366.0,6.773361442,6.773361442,-0.7786432663648339
11545.0,19.86558734795,19.86558734795,-1.2903035947483743
11548.0,8.09236472,8.09236472,-0.9080754480377146
11556911.0,11.350598701900001,11.350598701900001,-1.0485970978467898
11569.0,11.580996144,11.580996144,-1.0637459170110948
11579.0,5.3234701759,5.3234701759,-0.726194825327602
11595.0,10.46052298995,10.46052298995,-1.0155903330148588
11598.0,11.5,11.5,-1.0606978403536116
11604.0,22.6263644999,22.6263644999,-1.3546147791218082
11622.0,9.374273302,9.374273302,-0.971928087852555
11650.0,4.8012506239,4.8012506239,-0.6813543766077672
116529.0,15.8314122681,15.8314122681,-1.1995196585695544
11658860.0,4.3393082359,4.3393082359,-0.6374205006468271
11659.0,14.03908540195,14.03908540195,-0.990405156260199
11660.0,8.225542308,8.225542308,-0.9151645404952992
11671.0,7.592531676,7.592531676,-0.8803866124682498
11674.0,7.295006051950001,7.295006051950001,-0.8469092550616422
116814.0,11.249965416,11.249965416,-1.0511511873661858
11683.0,63.9803363014,63.9803363014,-1.806046234623902
11684.0,12.113441892,12.113441892,-1.083267560345251
11693.0,7.93853485995,7.93853485995,-0.8944404988873409
11696.0,12.7045236199,12.7045236199,-1.1039583850001211
11700495.0,18.50384631595,18.50384631595,-1.158529922490895
11701.0,14.900213545899998,14.900213545899998,-1.1702691803786982
11705034.0,26.57428106605,26.57428106605,-1.4213031584407747
11723708.0,14.6226992919,14.6226992919,-1.1650275490493898
11729.0,27.475056084000002,27.475056084000002,-1.427722337983107
117291.0,134.4326312619,134.4326312619,-2.1285046992005854
11733.0,11.210800832,11.210800832,-1.0195738106153507
11734.0,14.4236877639,14.4236877639,-1.1590763124468058
1174.0,9.79544798,9.79544798,-0.9910243025863029
11742.0,6.839265564,6.839265564,-0.8350094674178687
11746.0,11.275009952,11.275009952,-1.0521169338845238
11748.0,24.091258012,24.091258012,-1.3818594788445353
1175.0,4.894432328,4.894432328,-0.6897023281894845
11750.0,9.3279727279,9.3279727279,-0.9697872676743885
117549.0,8.7799826479,8.7799826479,-0.9434936575998696
1176.0,10.6262401239,10.6262401239,-1.0263764785810956
11761.0,11.3114776759,11.3114776759,-1.053519342730078
11764.0,11.30879242,11.30879242,-1.04956078636839
117640.0,14.029600944,14.029600944,-1.1470453181927562
11767.0,7.269350272,7.269350272,-0.8590496036794139
11769.0,22.974492347949997,22.974492347949997,-1.3611322830719268
11769095.0,143.1762344428,143.1762344428,-2.155870936219696
117734.0,10.32285901995,10.32285901995,-0.9688061617107812
11774.0,15.313922439949998,15.313922439949998,-1.1833358695504739
11776.0,10.6830323879,10.6830323879,-1.0286945450526195
117822.0,15.94973838395,15.94973838395,-1.1964992076614251
11784975.0,16.75447485795,16.75447485795,-1.192078704901986
117915.0,8.57473925995,8.57473925995,-0.9066662338260143
11796.0,56.8498446426,56.8498446426,-1.7547292821995895
117965.0,3.024186692,3.024186692,-0.48060859794118316
11799.0,6.945689856,6.945689856,-0.8417153869743154
11803.0,6.8689271679,6.8689271679,-0.8368889115217495
11807.0,75.55501211650001,75.55501211650001,-1.6572138542232868
11808.0,5.48937702,5.48937702,-0.7395230599094238
11813.0,11.8832019959,11.8832019959,-1.0749334795155343
118193.0,10.167315984,10.167315984,-1.0072063209481197
118264.0,9.841591757949999,9.841591757949999,-0.9713111029590683
1183.0,11.2042570119,11.2042570119,-1.049383062448009
11831.0,6.319589488,6.319589488,-0.8006888680154951
11832800.0,7.630633014,7.630633014,-0.8675874722852528
118379.0,28.44257468,28.44257468,-1.4539689070614437
11843.0,6.095344992,6.095344992,-0.7849982913952114
11850.0,11.383637107999999,11.383637107999999,-1.0157872746175531
11855.0,9.927085064,9.927085064,-0.9968217433127309
11858.0,11.9169113919,11.9169113919,-1.076163710163767
11859.0,11.4464125559,11.4464125559,-1.0586693948592774
11860.0,17.369344855999998,17.369344855999998,-1.1829009376677706
11867.0,5.8620242759,5.8620242759,-0.7680476126127516
11875.0,12.639170226000001,12.639170226000001,-1.0789883967428022
11876263.0,27.703023273,27.703023273,-1.433205677485772
119.0,10.674039776,10.674039776,-1.028328816836046
119020.0,8.158961648,8.158961648,-0.9116348916904035
11906.0,3.0081322640000003,3.0081322640000003,-0.47180026109119627
11907.0,9.63599838995,9.63599838995,-0.964910378218534
11909.0,15.242606544,15.242606544,-1.1830592393711472
11910.0,2.0155045799,2.0155045799,-0.30438378935239807
11914.0,4.615059248,4.615059248,-0.6641772808579862
119171.0,7.2678632119,7.2678632119,-0.8614067448775957
11921.0,86.0997256619,86.0997256619,-1.9350017676706952
11927.0,12.9966933199,12.9966933199,-1.113832871107484
11937.0,63.28198202755,63.28198202755,-1.7901730764162194
119442.0,7.07579698,7.07579698,-0.8497753635634904
119525.0,15.197388479899999,15.197388479899999,-1.1406797148777121
11954258.0,11.829903181999999,11.829903181999999,-1.0585622289666432
11954316.0,15.8864165199,15.8864165199,-1.2010259449641452
11955.0,23.1366528839,23.1366528839,-1.364300530968623
11956149.0,19.148491248,19.148491248,-1.2821345606293677
11957.0,12.362927532,12.362927532,-1.092121323539749
11957593.0,11.547237108,11.547237108,-1.0624780835971217
11957635.0,8.3964085399,8.3964085399,-0.9240935616764011
11957654.0,36.233319416,36.233319416,-1.5591081225527712
11957669.0,8.72927391195,8.72927391195,-0.8972511968996465
11957707.0,100.9070757671,100.9070757671,-2.0029530954571415
119583.0,19.68954897595,19.68954897595,-1.2932623528424791
119607.0,10.673958449899999,10.673958449899999,-1.024069239833747
11966.0,13.4895033679,13.4895033679,-1.1299959608986752
119716.0,9.0190306079,9.0190306079,-0.9551598607942399
11972.0,6.6719948199,6.6719948199,-0.8242557004459714
11990.0,187.6766105319,187.6766105319,-2.2734101514179543
12001.0,11.173838108,11.173838108,-1.0140141458504097
12002.0,7.25399366,7.25399366,-0.860577171670633
12004215.0,10.731266997999999,10.731266997999999,-1.0300203970275823
120070.0,7.8700390239,7.8700390239,-0.8959768858307817
12008.0,14.3969804,14.3969804,-1.1582714134054604
120081.0,48.8198530572,48.8198530572,-1.6885964679008496
120101.0,23.321193828,23.321193828,-1.3554658457451172
1201518.0,4.172350876,4.172350876,-0.620380823508824
1201549.0,5.967494192,5.967494192,-0.7757920049919755
120203.0,19.58751956795,19.58751956795,-1.2896460375883227
12021.0,11.367976036,11.367976036,-1.0556831494159005
12025.0,12.08588589795,12.08588589795,-1.045871051139798
12035.0,14.47231910195,14.47231910195,-1.045474965304967
12038941.0,9.2304840319,9.2304840319,-0.9652244753348543
12040508.0,2.8962803079,2.8962803079,-0.46184059146263573
12053.0,10.15545016,10.15545016,-1.0066991791116682
12056759.0,11.0307703959,11.0307703959,-1.042605844897524
12056760.0,7.2452930759,7.2452930759,-0.8600559576017852
12059.0,9.279353776,9.279353776,-0.9675177325454267
12059922.0,5.6310674799,5.6310674799,-0.7505907317403363
12062.0,8.501791344,8.501791344,-0.9295104420494281
12069.0,4.7029666839,4.7029666839,-0.67237190218864
12076.0,13.1562909119,13.1562909119,-1.1191334680362213
12077313.0,11.88611129205,11.88611129205,-0.989175157929072
12078.0,21.588762708,21.588762708,-1.3342277528258453
12088.0,13.737169324,13.737169324,-1.137897251383099
12089.0,43.7266648821,43.7266648821,-1.6407463541219873
12095229.0,4.656509068,4.656509068,-0.6680604530288394
12100.0,12.668658256,12.668658256,-1.1027306209709
12101.0,6.202987044,6.202987044,-0.7492574322489496
12104.0,13.591208456,13.591208456,-1.1332529044421382
121097.0,38.506286813399996,38.506286813399996,-1.5854423214348263
12111.0,13.6473478319,13.6473478319,-1.1350482606160586
12113.0,23.593219308000002,23.593219308000002,-1.3607852611313058
12124.0,15.62495425195,15.62495425195,-1.1795196805921313
12127.0,24.189231166549998,24.189231166549998,-1.1797091292596222
12130.0,7.47812602595,7.47812602595,-0.8122048775332871
12148.0,6.8466815241,6.8466815241,-0.835480126970172
12148754.0,5.954239156,5.954239156,-0.7748262743895101
12150.0,12.256103256000001,12.256103256000001,-1.0584773871044737
12161.0,11.880955164,11.880955164,-1.0748513569565665
12170.0,11.20048694,11.20048694,-1.0492369039878617
12180.0,4.87847129595,4.87847129595,-0.6418543490344548
12184311.0,38.1139848319,38.1139848319,-1.581084356802484
12185.0,3.514249008,3.514249008,-0.5458325309125316
12198.0,9.764244432,9.764244432,-0.9896386427381942
122077.0,45.57642883035,45.57642883035,-1.6579975976318857
122125.0,49.4690242199,49.4690242199,-1.6943333439584312
12213639.0,20.614942784,20.614942784,-1.314182133771015
122188.0,14.086903072,14.086903072,-1.1488155263546722
12228.0,6.981350784,6.981350784,-0.8359195121022799
12232.0,20.48282229395,20.48282229395,-1.148184777891634
12244.0,10.8138149739,10.8138149739,-0.9648302054202935
12248306.0,7.3481854679,7.3481854679,-0.8661801093470289
122499.0,8.137174596,8.137174596,-0.9104736345732063
12251.0,12.85795807795,12.85795807795,-1.0845135361843767
12252.0,22.4516726779,22.4516726779,-1.3111182508130743
12257.0,18.1113857999,18.1113857999,-1.2579516818007392
122600.0,4.454807188,4.454807188,-0.6488289117399495
122612.0,18.2448750481,18.2448750481,-1.2611408934005028
12266.0,21.191376084,21.191376084,-1.3261591589894022
122685.0,18.82195331205,18.82195331205,-1.2685900059580177
12276.0,7.5377602319,7.5377602319,-0.8763929254162883
122797.0,32.139270315,32.139270315,-1.5070360123848117
12281.0,4.814212756,4.814212756,-0.6825252792740877
122824.0,15.6379945559,15.6379945559,-1.194181057601687
122903.0,6.3518172319,6.3518172319,-0.8028979931471155
12296.0,17.3104719639,17.3104719639,-1.2383089089223707
12301.0,5.5038600159,5.5038600159,-0.7099254850385386
12305037.0,8.876995744,8.876995744,-0.9482660116615551
12305761.0,63.4850130475,63.4850130475,-1.8026712131821556
12308.0,9.84435666195,9.84435666195,-0.9808886530707366
12328.0,10.20242165,10.20242165,-1.0084864026635731
12329.0,14.6875702961,14.6875702961,-1.1669499581952343
12332.0,11.88930353995,11.88930353995,-1.0521641936385813
12342.0,5.3089632399,5.3089632399,-0.7250097182279802
12344.0,9.010912888,9.010912888,-0.9547687912163205
123458.0,7.1828162119,7.1828162119,-0.8562947541990205
12348.0,7.788513324,7.788513324,-0.886003507003581
12358480.0,11.24625215605,11.24625215605,-1.0497529133829093
123619.0,22.8200553279,22.8200553279,-1.3583166930433062
12366.0,32.2925163161,32.2925163161,-1.509101887681085
12368.0,5.756205354,5.756205354,-0.7599156546330866
123698.0,17.81947525595,17.81947525595,-1.2128918777858408
12372.0,6.6138382839,6.6138382839,-0.820453571698263
12374.0,11.126061648,11.126061648,-1.0463414619783529
12375.0,8.1126652319,8.1126652319,-0.9091635552409844
12377.0,10.3501288959,10.3501288959,-1.0149457583368535
123924.0,6.939285228,6.939285228,-0.8413147388234209
12394.0,5.531941228,5.531941228,-0.7428775574656755
12397.0,14.342770196,14.342770196,-1.1566330400797726
12398.0,12.4774071719,12.4774071719,-1.0961243475318239
12418.0,10.9467559519,10.9467559519,-0.8865070402573476
124246.0,50.5190290013,50.5190290013,-1.7034549946261683
12443.0,9.0798125879,9.0798125879,-0.9580768845474228
12463.0,10.59216449995,10.59216449995,-1.0037542711722938
12471.0,18.0167728,18.0167728,-1.2556770019222245
12478.0,14.656605428,14.656605428,-1.1660333963216558
124886.0,6.809238664,6.809238664,-0.8330985564784946
12512.0,7.547569056,7.547569056,-0.8778070952628787
12527.0,2.2602222999,2.2602222999,-0.3541511554624714
1252759.0,18.582177996,18.582177996,-1.2683866583136352
12530.0,11.341183288,11.341183288,-1.0546583692517026
12532.0,16.34818885995,16.34818885995,-1.2133033396591895
1254.0,15.729590816,15.729590816,-1.196717425187517
12542.0,13.2591571119,13.2591571119,-1.1225159167319698
12560.0,12.299267178000001,12.299267178000001,-1.0835601802600898
12561739.0,11.082837546,11.082837546,-1.0074088178521068
12566.0,9.595644524,9.595644524,-0.9820741509126351
12572.0,11.579216804,11.579216804,-1.0636791855396108
12574.0,5.1401059879,5.1401059879,-0.7109720741481067
12576.0,19.042054444,19.042054444,-1.279713802533717
12598086.0,19.414335844,19.414335844,-1.2881225381105208
12613.0,24.535617328,24.535617328,-1.3897969895136373
12620.0,28.111457156,28.111457156,-1.4488833578240294
12628.0,8.518809844,8.518809844,-0.9303789240756158
12629.0,18.9065148999,18.9065148999,-1.27661148129171
12635.0,20.55420506195,20.55420506195,-1.3023919741391197
12679.0,1.9448682439,1.9448682439,-0.2888901851551072
126941.0,11.1241435,11.1241435,-1.0462665825704196
1269845.0,8.8495639,8.8495639,-0.9469218695125006
12699.0,3.68540262195,3.68540262195,-0.555529049111197
12703.0,15.4176674599,15.4176674599,-1.1880186742389647
12713.0,9.440316958,9.440316958,-0.8269734005652228
12715.0,6.19175763205,6.19175763205,-0.7814695095817672
12733.0,10.5910863919,10.5910863919,-1.0249405106087235
12736.0,8.6931704641,8.6931704641,-0.9391781957752
12742.0,7.658306318,7.658306318,-0.8825222568877265
12744.0,19.399911484,19.399911484,-1.2877997483787798
12748.0,3.94382066995,3.94382066995,-0.5859342828848562
12749.0,22.62817815795,22.62817815795,-1.3298013648800135
12756.0,7.51495165995,7.51495165995,-0.8752706050844878
12769.0,21.38854280745,21.38854280745,-1.2580217872702188
12777.0,15.15323213995,15.15323213995,-1.1685220738030657
12793.0,9.44688297395,9.44688297395,-0.974471923455543
12797557.0,4.5733485119,4.5733485119,-0.6602342980410429
127998.0,14.40670856795,14.40670856795,-1.151514015252043
12810.0,9.106737476,9.106737476,-0.9468224714461387
12813.0,5.19314830195,5.19314830195,-0.7139225015956865
12837.0,13.2442500519,13.2442500519,-1.1220273716523053
12850184.0,8.50969322195,8.50969322195,-0.9275782255871412
12867.0,8.763226632,8.763226632,-0.9426640434351148
12868.0,5.911717168,5.911717168,-0.7717136481007122
128918.0,18.4218295879,18.4218295879,-1.2653327605226354
12901.0,3.912622676,3.912622676,-0.5924679675959423
12902.0,23.3413670039,23.3413670039,-1.359958318919754
129209.0,13.9119270519,13.9119270519,-1.143387291749087
129228.0,8.45102792205,8.45102792205,-0.9249487794766997
129319.0,5.441213266,5.441213266,-0.7314583044590245
12932.0,14.87969957395,14.87969957395,-1.1500509069575813
12938.0,11.6123824601,11.6123824601,-1.064921331118958
12942137.0,10.29394012,10.29394012,-1.011074702783152
12947.0,5.533213284,5.533213284,-0.7429774109116092
12958.0,5.377343248000001,5.377343248000001,-0.7186874336414946
12968.0,4.357712933949999,4.357712933949999,-0.6319194889005418
12971008.0,22.585293624,22.585293624,-1.3538257410543326
12977.0,6.810500224,6.810500224,-0.833179011552217
129791.0,10.27963054595,10.27963054595,-0.9932304022296775
12989.0,8.4197664659,8.4197664659,-0.888895153669371
12991988.0,6.481594168,6.481594168,-0.8116818350707895
12998.0,4.023644868,4.023644868,-0.604619642357489
129991.0,13.1126976639,13.1126976639,-1.1176920479084984
13.0,6.6232888638,6.6232888638,-0.8210736964961758
13000.0,29.419762364,29.419762364,-1.4686391604234517
130313.0,9.898511891950001,9.898511891950001,-0.970871780602854
13032.0,7.3631977479,7.3631977479,-0.8670664641557114
13065.0,30.84601452025,30.84601452025,-1.3424155931971145
13075.0,3.3161004100500002,3.3161004100500002,-0.4931564671260775
13081.0,12.173875314,12.173875314,-1.0829870139370779
13089.0,17.780284232,17.780284232,-1.2499386992327624
13097.0,12.1144532599,12.1144532599,-1.0833038186743913
13109.0,11.75737909795,11.75737909795,-1.0702632939674155
13132266.0,17.11147169195,17.11147169195,-1.2286878078517642
13134.0,8.46721439395,8.46721439395,-0.9189414891903596
13144.0,8.300985924,8.300985924,-0.9191296774271354
13150.0,8.785429534,8.785429534,-0.942824500989853
131535.0,8.82709126395,8.82709126395,-0.9040039960538806
13165.0,35.701294583700005,35.701294583700005,-1.5525664364353469
13166.0,20.947871182,20.947871182,-1.2238988943063092
131746.0,18.1958036319,18.1958036319,-1.2599712413013322
13192.0,7.485855924,7.485855924,-0.8742414642406113
13195.0,17.61920256,17.61920256,-1.2459862484784816
13203.0,5.4385732159,5.4385732159,-0.7354849795263425
13214.0,33.08904579995,33.08904579995,-1.5169701755672813
13218777.0,11.80923052195,11.80923052195,-1.0624892615970132
13218779.0,26.84285021435,26.84285021435,-1.3249952767418085
13220.0,6.98902462,6.98902462,-0.8444165703509616
13232.0,9.7331861079,9.7331861079,-0.9882550275838723
13240377.0,6.3645878239,6.3645878239,-0.8037702836217305
13246.0,7.5203904859,7.5203904859,-0.8083245848186682
13254.0,36.549518892,36.549518892,-1.5628816646338308
13263.0,15.1921650319,15.1921650319,-1.1816196694787122
13282.0,19.75724234195,19.75724234195,-1.0904273379918898
13283.0,13.61320500595,13.61320500595,-1.1222960187213067
13286.0,4.318007236,4.318007236,-0.6352833657777947
132916.0,9.6637803601,9.6637803601,-0.9851470506768322
133264.0,50.2928565279,50.2928565279,-1.7015063033296705
133621.0,10.8062351479,10.8062351479,-1.0336744137236535
13363.0,18.8184515059,18.8184515059,-1.1889681643141452
13382.0,12.0750160519,12.0750160519,-1.0818877167524905
13387.0,8.202867748,8.202867748,-0.9139657096276709
133914.0,27.495234024,27.495234024,-1.4392574205045063
13400.0,15.53065737805,15.53065737805,-1.1038080463950024
134018.0,236.6148791137,236.6148791137,-2.3740420510011173
13428.0,10.569617948,10.569617948,-1.0240592894763845
13432.0,9.0232400079,9.0232400079,-0.9553625092595269
13436.0,7.213433024,7.213433024,-0.8581420037676315
1345.0,11.9916905439,11.9916905439,-1.0788804126345277
13450.0,11.3136021381,11.3136021381,-0.9507517849181519
134601.0,10.013910456,10.013910456,-1.0004150079168836
134669.0,9.5082147479,9.5082147479,-0.9780989819302232
13487610.0,9.353859095999999,9.353859095999999,-0.9508143936806338
1349907.0,14.1004438919,14.1004438919,-1.1492327847666053
135.0,6.6309122419,6.6309122419,-0.8215348032982945
135191.0,8.8575687559,8.8575687559,-0.9473145321812887
13522.0,10.470340884,10.470340884,-1.0199608212805806
135242.0,5.938649272,5.938649272,-0.7736876772331023
13539.0,13.2942640859,13.2942640859,-1.1098300930121754
13542.0,8.1986361,8.1986361,-0.9137416104921812
1355.0,9.1712800039,9.1712800039,-0.9624299528822733
13551.0,9.299499868,9.299499868,-0.968459592596042
13578.0,25.1928024599,25.1928024599,-1.3813106812233955
13583.0,9.365879092,9.365879092,-0.807751972109549
13586.0,17.624815748,17.624815748,-1.2461245855190308
13594.0,2.2576787759,2.2576787759,-0.35366215026472037
13610.0,11.355111812,11.355111812,-1.0551914150062631
13617.0,11.168616492,11.168616492,-1.0479993783883437
13618.0,18.7501575979,18.7501575979,-1.2469183771698173
13624.0,17.3428758999,17.3428758999,-1.2391211164328126
13638937.0,19.1674193401,19.1674193401,-1.282563644343914
13649426.0,14.7944877199,14.7944877199,-1.1700999316952037
13654.0,7.713381264,7.713381264,-0.8872447985943447
13671.0,13.467435087950001,13.467435087950001,-1.1254984945070916
13676.0,22.552985232,22.552985232,-1.353204035525608
13689.0,18.128906524,18.128906524,-1.2583716096711002
13690.0,7.97743434795,7.97743434795,-0.9016842701939618
13709.0,7.0206181959,7.0206181959,-0.8463753553274385
13728.0,7.09605724,7.09605724,-0.8510171100530783
13755.0,15.4011309879,15.4011309879,-1.1871196701275433
137601.0,8.999123772,8.999123772,-0.9527965697995714
13765.0,14.4342077039,14.4342077039,-1.159392950373465
13769.0,14.392815404,14.392815404,-1.1581457553559984
137994.0,14.06237617195,14.06237617195,-1.1113577395474727
13831.0,8.732784506049999,8.732784506049999,-0.9411099022471379
13836.0,8.4020377079,8.4020377079,-0.9243846262969679
13838.0,8.7911654319,8.7911654319,-0.9395080738629076
138477.0,14.5301305399,14.5301305399,-1.162269516053257
13848.0,5.415526804,5.415526804,-0.7336407097040948
13849.0,23.026238884,23.026238884,-1.3622230059051743
13878.0,14.009186388,14.009186388,-1.1464129134825989
13905.0,30.818258438,30.818258438,-1.4779944308097401
13916.0,11.070647268,11.070647268,-1.0441730135348082
13930.0,2.8927645519,2.8927645519,-0.46131308695879647
13931.0,13.30993254995,13.30993254995,-1.0624967073670681
13953.0,16.913460836,16.913460836,-1.2266178235851082
13961743.0,18.767520736,18.767520736,-1.2734069043852543
14007922.0,24.5,24.5,-1.3891660843645324
14010333.0,19.641136292,19.641136292,-1.2931666092691811
14012.0,6.810730836,6.810730836,-0.8331937170540368
14017587.0,7.26413255,7.26413255,-0.8603949922727671
14025.0,3.9512752079,3.9512752079,-0.596737279519436
14050.0,19.923816236,19.923816236,-1.2993725274360124
14075.0,12.792818794,12.792818794,-1.1069092870465869
14079.0,9.100409272,9.100409272,-0.9590609242523344
14104.0,8.72082089,8.72082089,-0.8950602672867114
14127.0,71.61754799139999,71.61754799139999,-1.8497389161203452
14130.0,5.615794308,5.615794308,-0.7480256064050331
14138.0,32.98148889395,32.98148889395,-1.5181904467995386
14184.0,11.4584603599,11.4584603599,-1.0591262666610135
14205677.0,9.348802788,9.348802788,-0.9707559984815135
14215.0,11.85833520195,11.85833520195,-0.9761945651024803
14218.0,8.235824997950001,8.235824997950001,-0.9154800670630039
14219.0,181.9579761855,181.9579761855,-2.2599710977756486
14223.0,11.6752575159,11.6752575159,-1.0672664683817032
14228.0,11.381043788,11.381043788,-1.0561820942717766
14233.0,10.0392967899,10.0392967899,-0.9569305323125542
14236.0,6.584423408,6.584423408,-0.8185177501880517
14240.0,11.933438756,11.933438756,-1.0767656085957342
14242.0,13.654490396,13.654490396,-0.8861565266046385
14257.0,11.45780642,11.45780642,-1.0591014805566388
14257662.0,9.3304659639,9.3304659639,-0.9699033329745149
14264.0,6.498817134,6.498817134,-0.6919493665400087
142752.0,5.37276927,5.37276927,-0.7301300595780225
14276.0,28.2670694319,28.2670694319,-1.4512807856551704
14284.0,9.035055048,9.035055048,-0.9559308029367747
14286.0,6.83992074795,6.83992074795,-0.8007885583829093
142891.0,108.26476493940001,108.26476493940001,-1.841450165173442
14295.0,8.31069800595,8.31069800595,-0.8796815398574954
14306122.0,4.8626957039,4.8626957039,-0.6868770932877012
14337.0,12.8080501179,12.8080501179,-0.9933131141416791
14347.0,22.2217218119,22.2217218119,-1.34677770646967
14357.0,7.1786949041,7.1786949041,-0.8560454961271589
14369.0,20.324699968,20.324699968,-1.3080241432843716
14456.0,4.258745584,4.258745584,-0.6292816962453376
14503.0,12.136585076,12.136585076,-1.0840965045909294
14520.0,13.4257330599,13.4257330599,-1.1279380079788786
14525.0,17.89706598,17.89706598,-1.2527818391844896
14529.0,11.630013324,11.630013324,-1.065580212281016
14586.0,8.092863836,8.092863836,-0.9081022333653296
14589.0,14.0,14.0,-1.146128035678238
14642.0,5.931653384,5.931653384,-0.7731757651118634
146540.0,59.8298312416,59.8298312416,-1.776917777855497
146571.0,7.301178444,7.301178444,-0.8633929629179125
14708.0,13.356944408050001,13.356944408050001,-1.1253462314832525
14709.0,7.316065408,7.316065408,-0.8642775795554032
14716.0,12.37222234195,12.37222234195,-1.0890783361919887
14720269.0,56.0363006105,56.0363006105,-1.7484694564231955
1474.0,12.4054237399,12.4054237399,-1.0936116033327195
14743.0,17.997118208,17.997118208,-1.2525124028233
14759.0,11.154273312,11.154273312,-1.0474412817584833
14776.0,11.975983485999999,11.975983485999999,-1.0494726184414946
14782.0,20.8480169719,20.8480169719,-1.3159348069001364
1480.0,18.769982104,18.769982104,-1.2311610582918862
14802.0,22.013956556,22.013956556,-1.3426981050709947
148121.0,20.16299506,20.16299506,-1.3045550437168805
148124.0,5.8025658079,5.8025658079,-0.7636200745645377
148192.0,9.49580194,9.49580194,-0.9775316476838843
1483.0,35.3214489258,35.3214489258,-1.5434373209283245
14855.0,12.5852287199,12.5852287199,-1.0998611126843698
1486.0,4.115356472,4.115356472,-0.614407459746922
14868.0,15.747535224,15.747535224,-1.1972125884505003
14871.0,10.39633252995,10.39633252995,-1.01650841878113
1488.0,4.59991649795,4.59991649795,-0.6627408790592072
1489.0,41.1534696428,41.1534696428,-1.614406456393961
14899.0,9.22897629395,9.22897629395,-0.9284266167710178
14982.0,40.6664276679,40.6664276679,-1.609236023590728
14985.0,18.303210296,18.303210296,-1.2625272695971885
15004.0,4.173642384,4.173642384,-0.6205152340660189
15008.0,20.89089453795,20.89089453795,-1.319817330295876
15008962.0,11.31902484,11.31902484,-1.0538090129962914
15032.0,29.800052849150003,29.800052849150003,-1.3481922559706176
15037.0,7.679760028,7.679760028,-0.885347649700305
15046.0,3.85271293195,3.85271293195,-0.5825038948676814
15069.0,17.64213980795,17.64213980795,-1.2125637653864798
15074.0,2.2767228599,2.2767228599,-0.3573101681902673
15078.0,38.4428250241,38.4428250241,-1.5848152948991308
15088.0,8.582101008,8.582101008,-0.9335936217043292
15103.0,17.7411488239,17.7411488239,-1.2489817390428397
15109.0,10.33842995,10.33842995,-0.9979125883693302
151166.0,22.3947754,22.3947754,-1.3501467112089376
151170.0,11.008876352,11.008876352,-1.0417429939009695
151173.0,55.8046655306,55.8046655306,-1.7466705095019495
15122.0,3.285961596,3.285961596,-0.516662483401311
151318.0,13.41365972795,13.41365972795,-1.0607212798000474
15132.0,20.900136276,20.900136276,-1.320149117868081
15133.0,15.794080044,15.794080044,-1.1984943346761212
15144.0,18.728137428,18.728137428,-1.2724945875746783
15158.0,5.64501512,5.64501512,-0.7516651095070048
15165.0,6.4758938079,6.4758938079,-0.8112997185524329
151932.0,10.8745121359,10.8745121359,-1.0364097822759442
15209.0,182.0770845624,182.0770845624,-2.2568590814402
15260.0,10.1126208999,10.1126208999,-1.0048637267929434
15277.0,158.4173550988,158.4173550988,-2.199802758129509
15286.0,37.18300038335,37.18300038335,-1.3405407057437022
15287.0,17.291602785949998,17.291602785949998,-1.2185686280011754
15294.0,8.653913976,8.653913976,-0.9372125737915017
152943.0,13.821490092,13.821490092,-1.1405548667608951
15295.0,5.372206908,5.372206908,-0.7301527309646972
152951.0,24.0765935919,24.0765935919,-1.381595042017297
1533.0,7.26893589,7.26893589,-0.8609874273523394
15376.0,10.2805095999,10.2805095999,-1.012014642960734
15387.0,11.5263712999,11.5263712999,-1.0616926054327775
1539.0,32.2071610359,32.2071610359,-1.5079524447581698
153939.0,188.8971535537,188.8971535537,-2.276225413690838
15394.0,17.80521813395,17.80521813395,-1.2151126736357951
153941.0,13.6377738279,13.6377738279,-1.1347434837248718
154058.0,14.359104812,14.359104812,-1.157127365579882
15406.0,10.757478216,10.757478216,-1.0317104753048536
15407.0,6.4212631719,6.4212631719,-0.8076204695990659
15412.0,10.763504744,10.763504744,-1.0319537065669864
15413.0,4.68406538195,4.68406538195,-0.6659408738420072
154256.0,6.523039628,6.523039628,-0.8144500169050497
15427.0,31.978943464,31.978943464,-1.5048641112133907
15432.0,158.5962702492,158.5962702492,-2.2002929696824807
15436.0,21.8221475,21.8221475,-1.3388974869263763
15458.0,4.64341952,4.64341952,-0.6668379227336704
15461361.0,10.0685184759,10.0685184759,-1.0019080699500356
15466.0,12.6329465839,12.6329465839,-1.1015046598091653
1547484.0,16.2882058799,16.2882058799,-1.2118732500930243
1548887.0,4.347388816,4.347388816,-0.6382284837822525
1548943.0,66.1222766029,66.1222766029,-1.820347798000679
1549008.0,46.2941521774,46.2941521774,-1.6655261349167851
1549018.0,9.69408243995,9.69408243995,-0.949258064306216
1549025.0,2.95984722,2.95984722,-0.45802576215821844
1549026.0,21.0,21.0,-1.3222192947339193
1549133.0,101.8971752647,101.8971752647,-2.008162144909691
1549517.0,16.587172966,16.587172966,-1.2197723733729162
1549992.0,9.39145610995,9.39145610995,-0.9719395775734606
155032.0,30.52470581575,30.52470581575,-1.4751057542155972
1550489.0,5.24288646,5.24288646,-0.7195704527300502
1550823.0,5.56966528395,5.56966528395,-0.7455932212598345
1550874.0,10.63662745795,10.63662745795,-1.0267980536441075
15510.0,6.737880512,6.737880512,-0.8285233050364371
15512.0,23.5913307241,23.5913307241,-1.3727524389709547
1551245.0,9.4806740881,9.4806740881,-0.9768392173311414
15513.0,6.079450224,6.079450224,-0.7838643069900499
155143.0,29.99147348945,29.99147348945,-1.4436508521242106
155166.0,6.685767916,6.685767916,-0.825150152515506
15531.0,31.7364063001,31.7364063001,-1.3694393396981717
155434.0,5.4663182319,5.4663182319,-0.7376949113550113
15546.0,17.264758728,17.264758728,-1.168719209348306
15553.0,10.8967411079,10.8967411079,-1.0372966327594308
15558682.0,3.852529032,3.852529032,-0.5857459201717394
15559221.0,11.556780604,11.556780604,-1.0628368686308123
15560.0,10.519517148,10.519517148,-1.0219958059040533
15568.0,13.637812507949999,13.637812507949999,-1.134568018917538
15583.0,13.388159911999999,13.388159911999999,-1.1211925715997304
15595.0,8.53566126005,8.53566126005,-0.8922166883729789
15600.0,15.186167732,15.186167732,-1.1814481923731732
15605556.0,12.6224315279,12.6224315279,-1.1011430234843114
15615.0,24.1887826999,24.1887826999,-1.3836140130489984
15625.0,7.0018263799,7.0018263799,-0.8452113376220698
15627.0,12.736549236,12.736549236,-1.1050517788029015
15629.0,13.419685973950001,13.419685973950001,-1.0417144091197963
15630.0,54.00875625105,54.00875625105,-1.732336684653464
156391.0,2.661495808,2.661495808,-0.42512578647198923
156395.0,9.9740300559,9.9740300559,-0.9807056271881627
156418.0,3.3168983919,3.3168983919,-0.5207321677772351
156422.0,28.3332636786,28.3332636786,-1.4522966033227418
15659.0,10.6461168599,10.6461168599,-1.0271912290104332
15666.0,3.526720954,3.526720954,-0.5446083295229884
15678.0,10.102543452,10.102543452,-1.0044307270605648
15684.0,17.249039468,17.249039468,-1.2367649159100516
15723.0,9.599915356,9.599915356,-0.9822674038120489
15730.0,13.639679852,13.639679852,-1.1348041767616974
15763.0,17.7268671719,17.7268671719,-1.2486319905262036
15766.0,13.473379844,13.473379844,-1.1270731812822126
157690.0,16.402847248,16.402847248,-1.214919240533525
15787.0,12.521102196000001,12.521102196000001,-1.0971873481734464
157921.0,16.93156562395,16.93156562395,-1.1048308507087248
15797.0,26.685638161950003,26.685638161950003,-1.426128707112981
15816.0,7.860713227950001,7.860713227950001,-0.8913579375516141
15817.0,10.9289747159,10.9289747159,-1.038579421225755
1584822.0,63.9689961083,63.9689961083,-1.8059695352095626
158793.0,12.229278404,12.229278404,-1.087400831982604
15895902.0,23.1334322879,23.1334322879,-1.3560020451325467
159055.0,5.5372201159,5.5372201159,-0.7432917879548939
15906.0,4.4771597,4.4771597,-0.6510025859161161
15909.0,13.677745087200002,13.677745087200002,-1.1167702895768916
159278.0,15.34692696,15.34692696,-1.1860214262024504
15932798.0,5.62387417595,5.62387417595,-0.7495247271497254
15965.0,42.065244160300004,42.065244160300004,-1.4565894359582647
15967.0,9.637701184,9.637701184,-0.9839734569152103
159678.0,10.784697984,10.784697984,-1.0328079875731215
15969.0,8.243384252,8.243384252,-0.9161055442491151
15984075.0,14.4171379079,14.4171379079,-1.1588790527428476
159924.0,4.8875878879,4.8875878879,-0.6890945798948321
159977.0,56.5767208364,56.5767208364,-1.7526377723198634
15998.0,20.74252833395,20.74252833395,-1.3141755386955616
16002.0,7.24279470595,7.24279470595,-0.7862289003448772
160024.0,11.425935432,11.425935432,-0.9662656840968349
16003.0,11.25791344795,11.25791344795,-1.0398705726290227
16004.0,9.013652079949999,9.013652079949999,-0.9548103387307543
160138.0,4.6881273439,4.6881273439,-0.6709993999387766
16036578.0,151.2422858338,151.2422858338,-2.1796732325459858
16043.0,15.02867702,15.02867702,-1.1769207511655895
16051918.0,7.9442359719999995,7.9442359719999995,-0.8999953702561794
16051930.0,23.437498128,23.437498128,-1.369911096827823
16051931.0,19.9221974881,19.9221974881,-1.2993372409310278
16051933.0,8.522735212,8.522735212,-0.9305789958046038
16051941.0,21.621052436,21.621052436,-1.333922423543622
16051942.0,163.2283103172,163.2283103172,-2.2083680737422946
16051947.0,37.13926867165,37.13926867165,-1.569459884171406
16051954.0,39.4357693146,39.4357693146,-1.5958903174791912
16051969.0,7.89428214,7.89428214,-0.8973126439312303
16052011.0,12.10360077595,12.10360077595,-1.0821427356937137
16052015.0,30.3026484919,30.3026484919,-1.4814805880782276
16052038.0,20.649692364400003,20.649692364400003,-1.3064124356891849
16069365.0,7.714379244,7.714379244,-0.8763028810351903
16078.0,20.280421948,20.280421948,-1.307076986547971
160796.0,25.03162558995,25.03162558995,-1.3970592739405276
16097.0,8.12094629,8.12094629,-0.9096039946866654
16106.0,43.2692652279,43.2692652279,-1.6361795203390543
161104.0,22.5,22.5,-1.3521825181113625
16114800.0,23.771517976,23.771517976,-1.376056915323099
16116.0,17.4015683659,17.4015683659,-1.2391424863279124
16124.0,12.161939136,12.161939136,-1.0850028256705113
16129710.0,63.36710003265,63.36710003265,-1.7992636795393029
16135.0,6.60754399795,6.60754399795,-0.8001816469994456
16143.0,21.7304084681,21.7304084681,-1.3370678898628436
16158.0,196.2625381342,196.2625381342,-2.2928374109895673
16161315.0,7.1277874,7.1277874,-0.8529547375518524
16180.0,10.2337206281,10.2337206281,-1.0100335569266348
161803.0,11.0290039641,11.0290039641,-1.0425362928184756
16183.0,15.264198596,15.264198596,-1.1555741807798
161929.0,20.222776924,20.222776924,-1.3058407912136343
162012.0,11.092212648,11.092212648,-1.0450181868134825
162071.0,6.9834204859,6.9834204859,-0.8433507728406284
16210995.0,5.878331230000001,5.878331230000001,-0.7628123752655458
16211072.0,9.624711444,9.624711444,-0.9833877179044792
16211197.0,11.9963994559,11.9963994559,-1.0790509184583472
16211409.0,11.648981616,11.648981616,-1.0662879598784618
16211610.0,48.2090263739,48.2090263739,-1.6831283605908174
16212515.0,12.685977724,12.685977724,-1.1033239444607534
16212880.0,30.8150516881,30.8150516881,-1.4887629005378213
16217215.0,22.577426703950003,22.577426703950003,-1.3524866715180814
16218600.0,11.822716348,11.822716348,-1.072717270066011
16219127.0,96.5461146356,96.5461146356,-1.9847348008883599
16219385.0,20.3773016199,20.3773016199,-1.3091466738227364
16219744.0,26.08208876985,26.08208876985,-1.3290110682442677
16220118.0,15.5494221479,15.5494221479,-1.191714254286238
16224.0,7.95710469,7.95710469,-0.8840215322429981
16230.0,32.2017304013,32.2017304013,-1.4877040541025428
16231.0,51.786152065349995,51.786152065349995,-1.6834058895533741
16237.0,3.5308500039,3.5308500039,-0.5478792684375816
162381.0,20.1163014961,20.1163014961,-1.3035481360516592
16241.0,11.714591716,11.714591716,-1.0687271569041155
162461.0,7.879764337899999,7.879764337899999,-0.8922952024143247
16247.0,36.924381308,36.924381308,-1.567313227158729
16278.0,13.11270656205,13.11270656205,-1.1168760447209283
162834.0,23.516754156,23.516754156,-1.3713773790786
162839.0,7.231060936,7.231060936,-0.8592020213398576
16303.0,9.194272972,9.194272972,-0.9635173935271315
16305.0,15.65019187195,15.65019187195,-1.194305526247176
16306.0,10.91202591405,10.91202591405,-1.0378018492880117
163263.0,16.90829309995,16.90829309995,-1.2273847853090154
16329.0,12.113087592,12.113087592,-1.083135393277841
16351.0,10.5869695199,10.5869695199,-1.0247716627388086
163727.0,8.52547571595,8.52547571595,-0.9068016159448318
163751.0,19.67320061195,19.67320061195,-1.074126260924108
16387.0,15.390717433999999,15.390717433999999,-1.1636670169115533
1639.0,6.680273816,6.680273816,-0.8247942640235545
163934.0,9.87532989995,9.87532989995,-0.9866371875431759
16402.0,3.8151412759,3.8151412759,-0.5815106246520468
164072.0,78.4858585704,78.4858585704,-1.8947914134574297
16420.0,17.1386189159,17.1386189159,-1.2339758221747055
16421.0,20.554160188,20.554160188,-1.3128997368610338
164282.0,11.061281628,11.061281628,-1.043048073832277
164333.0,5.232159868,5.232159868,-0.7186810053333196
164457.0,23.7151090481,23.7151090481,-1.375025125988911
164486.0,22.898524152550003,22.898524152550003,-1.2610868466676717
16449.0,161.0306588868,161.0306588868,-2.2069085699309015
164512.0,9.2917702879,9.2917702879,-0.9680984645880969
164652.0,12.678595344,12.678595344,-1.1030711409162783
16490.0,203.147950166,203.147950166,-2.3078124445010406
165286.0,23.9448929199,23.9448929199,-1.379212899244547
16533.0,271.4481079012,271.4481079012,-2.433686818800938
16541.0,8.039315728,8.039315728,-0.9052190850419195
165457.0,12.502204224,12.502204224,-1.0969865888422494
16551.0,16.278288344,16.278288344,-1.2116087370497115
16562.0,5.944242728,5.944242728,-0.774096535153377
16574.0,15.1450841239,15.1450841239,-1.1802716899794787
165746.0,37.0,37.0,-1.568201724066995
16584.0,9.88581295595,9.88581295595,-0.9853207945677358
16590.0,17.0562593979,17.0562593979,-1.2113639824467688
16591.0,9.535139992,9.535139992,-0.979327073607174
16627.0,3.5088918199,3.5088918199,-0.545169979003463
16637.0,3.0148163639,3.0148163639,-0.4792608638812253
16640.0,16.4184258719,16.4184258719,-1.2153315164911813
16653.0,10.548877412,10.548877412,-1.0232062454428055
166589.0,13.2937926639,13.2937926639,-1.1236489010346078
16666.0,10.90193857795,10.90193857795,-1.0373796707870055
16667738.0,10.9489018999,10.9489018999,-1.0393705645891
16678045.0,18.901787016,18.901787016,-1.2765028652579025
16682734.0,9.672117856,9.672117856,-0.9855215798190735
16682738.0,16.0897998439,16.0897998439,-1.2065506415365417
16682839.0,7.740449716,7.740449716,-0.8887661936936722
16682987.0,16.7843437919,16.7843437919,-1.2249043665475263
16682993.0,4.856647484,4.856647484,-0.6863365816880626
16683.0,13.3908235179,13.3908235179,-1.1245859870355517
16683095.0,9.353174128,9.353174128,-0.970808544142683
16684880.0,14.312510944,14.312510944,-1.1557158317654999
16685.0,13.353362914,13.353362914,-1.120650161679173
16698.0,7.501338044,7.501338044,-0.8751387371644502
16700308.0,7.7589179239,7.7589179239,-0.8898011577985071
167180.0,22.23499758,22.23499758,-1.3470370865174606
1672.0,9.58757923395,9.58757923395,-0.9181992390722278
16720.0,9.5248212039,9.5248212039,-0.9788568320234133
16722126.0,9.8946287079,9.8946287079,-0.9953995021163827
16724.0,9.6519792799,9.6519792799,-0.984616380928962
16726.0,13.3160996199,13.3160996199,-1.124377035524208
16741.0,43.457113436,43.457113436,-1.6380608756786919
16749605.0,20.2357579761,20.2357579761,-1.3061194765147062
1676.0,5.4489862079,5.4489862079,-0.7363157086491071
16760141.0,15.8217089399,15.8217089399,-1.199253390861061
16760467.0,10.1386307919,10.1386307919,-1.005979308086743
16760569.0,169.3426430722,169.3426430722,-2.228766333885581
16760658.0,7.9008947460500005,7.9008947460500005,-0.8119881653772563
16760703.0,14.766126204,14.766126204,-1.1692665759560499
16773.0,7.412566512,7.412566512,-0.8551414281614453
1678.0,8.186975424,8.186975424,-0.9131234867084539
167980.0,4.6741440079,4.6741440079,-0.6697020886451833
168088.0,23.9263466959,23.9263466959,-1.3788763914285405
16821.0,185.93592012055,185.93592012055,-2.260851468088305
16834.0,96.9771881561,96.9771881561,-1.985898775765403
16837.0,214.7368250427,214.7368250427,-2.331906527628872
16846.0,12.9292476519,12.9292476519,-1.1115732541816645
16850.0,383.8522754525,383.8522754525,-2.5827451847986174
16872.0,154.0424169098,154.0424169098,-2.1709566435656313
168870.0,17.2979383279,17.2979383279,-1.2379943443905088
16891.0,14.43816325,14.43816325,-1.1460689648104134
16907.0,5.1450478319,5.1450478319,-0.7113894166171433
169132.0,3.1796886559,3.1796886559,-0.5023845974547847
16932.0,19.153495345899998,19.153495345899998,-1.2801424380833508
169371.0,68.735778059,68.735778059,-1.8371828530559433
16945.0,10.31482036,10.31482036,-1.0132247433323562
16949.0,10.433749982,10.433749982,-0.9514869374638719
16961.0,218.6399441868,218.6399441868,-2.3392399905099643
16971.0,12.34670124,12.34670124,-1.091550939406881
169743.0,31.3995812957,31.3995812957,-1.4775420369290775
16976.0,7.49922824995,7.49922824995,-0.8481923351529215
169870.0,40.4683575685,40.4683575685,-1.606145053526725
16990.0,12.405392546,12.405392546,-0.979548155555716
16993.0,7.5134737479,7.5134737479,-0.8758407733216131
170327.0,16.437655464,16.437655464,-1.2158398733220797
170364.0,23.279768428,23.279768428,-1.3669786559202062
17043.0,9.0650779239,9.0650779239,-0.9573715416664227
17046.0,17.043969612,17.043969612,-1.2315707512176624
170530.0,45.35478295025,45.35478295025,-1.6402136076747298
17090.0,14.070734361949999,14.070734361949999,-1.1323870509078722
17092.0,11.0139770399,11.0139770399,-1.0419441668015987
17100.0,7.952031406,7.952031406,-0.9003782117426092
171018.0,10.46373682205,10.46373682205,-1.0109305741202173
17111.0,11.0,11.0,-1.0413926851582251
17113.0,83.66792132115,83.66792132115,-1.922399582818544
171144.0,12.175486056,12.175486056,-1.085486307646439
1711973.0,5.9462338359,5.9462338359,-0.7742419838538187
1712094.0,13.97703299005,13.97703299005,-1.1208647703658396
171257.0,14.63656956,14.63656956,-1.1654393010572792
171548.0,9.3293324079,9.3293324079,-0.9698505674401265
17159.0,47.7691892165,47.7691892165,-1.6791478700924747
17162.0,6.12104210595,6.12104210595,-0.7626331887726043
17163.0,11.9775470479,11.9775470479,-1.07836788544571
171808.0,12.6030868519,12.6030868519,-1.1004769291300613
17181.0,20.03558091475,20.03558091475,-1.2578276013274667
17185.0,5.0649147119,5.0649147119,-0.6520342315639038
17231.0,18.464187008,18.464187008,-1.2595826861376513
17258.0,20.6822955119,20.6822955119,-1.315598739103971
17259.0,23.116788379950002,23.116788379950002,-1.3546506584989164
1727.0,8.07374853195,8.07374853195,-0.9027311010586594
17276.0,7.57267843795,7.57267843795,-0.8544387198302266
17279.0,6.856912604,6.856912604,-0.8342101479908006
1730.0,19.73335622245,19.73335622245,-1.2206570099818588
17317.0,24.57414120405,24.57414120405,-1.3719020168076046
17318.0,14.109954512,14.109954512,-1.1495256136679384
1732.0,12.01832544995,12.01832544995,-1.0548919871012499
17321.0,21.002611088,21.002611088,-1.3222732904776242
17349.0,15.2021496559,15.2021496559,-1.1819050035819878
17355.0,19.0386047061,19.0386047061,-1.2795169300525087
17356.0,10.93687762995,10.93687762995,-1.013234651091727
173604.0,13.263516944,13.263516944,-1.1213068500095604
174174.0,7.377783184,7.377783184,-0.8679258881670144
174223.0,68.2834778056,68.2834778056,-1.8343156324385514
17429.0,11.877172802,11.877172802,-1.014521996281708
17432.0,10.9767815839,10.9767815839,-1.040475022696685
17434.0,3.5779300719,3.5779300719,-0.5536318483373541
17435.0,10.780428762,10.780428762,-1.0298778230831787
17499.0,12.975953085899999,12.975953085899999,-1.1130646553553123
17516.0,18.4724457079,18.4724457079,-1.2665243988040018
17517.0,13.236015140000001,13.236015140000001,-1.0540314413995697
1752.0,14.73681611995,14.73681611995,-1.1676052577296916
17525.0,4.047198528,4.047198528,-0.5949074260640805
175468.0,5.7739512159,5.7739512159,-0.7614731102071649
17549.0,9.554800563899999,9.554800563899999,-0.9426544533267618
17569.0,19.0064822919,19.0064822919,-1.2789017453460896
17570.0,2.611350168,2.611350168,-0.4168651122800087
175804.0,15.342535438,15.342535438,-1.1823306644835778
17581.0,8.8970172399,8.8970172399,-0.949244432108805
175854.0,15.9450738,15.9450738,-1.2026265336673188
17593.0,117.43804035939999,117.43804035939999,-2.0694730436282067
17595.0,21.127577172,21.127577172,-1.3248496967134122
175956.0,28.698728044,28.698728044,-1.4578626487997284
175967.0,8.04252262195,8.04252262195,-0.8898059934944117
175989.0,5.996349614,5.996349614,-0.7765017066381827
17599.0,208.40287469634998,208.40287469634998,-2.123676725631054
176.0,12.1184509799,12.1184509799,-1.0834471104346166
176015.0,8.1529682519,8.1529682519,-0.9113157511610861
176167.0,16.751229164,16.751229164,-1.224046680003127
17617.0,8.5,8.5,-0.9294189257142927
17652.0,12.917095274,12.917095274,-1.0366061679202536
176870.0,147.0443523811,147.0443523811,-2.1674483489598835
176879.0,10.8431037679,10.8431037679,-1.0351536139673878
17695.0,19.5261234039,19.5261234039,-1.290616029698097
17719.0,15.248030376,15.248030376,-1.0513045503344651
17722.0,8.245806976,8.245806976,-0.916233164295168
1775.0,19.063043728,19.063043728,-1.2801922440850846
17756.0,10.67051861795,10.67051861795,-1.0232453448552699
17756783.0,15.7396812,15.7396812,-1.1969959316772405
17756794.0,16.041510644,16.041510644,-1.2052452637898687
17756940.0,17.904073464,17.904073464,-1.2529518511851887
17777.0,5.5620882199,5.5620882199,-0.7452378728977773
178.0,15.986084664,15.986084664,-1.2034434848789548
178019.0,12.916526604,12.916526604,-1.1111457427983011
178144.0,14.383694604,14.383694604,-1.1578704535044475
17816.0,11.787694144,11.787694144,-1.0714288586593657
17818.0,8.0631840959,8.0631840959,-0.906506575577697
1787910.0,15.87254212,15.87254212,-1.200646488208781
17891.0,32.55059984295,32.55059984295,-1.4741358630691919
17931.0,24.289330526,24.289330526,-1.3817373599897156
179651.0,156.9050186471,156.9050186471,-2.1956368348290316
180.0,17.9254547681,17.9254547681,-1.2534701825139538
180089.0,39.039787101,39.039787101,-1.59121531905671
18016.0,11.3094067679,11.3094067679,-1.0534398247146195
180494.0,20.427996548,20.427996548,-1.310225775794787
18050.0,8.6915564399,8.6915564399,-0.9390975546688308
18055.0,10.10118142,10.10118142,-0.9725268305612269
18056.0,15.00356416395,15.00356416395,-1.1347011983315964
18062.0,8.16113426,8.16113426,-0.911750522556032
1807.0,6.6116840079,6.6116840079,-0.8203120891666958
18137.0,14.54171002,14.54171002,-1.1626154800156223
18177.0,83.4479451105,83.4479451105,-1.9214156467293626
18193.0,12.9696305959,12.9696305959,-1.11292760658162
18196.0,6.25379340195,6.25379340195,-0.7891794915011949
181978.0,6.496211192,6.496211192,-0.8126601353878763
18204.0,5.851825839949999,5.851825839949999,-0.7472077902535903
18205.0,13.5010621521,13.5010621521,-1.1303679365431822
18283.0,8.572607588,8.572607588,-0.9300074163992762
18290.0,19.8534943819,19.8534943819,-1.2596310959844674
18303.0,10.377000288,10.377000288,-1.0160718287872965
18340.0,10.12221214595,10.12221214595,-1.0051602444783378
18360.0,26.286206098850002,26.286206098850002,-1.301257290328579
18370.0,3.465026168,3.465026168,-0.5397065187674762
18374068.0,14.008267469949999,14.008267469949999,-1.0938857708176632
18430.0,3.0937104879,3.0937104879,-0.4904796696120831
18487.0,8.0,8.0,-0.9030899869919435
18502.0,57.4863838104,57.4863838104,-1.746143911332973
18510.0,6.3583490719,6.3583490719,-0.8033443669003142
18522.0,20.419256876,20.419256876,-1.3100399326321261
18529.0,27.0384857439,27.0384857439,-1.431982365839013
18542136.0,9.8866443959,9.8866443959,-0.9950489136771548
18555.0,5.8555115,5.8555115,-0.767564838251213
18603.0,25.642551012,25.642551012,-1.4089612281527315
18604.0,10.0978628159,10.0978628159,-1.0042294663097218
18617.0,8.36574167395,8.36574167395,-0.9205680708941545
18635.0,8.782632006,8.782632006,-0.897545539144021
18637.0,4.563413448,4.563413448,-0.6592898178961911
18689.0,12.829595334,12.829595334,-1.1080184226885375
18692.0,8.514007268,8.514007268,-0.930134016577663
18725.0,22.298875437950002,22.298875437950002,-1.3438854488033063
18728.0,5.79975514395,5.79975514395,-0.7525674271352939
18730.0,14.92866852205,14.92866852205,-1.1063244189460726
18732.0,10.5352483199,10.5352483199,-1.0226447765545932
18745.0,8.19500541995,8.19500541995,-0.8261351526141012
18752.0,16.0,16.0,-1.2041199826559248
18756.0,8.531991384,8.531991384,-0.9310504082069334
18783.0,14.565086227950001,14.565086227950001,-1.0572310038810322
1892.0,6.7822389359,6.7822389359,-0.8313730857539242
18938.0,18.145508006,18.145508006,-1.2580486720434343
189821.0,193.0844414377,193.0844414377,-2.2857472537242116
18992283.0,40.9260820429,40.9260820429,-1.5768125570466003
190.0,28.1616450321,28.1616450321,-1.4496580200544815
19003.0,7.75378446995,7.75378446995,-0.8815798582006579
19004.0,7.335660332,7.335660332,-0.8114044046375228
19022.0,21.0000591864,21.0000591864,-1.3222205187477623
19079.0,9.520340065900001,9.520340065900001,-0.9470725038578411
1910825.0,5.1738760319,5.1738760319,-0.7138160186389795
19113.0,11.9867165999,11.9867165999,-1.0787002374919068
19137.0,14.3655685759,14.3655685759,-1.1573228196415222
19188.0,8.333648563899999,8.333648563899999,-0.9098522429845499
192197.0,6.62311793795,6.62311793795,-0.8210103419386241
19223.0,24.9530098281,24.9530098281,-1.3971229376507082
19241.0,269.9332787156,269.9332787156,-2.431256429838507
19266.0,3.435507864,3.435507864,-0.5359909469936196
192826.0,4.3887561279,4.3887561279,-0.6423414488673234
19283.0,17.02186574,17.02186574,-1.2002372156140686
19309.0,8.4425827639,8.4425827639,-0.9264753267819992
1935.0,15.247394153999998,15.247394153999998,-1.1520260693739899
193581.0,4.1182444119,4.1182444119,-0.614712117801583
19379.0,7.605341115950001,7.605341115950001,-0.8618073595501632
193943.0,12.698459796,12.698459796,-1.103751048305379
19395.0,13.096650895949999,13.096650895949999,-1.102156433350357
19458.0,8.890420092,8.890420092,-0.9489222828292678
19463.0,9.8128847879,9.8128847879,-0.9917966998664507
19499.0,11.105429022,11.105429022,-0.987092654581766
19518.0,5.39504306,5.39504306,-0.7319949153110076
19539.0,42.7721441791,42.7721441791,-1.6311610221017998
19587.0,25.076803388,25.076803388,-1.3992721749245454
19596.0,15.584859704,15.584859704,-1.1837668211837644
19602.0,5.9953550079,5.9953550079,-0.7778149044335627
19604.0,22.330188467950002,22.330188467950002,-1.342710868758084
19633.0,11.8957507519,11.8957507519,-1.075391855967119
19646.0,70.6404187378,70.6404187378,-1.849053264960465
19665.0,12.1403309759,12.1403309759,-1.0815775072311262
1967.0,16.483880264,16.483880264,-1.2170594512254609
197059.0,8.267157464,8.267157464,-0.9173562096847482
197066.0,5.843608648,5.843608648,-0.7666811231237901
19707.0,9.375950568,9.375950568,-0.9720153089874304
19756.0,77.59293751519999,77.59293751519999,-1.8807492528287204
197701.0,9.458726106,9.458726106,-0.8869963350873964
197861.0,7.097388088,7.097388088,-0.8510985532729576
197873.0,688.7721424355,688.7721424355,-2.8380755736500127
1979.0,22.054235636,22.054235636,-1.3434920104336336
197942.0,13.4526518339,13.4526518339,-1.1147182935744322
19800.0,24.71087056,24.71087056,-1.3928880457964237
1981.0,10.48533571605,10.48533571605,-1.0141807096150388
198165.0,11.131450061950002,11.131450061950002,-1.0425041670797444
1982.0,7.4855761438999995,7.4855761438999995,-0.8715264300864844
19838.0,4.482919838,4.482919838,-0.5907570137205453
19838382.0,6.162135559999999,6.162135559999999,-0.7715801357511726
1984.0,3.564880548,3.564880548,-0.5520449820943092
1985.0,2.670148212,2.670148212,-0.426535368430976
1986.0,12.013324512,12.013324512,-1.0486994569885868
19861.0,19.658563988,19.658563988,-1.2935517904612668
198695.0,17.1818573099,17.1818573099,-1.2177556190048824
198707.0,26.42341441815,26.42341441815,-1.4151584856268908
19871.0,14.2077607999,14.2077607999,-1.1525256367680015
1988.0,5.237072788,5.237072788,-0.7190886100303899
1989.0,15.181696014,15.181696014,-1.1551162988454096
1990.0,7.4736370039,7.4736370039,-0.873532000252768
19917.0,7.1088719959499995,7.1088719959499995,-0.8223492584576537
19918.0,13.278993455999998,13.278993455999998,-1.114124653906925
19920.0,12.20471764195,12.20471764195,-1.0203178888482365
19988.0,12.3657273279,12.3657273279,-1.092219665800734
1999.0,20.18300108,20.18300108,-1.3049857434459344
19999.0,9.4141172319,9.4141172319,-0.9737796021764723
2000.0,10.080967416,10.080967416,-0.8354692154298946
20039.0,27.3135562599,27.3135562599,-1.436378249517281
20054967.0,14.14210049995,14.14210049995,-1.1503951969277455
20055082.0,13.5070156239,13.5070156239,-1.1305594022235042
20055509.0,11.96433855195,11.96433855195,-1.0718567322727222
20055515.0,29.820824012,29.820824012,-1.4745196397514597
20055558.0,14.1989334239,14.1989334239,-1.152255722868152
20056549.0,4.3396438019,4.3396438019,-0.6295020541498392
20056587.0,195.2643947543,195.2643947543,-2.2906230596142536
20056627.0,7.9395437,7.9395437,-0.8997955434514618
20056743.0,12.6450486,12.6450486,-1.0948637243023498
20056828.0,15.14417142,15.14417142,-1.1802455168523824
2006.0,21.0950518919,21.0950518919,-1.3241805980439536
20083.0,7.3490900199,7.3490900199,-0.8662335671383069
20087.0,10.476421185900001,10.476421185900001,-1.013589789005572
201412.0,14.6181207439,14.6181207439,-1.164891544782386
20167.0,16.303306076,16.303306076,-1.2122756820096539
20169.0,12.698049518,12.698049518,-1.1008841351329002
2018.0,12.96538688205,12.96538688205,-1.1123415196642368
202195.0,17.54310332395,17.54310332395,-1.1495767392577925
2022.0,11.955920193999999,11.955920193999999,-1.0375588578649038
20240.0,15.09657761195,15.09657761195,-1.1787899880697872
20250.0,14.25733001195,14.25733001195,-0.9272779259553136
20275.0,2.66108018,2.66108018,-0.42505796031123605
20279.0,11.00136493,11.00136493,-0.9486294667885522
20282.0,13.795043204,13.795043204,-1.1397230649623167
202877.0,6.7163467659,6.7163467659,-0.825830122664496
20298.0,8.71143318,8.71143318,-0.9393060590680777
20352.0,29.691757932,29.691757932,-1.4726359112223828
20353.0,16.39567718,16.39567718,-1.2147293587585863
20393.0,14.9091427999,14.9091427999,-1.1734526744405773
204.0,30.85351121195,30.85351121195,-1.4847330297841588
2040.0,11.3224747079,11.3224747079,-1.0539413592307525
20469.0,247.22320961,247.22320961,-2.393089240415092
20478723.0,30.0571707759,30.0571707759,-1.4779480988642877
20525.0,5.044786536,5.044786536,-0.7028427943194837
20546.0,14.143577494,14.143577494,-1.1061515091900262
205586.0,30.142001016,30.142001016,-1.479172080140541
206311.0,16.3563449559,16.3563449559,-1.2136862612650376
20641892.0,10.9023895,10.9023895,-1.0375216936226073
20653.0,7.9038230519,7.9038230519,-0.8718331565933317
20686.0,11.64009944595,11.64009944595,-0.9539398089599047
20691.0,14.7361920238,14.7361920238,-1.1683852720773518
20701.0,10.521496984,10.521496984,-1.0220775350305122
20725980.0,16.864534888,16.864534888,-1.2269743681543048
20739.0,11.0293007799,11.0293007799,-1.0421629835209525
2078.0,4.1892239280000005,4.1892239280000005,-0.6146014731891725
207841.0,20.797834424,20.797834424,-1.3180181163728606
2081.0,11.278462211899999,11.278462211899999,-1.050656149284091
20812.0,4.7616945039,4.7616945039,-0.6777615289255586
2082.0,45.1699954882,45.1699954882,-1.654614290629357
2083.0,14.721162364000001,14.721162364000001,-1.0313894338096787
20835958.0,11.2741534541,11.2741534541,-1.0413733529055036
20838960.0,25.312214956,25.312214956,-1.4033301499421187
20849290.0,11.958511119999999,11.958511119999999,-1.0272578894335647
2086.0,12.83683365805,12.83683365805,-1.0701555007564423
20861.0,2.9703683999,2.9703683999,-0.4728103160248433
208908.0,5.2003254519,5.2003254519,-0.7160305239312226
208925.0,34.676981972,34.676981972,-1.5400412926697336
20936.0,5.098506112,5.098506112,-0.7074429442636859
2094.0,8.58540891795,8.58540891795,-0.898852234892673
20949.0,30.10499873695,30.10499873695,-1.4782171848226944
20965.0,31.0109591361,31.0109591361,-1.4915151987131041
210301.0,2.9460445039,2.9460445039,-0.46923930314890894
210320.0,9.3908640519,9.3908640519,-0.9727055534703958
21059.0,10.0700473759,10.0700473759,-1.003031513755559
21070.0,5.856756588,5.856756588,-0.7676571747390492
21088.0,21.529131368,21.529131368,-1.333026507775435
21096.0,4.8147186519,4.8147186519,-0.6825709142025511
21102.0,6.4333246799,6.4333246799,-0.8084354701211361
21118222.0,9.0842442239,9.0842442239,-0.9582888014246639
21124389.0,9.48568809395,9.48568809395,-0.9091729424526755
21138.0,14.364682051900001,14.364682051900001,-1.1238057596138649
21158559.0,6.8513307719,6.8513307719,-0.8357749351070672
2118.0,29.0338504641,29.0338504641,-1.4629046357083777
2120.0,7.273228438,7.273228438,-0.7881694434189948
21208.0,13.506602612,13.506602612,-1.130546122344624
2122.0,18.1092535679,18.1092535679,-1.2579005498158284
21220.0,4.110939752,4.110939752,-0.6139411120112721
2123.0,13.5,13.5,-1.130333768495006
21265.0,5.7337553879,5.7337553879,-0.7584391612384282
21277.0,21.87020975605,21.87020975605,-1.2261483762877878
212930.0,28.0,28.0,-1.4471580313422192
213013.0,9.811550482000001,9.811550482000001,-0.9911872100301978
213021.0,22.1407887159,22.1407887159,-1.3451930875843512
213027.0,10.556419596,10.556419596,-1.023516644204869
213039.0,17.2968427639,17.2968427639,-1.2362888438912212
21307.0,38.041687361200005,38.041687361200005,-1.5794384718621888
21387.0,12.682057988,12.682057988,-1.1031897346426822
2140.0,17.301730664,17.301730664,-1.238089547072866
2141.0,8.53406602795,8.53406602795,-0.8876231021420433
21414.0,16.0015705519,16.0015705519,-1.2041626106902679
214356.0,19.6036547759,19.6036547759,-1.2923370458992647
21453.0,8.994564506,8.994564506,-0.9252632836151571
21467.0,14.2376118,14.2376118,-1.1534371473721394
2148.0,3.7668892279,3.7668892279,-0.5759828491867774
2149.0,11.17456293395,11.17456293395,-1.0208161085162235
21499.0,6.913264175949999,6.913264175949999,-0.8253109008927633
21501.0,41.0176371986,41.0176371986,-1.6074175501449108
2153.0,13.14019706,13.14019706,-1.1186018782700995
21531.0,5.7598527919,5.7598527919,-0.7597427601877211
21534.0,7.633711928,7.633711928,-0.8827357670303512
2155.0,17.010433040000002,17.010433040000002,-1.1928940862692667
2157.0,28.243212812,28.243212812,-1.4509140984406126
21574.0,11.93432275395,11.93432275395,-1.0428088634774089
21575.0,8.80308886005,8.80308886005,-0.9326287478374713
21576.0,17.798276584,17.798276584,-1.2503779513934434
2159.0,15.962084472,15.962084472,-1.2030896047825845
2161.0,266.8868533297,266.8868533297,-2.426327181254768
21622.0,13.7517433099,13.7517433099,-1.078786956477108
216237.0,6.6437849119,6.6437849119,-0.8224155640131008
21630.0,19.423238978,19.423238978,-1.2827825780877056
216326.0,10.633468606000001,10.633468606000001,-0.967770597224467
2164.0,9.79326538395,9.79326538395,-0.963572757445559
21640.0,10.859809696,10.859809696,-1.0358222148751828
21648.0,10.1303644359,10.1303644359,-1.0056250692155073
21651.0,19.1520850599,19.1520850599,-1.2822160618929102
21685.0,11.9603058519,11.9603058519,-1.0777422856803232
2170.0,10.2499001799,10.2499001799,-1.010719635974241
21700.0,223.72896190165,223.72896190165,-2.349707515516193
217048.0,14.444409696000001,14.444409696000001,-1.0505873170593034
21718.0,11.6320540219,11.6320540219,-1.0559156455632792
21743.0,1.74748638,1.74748638,-0.24241379951706396
2176.0,191.7235836687,191.7235836687,-2.2826755381634576
21768.0,16.240132604,16.240132604,-1.2105895710227896
21798.0,49.7980674936,49.7980674936,-1.6972124894836051
21800.0,201.2717761369,201.2717761369,-2.3037828790745465
21803.0,7.55152194595,7.55152194595,-0.8778275128571267
21804.0,26.8938791399,26.8938791399,-1.4296534488409485
21826.0,155.4434596929,155.4434596929,-2.1915724537575434
21845.0,11.27424031795,11.27424031795,-1.04979485098199
21847.0,16.4832903579,16.4832903579,-1.2128858706822851
21859.0,25.372376551549998,25.372376551549998,-1.3724124969512865
2187.0,6.10910785995,6.10910785995,-0.7763894450522735
21921.0,7.1520734719500005,7.1520734719500005,-0.854034284744071
21932259.0,18.75466105995,18.75466105995,-1.2730342268684043
21954.0,8.42566957,8.42566957,-0.8900309564056982
2197.0,7.7588821519,7.7588821519,-0.8741234271264005
21977262.0,6.1784365659,6.1784365659,-0.7862167620969309
21984.0,6.4999257,6.4999257,-0.8129083922944815
21988023.0,15.598140484,15.598140484,-1.1930728274779774
2201.0,8.598760936,8.598760936,-0.9344358747985716
2202.0,9.933256096,9.933256096,-0.9970916324561154
220401.0,33.6803035902,33.6803035902,-1.5273759975234074
2206.0,5.8812489679,5.8812489679,-0.7694695645570284
22086.0,15.277487254,15.277487254,-1.183854065059655
221071.0,11.749221063899999,11.749221063899999,-1.0698089796100836
22162.0,6.3755690399,6.3755690399,-0.8045189530055401
22188.0,11.59424572195,11.59424572195,-1.0635305804664774
22206.0,6.542628524,6.542628524,-0.8157522627166949
222464.0,16.6902111759,16.6902111759,-1.2224618317030858
222757.0,2.763671736,2.763671736,-0.4414864570414603
22278.0,28.768117504,28.768117504,-1.4589114439419897
222786.0,18.78066058605,18.78066058605,-1.2642935232430825
2230.0,43.6620527759,43.6620527759,-1.640104150252837
22311.0,19.480906863949997,19.480906863949997,-1.2849847586551961
22386467.0,8.651575328,8.651575328,-0.9370951934724763
22420.0,15.135408646000002,15.135408646000002,-1.1750415131448446
224246.0,199.1954091425,199.1954091425,-2.2992793250161205
2244.0,25.2830909039,25.2830909039,-1.4025992594092336
22456.0,16.0859989102,16.0859989102,-1.0048575819971872
22475.0,14.954943641949999,14.954943641949999,-1.1714695102637873
2249.0,9.237892209950001,9.237892209950001,-0.9617910278738044
22522.0,11.253209864,11.253209864,-1.0512764182152063
22529.0,9.12571771195,9.12571771195,-0.8961396642285493
22549.0,5.626886492,5.626886492,-0.7502681544653028
2256.0,13.860843032,13.860843032,-1.1217763356103552
22563.0,8.066671636,8.066671636,-0.9066943788004441
22571.0,9.7482337479,9.7482337479,-0.9889259343622994
22574.0,8.81083836,8.81083836,-0.9450172339284263
22601.0,34.3448551719,34.3448551719,-1.5358616893490147
22628.0,38.3866801691,38.3866801691,-1.5841805542485718
2264.0,21.63299301605,21.63299301605,-1.2247757983519787
2265.0,74.7865716707,74.7865716707,-1.8738236249653342
2266.0,6.829774164,6.829774164,-0.8344063433667211
227.0,27.97458136,27.97458136,-1.446763596026042
22704.0,17.295172676,17.295172676,-1.237882752482629
22710.0,7.6354771439,7.6354771439,-0.8828361814694603
2272.0,9.93930021,9.93930021,-0.9639338869597183
2273.0,24.9133374279,24.9133374279,-1.3964319101713003
22833294.0,12.4487402399,12.4487402399,-1.0951254048822392
22833303.0,19.066470032,19.066470032,-1.2802702951682374
22833317.0,11.728433912,11.728433912,-1.0692400250069152
22833320.0,17.4432553759,17.4432553759,-1.241627539074535
22833321.0,55.2648371501,55.2648371501,-1.7424488946170127
22833326.0,80.9004059923,80.9004059923,-1.7902122260543758
22833331.0,11.17811765595,11.17811765595,-1.0478760994001357
22833389.0,13.07312079195,13.07312079195,-1.1163449490574342
22833395.0,10.672166226,10.672166226,-1.027341148371574
22833454.0,27.4602030681,27.4602030681,-1.4387037445186968
22833466.0,26.475427529950004,26.475427529950004,-1.41164005618083
22833489.0,13.768953001949999,13.768953001949999,-1.1266016209044274
22833502.0,10.611866658050001,10.611866658050001,-1.024158325953311
22833506.0,7.9719204999,7.9719204999,-0.9015629590416339
2284.0,4.0728390879,4.0728390879,-0.609897252065478
2286.0,10.119921775949999,10.119921775949999,-0.993342915461815
228987.0,8.524346249899999,8.524346249899999,-0.8844937533051012
2292.0,17.659076112,17.659076112,-1.1914462943763036
22932.0,13.6876122359,13.6876122359,-1.1363276933335777
229455.0,38.637658344749994,38.637658344749994,-1.586890510698551
22985.0,7.8403699639,7.8403699639,-0.8943365562417553
23017.0,10.19082607595,10.19082607595,-0.9887753694464807
23019.0,51.3156620626,51.3156620626,-1.7102499364421277
23082568.0,8.049315348,8.049315348,-0.9057589420783356
230976.0,11.5401566959,11.5401566959,-1.0622117058476752
231084.0,32.216597394,32.216597394,-1.4891744568097685
2314.0,12.6922697367,12.6922697367,-1.0347218955292299
2315.0,9.42775972,9.42775972,-0.9744085053745725
23160050.0,6.9808325959,6.9808325959,-0.8439072235172653
23173.0,4.327477268,4.327477268,-0.6362347952284039
2319.0,17.810797216,17.810797216,-1.2506833590343258
23194.0,8.598350052,8.598350052,-0.8645834158397572
2320.0,86.7008858069,86.7008858069,-1.9380235346052008
2328.0,8.542893556,8.542893556,-0.9316049951104944
23284.0,20.025771008,20.025771008,-1.2702271609802716
23294.0,16.1890129159,16.1890129159,-1.2092203695534642
2331.0,11.15699992195,11.15699992195,-1.029264792128318
23327.0,10.5097527839,10.5097527839,-1.0215925004382516
2333.0,5.997797358,5.997797358,-0.7759691385273529
23354.0,13.79933558595,13.79933558595,-1.1346474422591735
2336.0,32.231751588,32.231751588,-1.5082839072601746
23360.0,8.8334896441,8.8334896441,-0.9461323042325569
23368.0,17.125256812,17.125256812,-1.225544881260809
2337.0,12.68817936,12.68817936,-1.1033993092001766
23394.0,10.5,10.5,-1.021189299069938
23418.0,13.74910070795,13.74910070795,-1.124583982373939
2343.0,23.5,23.5,-1.3710678622717363
234310.0,8.24044558595,8.24044558595,-0.9115230766986379
2345.0,21.27521574795,21.27521574795,-1.2493336871403495
2346.0,4.379145048,4.379145048,-0.6413893303263455
2347.0,16.07533427195,16.07533427195,-1.206157107074206
23479.0,11.554654244,11.554654244,-1.0627569543872164
2348.0,15.4624209819,15.4624209819,-1.174543712342909
23535.0,17.5833773319,17.5833773319,-1.2451022959786446
23537.0,12.169087524,12.169087524,-1.085258014701012
235414.0,6.9559187359,6.9559187359,-0.8423544996164192
2355.0,8.270907792000001,8.270907792000001,-0.9164248597034703
23581791.0,9.37760572,9.37760572,-0.972091968941536
23603.0,13.222391536,13.222391536,-1.1213100131642768
2361.0,107.6411788866,107.6411788866,-2.0319784455125784
23616254.0,16.616054544,16.616054544,-1.2108737811306838
23625795.0,12.817478896,12.817478896,-1.1078026110464496
2365.0,26.156553568,26.156553568,-1.417580520041994
23654.0,16.5189708039,16.5189708039,-1.2179829855926654
23661868.0,10.1882060601,10.1882060601,-1.008097720141143
23661960.0,26.908554488,26.908554488,-1.4298903683417272
23661981.0,4.871357136,4.871357136,-0.6876499703659419
23662354.0,20.76892830455,20.76892830455,-1.0857048648140306
23662382.0,8.5696168,8.5696168,-0.9329614023938779
23662383.0,9.587227534050001,9.587227534050001,-0.9808768338277649
23663400.0,13.450337804,13.450337804,-1.1228696603990045
23663403.0,24.67302896,24.67302896,-1.3922224684952078
23663404.0,13.5849456559,13.5849456559,-1.1330579054414356
23663624.0,11.5974090819,11.5974090819,-0.9494446041586979
23663938.0,22.2700814919,22.2700814919,-1.2607672585072054
23663939.0,10.654477724,10.654477724,-1.0251975016324804
23663953.0,12.611199552,12.611199552,-1.100756397757641
23663954.0,27.16800365995,27.16800365995,-1.415486695350489
23663959.0,9.364728432,9.364728432,-0.971495187777041
23663963.0,16.5573117639,16.5573117639,-1.2189898263573542
23663976.0,38.58449988025,38.58449988025,-1.5861010981354862
23663985.0,14.4703988079,14.4703988079,-1.1604805005512122
23663992.0,214.8029693842,214.8029693842,-2.332023589293464
23663996.0,106.090020436,106.090020436,-2.025674533068005
23664644.0,16.1670427559,16.1670427559,-1.2086305868668652
23664709.0,105.5471450379,105.5471450379,-2.0234464904996203
23665410.0,6.6155776159,6.6155776159,-0.8205677690747567
23665719.0,6.5,6.5,-0.8129133566428556
23665728.0,13.6519922999,13.6519922999,-1.1351960346526104
23665731.0,7.6986979039,7.6986979039,-0.8864172782932698
23665759.0,7.49760664795,7.49760664795,-0.8724427381365887
23665760.0,3.176809992,3.176809992,-0.5019912400416106
23665761.0,11.90403349595,11.90403349595,-1.0601847898961918
23665772.0,17.480741172,17.480741172,-1.2425598424909328
23665888.0,13.965150013999999,13.965150013999999,-1.1395829423075978
23666711.0,4.9189150801,4.9189150801,-0.691869324986182
23667300.0,14.2142082359,14.2142082359,-1.1527226734984073
23667548.0,10.685063056,10.685063056,-1.0284301777039988
23667631.0,4.962992964,4.962992964,-0.6957436595015465
23667638.0,6.784967212,6.784967212,-0.8315477532954053
23667639.0,5.3205095599,5.3205095599,-0.7259532278693376
23667648.0,8.0807421919,8.0807421919,-0.905086647373837
23668192.0,12.262414284,12.262414284,-1.0885759846191227
23668193.0,16.31280984,16.31280984,-1.1425847348730245
23668194.0,5.0744122519,5.0744122519,-0.7053857469717302
23668195.0,28.64313198,28.64313198,-1.457020504112884
23668196.0,21.87804409,21.87804409,-1.3400080286924019
23668516.0,14.24401474,14.24401474,-1.1367962796842854
23668568.0,5.879587503950001,5.879587503950001,-0.7655600407018575
23668817.0,22.5125122481,22.5125122481,-1.3524239621088023
23669238.0,13.461647328,13.461647328,-1.1290982086015164
23669619.0,13.5188983599,13.5188983599,-1.1309413028697026
23669624.0,18.688181864,18.688181864,-1.271567051788649
236702.0,232.8240566495,232.8240566495,-2.3670154215378254
23670359.0,4.778653142,4.778653142,-0.6785168043893091
23670838.0,12.21917625995,12.21917625995,-1.055226982913358
23671691.0,4.0053496119,4.0053496119,-0.602640430006337
23671932.0,9.650177484,9.650177484,-0.9781526929633315
23672301.0,11.650337239999999,11.650337239999999,-1.063506985187356
23672302.0,15.258899069950001,15.258899069950001,-1.183518170190165
23672325.0,4.2788689839,4.2788689839,-0.6313289888816016
23672329.0,9.941125368000002,9.941125368000002,-0.8724297189742976
23672568.0,5.37879236,5.37879236,-0.7306847793354295
23672582.0,201.7625411132,201.7625411132,-2.304840539017324
23672589.0,7.5537615079,7.5537615079,-0.7623431052168566
23672955.0,15.062294068,15.062294068,-1.1778911222762798
23673604.0,7.289551103900001,7.289551103900001,-0.8528855947996474
23673837.0,30.2312711275,30.2312711275,-1.4804564082447391
23674.0,19.8541985759,19.8541985759,-1.2978523612518844
23674215.0,3.5497747279,3.5497747279,-0.5502007931862986
23674746.0,14.341083573950002,14.341083573950002,-1.100546593600336
23674889.0,6.110478512,6.110478512,-0.78607522120555
23675081.0,16.780674488,16.780674488,-1.2248094130200617
23675274.0,8.5385160439,8.5385160439,-0.9313823987984049
23675317.0,7.59435556995,7.59435556995,-0.8672128853301129
23675320.0,14.18375270595,14.18375270595,-1.0749970665167685
23675737.0,18.1463725199,18.1463725199,-1.2587898220971054
23675747.0,7.3271087319,7.3271087319,-0.8649326363750637
23676704.0,10.6413480559,10.6413480559,-1.0269966482742756
23676735.0,12.4049556041,12.4049556041,-1.0935952143213363
23676736.0,3.1853480159,3.1853480159,-0.5031568882029834
23676745.0,12.401284168,12.401284168,-1.0934666592105915
23676752.0,10.46143672,10.46143672,-1.0010735239892563
23676814.0,22.4156424868,22.4156424868,-1.350551191315711
23677058.0,12.475321365900001,12.475321365900001,-1.0954558501507243
23677323.0,8.55172249995,8.55172249995,-0.9315846995288486
23677829.0,26.026779568,26.026779568,-1.4154204338651917
23677960.0,7.429825504,7.429825504,-0.8709786140916899
23677967.0,10.979734549949999,10.979734549949999,-1.0372620957110807
23677979.0,10.84812396595,10.84812396595,-0.9830404094649391
23678874.0,15.003678828,15.003678828,-1.1761977589764034
23678979.0,39.398088878799996,39.398088878799996,-1.5514875714436736
23680486.0,20.25780805795,20.25780805795,-1.2013020926802893
23680530.0,206.5345769493,206.5345769493,-2.3149927694123376
23681045.0,11.58169256,11.58169256,-1.0637720322544384
23681059.0,7.1665210440000005,7.1665210440000005,-0.8519489889823701
23681107.0,10.30809833595,10.30809833595,-0.9931373709568174
23681217.0,11.6326404799,11.6326404799,-1.06567830593146
23681233.0,7.45733286995,7.45733286995,-0.8028275759303658
23681382.0,10.57405191795,10.57405191795,-1.0192637257981063
23681451.0,15.1976577439,15.1976577439,-1.1817766598340598
23683016.0,17.759820476,17.759820476,-1.2494385714270064
23683938.0,8.0495188759,8.0495188759,-0.9057699231273555
23684123.0,7.8082027159,7.8082027159,-0.8925510799216901
23684677.0,16.1464329239,16.1464329239,-1.2080765927615595
23684896.0,9.31300422005,9.31300422005,-0.8103019293153476
23685849.0,23.216143988,23.216143988,-1.365790088623982
23687810.0,9.422863528,9.422863528,-0.9741829012459683
23688987.0,11.603309094,11.603309094,-1.0186653901068556
23689980.0,3.4343042,3.4343042,-0.5358387609851103
2369.0,21.203399624,21.203399624,-1.326405498644595
23690437.0,5.8588986079,5.8588986079,-0.7678159823204447
23690996.0,14.5510099319,14.5510099319,-1.1628931371452829
23691029.0,5.540822672,5.540822672,-0.7435742512600255
23691974.0,10.5185776099,10.5185776099,-1.0193830116250626
23692768.0,16.407803224,16.407803224,-1.2150504389715109
23694214.0,160.8952640279,160.8952640279,-2.206543260775099
23694217.0,21.4964145319,21.4964145319,-1.3323660283404877
23695982.0,2.8116070639,2.8116070639,-0.4489546257702587
23700088.0,70.4887993008,70.4887993008,-1.8481201129018487
23700091.0,30.3271980479,30.3271980479,-1.4818322873779988
23700188.0,188.0246868999,188.0246868999,-2.274214874160134
23702555.0,14.248990546000002,14.248990546000002,-1.1282700581796303
23702994.0,10.024127876,10.024127876,-0.936943083913161
23704143.0,19.606546434000002,19.606546434000002,-1.2413546692072996
23706212.0,5.54493556,5.54493556,-0.7438965033978874
23707968.0,12.4872628419,12.4872628419,-0.8999650278867459
23716429.0,22.19193530395,22.19193530395,-1.3427351328763022
23724801.0,8.5952557039,8.5952557039,-0.9342588012256199
237332.0,33.7452085401,33.7452085401,-1.5282121163575333
23741.0,15.623675974000001,15.623675974000001,-1.144076485529454
2377.0,8.5439405119,8.5439405119,-0.9316582158732091
2378.0,14.3761034559,14.3761034559,-1.1576411894601843
23892.0,20.822718448,20.822718448,-1.3185374268986803
240.0,4.09107275395,4.09107275395,-0.5980847797250685
240119.0,11.8269311919,11.8269311919,-1.0728720701292378
24066.0,7.6738377379500005,7.6738377379500005,-0.8644221898182642
24114.0,9.504586148,9.504586148,-0.9779332114115745
24180685.0,7.833864304,7.833864304,-0.8939760445498078
24180686.0,3.6597857399,3.6597857399,-0.5634556606121957
24180709.0,19.5173412139,19.5173412139,-1.2904206547866908
24188465.0,18.0028243159,18.0028243159,-1.255340643358365
24191.0,13.28085637195,13.28085637195,-1.0337139245140972
24194381.0,10.0704900639,10.0704900639,-1.0030506052973027
24194514.0,17.749652808,17.749652808,-1.2491898624590312
24233.0,11.4379435,11.4379435,-1.0583479469318606
24268.0,10.61168525195,10.61168525195,-1.0235467249298869
24287.0,12.761317308,12.761317308,-1.1058955074624468
243.0,6.328455756,6.328455756,-0.8012977481742731
24309.0,20.625551032,20.625551032,-1.308514043169886
24314.0,6.6955104559,6.6955104559,-0.8257836925847446
24321.0,4.42093134205,4.42093134205,-0.6389012617656347
243274.0,17.463033680000002,17.463033680000002,-1.2367275185913305
2435.0,7.9957652479,7.9957652479,-0.9028600349410447
24361.0,8.59885287195,8.59885287195,-0.9210180455167974
243694.0,31.96982424,31.96982424,-1.5047402486643073
24385.0,15.8305293605,15.8305293605,-1.1664940105268218
24393.0,8.234320368,8.234320368,-0.915627759837559
244.0,9.41458678,9.41458678,-0.8988500868333017
24412.0,6.146719772,6.146719772,-0.7886434141541732
24433.0,4.2844985279,4.2844985279,-0.6318999979486927
24434.0,4.3967130239,4.3967130239,-0.6431281198830706
24436.0,9.6060454881,9.6060454881,-0.9825446388492736
2447.0,10.26789810195,10.26789810195,-1.0088801231182383
2448.0,8.49429328195,8.49429328195,-0.9158058317292317
2449.0,27.401756688000003,27.401756688000003,-1.42591392527917
2450.0,11.619196308,11.619196308,-1.0651760892357347
245005.0,16.859677680049998,16.859677680049998,-1.2256150116723155
2451.0,38.9332425201,38.9332425201,-1.5903205750499
24512.0,11.16959334995,11.16959334995,-1.0419128034968634
24603.0,16.0520791599,16.0520791599,-1.205531292765202
24608.0,13.132049856,13.132049856,-1.118332522865145
2461.0,13.5648186759,13.5648186759,-1.1324139928206236
24633.0,167.2061406035,167.2061406035,-2.2232522227515963
24639.0,8.44999661795,8.44999661795,-0.9265214897466805
2466.0,13.8872125919,13.8872125919,-1.1426150839349904
24671.0,12.218093455950001,12.218093455950001,-1.0869555856432027
246724.0,10.45455881995,10.45455881995,-1.0042773565508536
246728.0,51.749262806,51.749262806,-1.7139041674320143
24685.0,32.71936526,32.71936526,-1.5148048699762626
24699.0,24.4259260679,24.4259260679,-1.3811964048198193
247.0,4.007198568,4.007198568,-0.6028408634833622
24705.0,3.724378872,3.724378872,-0.5710538542774667
2471.0,14.21764442195,14.21764442195,-1.1412919617058723
24721009.0,15.58566084,15.58566084,-1.192725221311664
24723.0,4.1017217919,4.1017217919,-0.6129662000742441
24728612.0,15.19659836,15.19659836,-1.1817463853913754
24730.0,14.8594744599,14.8594744599,-1.1720034498551415
24743.0,66.6358407223,66.6358407223,-1.8237078814400414
24744.0,53.6136377137,53.6136377137,-1.7292752753355285
24750.0,11.501981501949999,11.501981501949999,-1.057010424442454
24752.0,32.4687521979,32.4687521979,-1.511465598635872
24762.0,9.0341123799,9.0341123799,-0.9558854886680237
24764.0,193.5465137262,193.5465137262,-2.286785352957429
24769.0,20.417948871649997,20.417948871649997,-1.2374130079651826
24771.0,3.8326649559,3.8326649559,-0.5835008557365741
2478.0,3.8045443359,3.8045443359,-0.5803026494760044
24781.0,10.902072316,10.902072316,-1.037509058478285
247839.0,156.75350598715,156.75350598715,-2.1951964055759747
24798.0,3.2031706519,3.2031706519,-0.5055800767232151
24798733.0,5.949304132,5.949304132,-0.7744661708871832
24802109.0,30.73651625195,30.73651625195,-1.4777415268640333
248057.0,17.900110108,17.900110108,-1.2528557024407725
24812.0,9.1724669679,9.1724669679,-0.9624861564394779
24813.0,7.728850348,7.728850348,-0.8881148982324375
24819.0,9.792171104,9.792171104,-0.9908789935345131
2482.0,47.177376009499994,47.177376009499994,-1.6730323646583405
248271.0,20.7188675639,20.7188675639,-1.3163660143845082
24838.0,9.761461128,9.761461128,-0.9895148291763097
2484.0,10.013950736,10.013950736,-1.0006054505404234
24842.0,7.5209939579,7.5209939579,-0.817607309689959
24846.0,8.957675488,8.957675488,-0.9521953250964227
24852044.0,6.38631236,6.38631236,-0.8052501564374979
24860538.0,8.37053785195,8.37053785195,-0.9100658831542514
24868287.0,26.9399951119,26.9399951119,-1.428793807903423
24871267.0,6.19128390795,6.19128390795,-0.7585844336802569
24871329.0,24.11350165,24.11350165,-1.3746684987732327
24874.0,10.11881304,10.11881304,-1.003777902162786
24884197.0,11.48260259795,11.48260259795,-1.0043428632007922
24915.0,16.701941388,16.701941388,-1.2227669552848248
24934.0,26.604150772,26.604150772,-1.4249494004183934
24963.0,5.416435856,5.416435856,-0.7337136043919149
24978536.0,12.4003235639,12.4003235639,-1.0934330174350548
24978553.0,3.484027476,3.484027476,-0.5420815713149977
250096.0,10.1231309279,10.1231309279,-1.0053148538490881
25015.0,45.4123692245,45.4123692245,-1.6514383411870792
25051.0,10.7549903161,10.7549903161,-1.0316100236805965
25053.0,22.0,22.0,-1.3424226808222062
25054.0,8.3882743399,8.3882743399,-0.9236726256984562
250948.0,144.4171105175,144.4171105175,-2.15937635320811
25106.0,6.6435401479,6.6435401479,-0.8223995638544379
25127.0,54.8933997535,54.8933997535,-1.7389933719713309
2515.0,18.394307884,18.394307884,-1.2632528570355772
25150753.0,11.400407804,11.400407804,-1.0569203867627193
25153273.0,14.444250564,14.444250564,-1.159695013514047
2518.0,8.492773584,8.492773584,-0.9290495460169271
2519.0,12.3446993519,12.3446993519,-1.0914805174027595
25208.0,7.371303429999999,7.371303429999999,-0.8570793718728158
25213.0,9.196241344,9.196241344,-0.96361036026928
25234023.0,20.653444236,20.653444236,-1.2829066381402625
25238.0,23.298725336,23.298725336,-1.366514949142644
253881.0,5.013319285950001,5.013319285950001,-0.6998796763804647
2541.0,9.41519078,9.41519078,-0.9738291245504329
25418.0,6.0765172439,6.0765172439,-0.7836547346789947
25429.0,24.1681162559,24.1681162559,-1.3832428013571814
2554.0,123.51086712045,123.51086712045,-1.9701308831737818
25561.0,16.1204960439,16.1204960439,-1.207378401353317
25612.0,6.940900696050001,6.940900696050001,-0.7900434488605129
25622.0,16.72656164395,16.72656164395,-1.2137027778181613
25644.0,19.93003486395,19.93003486395,-1.2994803667231296
256687.0,64.3696791212,64.3696791212,-1.8086813442037006
25670.0,7.5002587839,7.5002587839,-0.8750762482558154
25750.0,9.1927272719,9.1927272719,-0.9634443757410017
2576.0,5.3623328439,5.3623328439,-0.7293537674578977
2577.0,12.10765761995,12.10765761995,-1.0555278578242484
2578.0,5.23457268395,5.23457268395,-0.7124941929766401
25798.0,16.8397430639,16.8397430639,-1.2263354608701804
25804.0,26.9549784359,26.9549784359,-1.4306389887273194
2581.0,20.535385425900003,20.535385425900003,-1.3048864651919012
25833.0,12.71551542,12.71551542,-1.104333968878623
25914.0,6.23134126,6.23134126,-0.7945815360848892
259329.0,8.54121184395,8.54121184395,-0.9194693358863847
259331.0,4.8569871879,4.8569871879,-0.6863669578622331
26033.0,6.1756171519,6.1756171519,-0.7906803647287608
26049.0,19.2143347279,19.2143347279,-1.0743741741054507
26068.0,18.264612096,18.264612096,-1.2616104530956704
26098.0,18.08604003195,18.08604003195,-1.256402328007971
261.0,8.024036536,8.024036536,-0.879770483956021
26124.0,13.685874072,13.685874072,-1.136272539599564
26133.0,159.42049180875,159.42049180875,-2.1995846894122106
261491.0,22.1904701719,22.1904701719,-1.346166504165243
261501.0,53.495238076199996,53.495238076199996,-1.7242305936229034
261668.0,17.663598876,17.663598876,-1.1838058214709077
26176.0,14.28481215,14.28481215,-1.151037326665399
26177.0,5.5322530081,5.5322530081,-0.7429020336044966
26197.0,17.09229414805,17.09229414805,-1.2189258146161637
262.0,5.1487113,5.1487113,-0.7116985406266028
26204.0,33.1262236979,33.1262236979,-1.5200083891374514
26229.0,10.373975764,10.373975764,-1.0159452290466777
26289.0,3.757200456,3.757200456,-0.5748643663735445
26295.0,15.033214369900001,15.033214369900001,-0.9899705971148667
263.0,7.676446492,7.676446492,-0.8851602270551553
26323.0,7.42367349595,7.42367349595,-0.8688606871036846
264.0,7.2053239599,7.2053239599,-0.8576535119833177
26436.0,29.223267676,29.223267676,-1.4657287760852875
26447.0,7.9675748759,7.9675748759,-0.9013261534808692
26483.0,8.89656176,8.89656176,-0.9492221979751063
264852.0,6.902196428,6.902196428,-0.8389873146168133
26534.0,8.5852843719,8.5852843719,-0.8504208336766891
26596.0,274.4072381126,274.4072381126,-2.438395562686693
26602.0,5.414240092,5.414240092,-0.7335375104516281
2662.0,3.314633936,3.314633936,-0.520435572453114
26690.0,11.35798004995,11.35798004995,-1.0330648541578693
26758.0,6.908769868049999,6.908769868049999,-0.8369836201894449
2682.0,13.0129561999,13.0129561999,-1.1143759680038032
26964.0,16.0284385999,16.0284385999,-1.2048912178953113
26989.0,16.69630471595,16.69630471595,-1.2158940766221455
2707.0,23.909821244,23.909821244,-1.3785763292301785
2708.0,8.51476465795,8.51476465795,-0.9299325755003484
2712.0,11.1963401839,11.1963401839,-1.0490760853770251
2717.0,7.077325789950001,7.077325789950001,-0.8469095129740865
27189.0,65.9133966541,65.9133966541,-1.8189736923126532
27195.0,61.20403244715,61.20403244715,-1.78677557699731
2720.0,25.7969294081,25.7969294081,-1.411568015246933
27211.0,6.387484616,6.387484616,-0.8053298671632223
2723598.0,155.7672019778,155.7672019778,-2.192476018808001
2723601.0,37.462140444599996,37.462140444599996,-1.5735871681402471
2723617.0,9.428530924,9.428530924,-0.974444029820831
2723622.0,12.4967370679,12.4967370679,-1.0967966323368068
2723630.0,22.096903972,22.096903972,-1.3443314283426737
2723649.0,28.973420934,28.973420934,-1.4613908952870458
2723650.0,16.943906364,16.943906364,-1.22901354275689
2723716.0,28.8028246239,28.8028246239,-1.4594350800655012
2723722.0,12.6055216401,12.6055216401,-1.1005608223035768
2723789.0,5.847032768,5.847032768,-0.7669355277216188
2723790.0,16.5561410999,16.5561410999,-1.2168655797761923
2723816.0,11.7881715379,11.7881715379,-1.036151819059858
2723822.0,4.8032691399,4.8032691399,-0.6815369219915862
2723869.0,6.22287078595,6.22287078595,-0.7874284067672266
2723920.0,18.426654604,18.426654604,-1.2654464953437687
2723942.0,8.09003008,8.09003008,-0.9079501363902364
2723949.0,13.569794082000001,13.569794082000001,-1.1322529561092054
2724.0,16.120699758,16.120699758,-1.202062841309496
2724048.0,12.904638143949999,12.904638143949999,-1.1100860211698031
2724103.0,33.1545956369,33.1545956369,-1.5205437354983995
2724159.0,10.060205608,10.060205608,-1.0026068568140776
2724189.0,5.034540764,5.034540764,-0.7019598616310972
2724192.0,5.85965088995,5.85965088995,-0.7083015634385944
2724248.0,10.113606656,10.113606656,-1.004906058803091
2724333.0,8.984504631950001,8.984504631950001,-0.8396043675833399
2724368.0,10.84976934405,10.84976934405,-1.035389049472931
2724372.0,16.050402392,16.050402392,-1.2054859248676524
2724564.0,10.119755204,10.119755204,-1.0051700070850216
2724588.0,58.6913006279,58.6913006279,-1.5065641481251741
2727.0,13.135976543950001,13.135976543950001,-1.1157201018291145
2728.0,25.013925889950002,25.013925889950002,-1.3956401759512458
2728761.0,8.321902204,8.321902204,-0.9202226078144495
2730.0,10.530374718000001,10.530374718000001,-1.0220286780700731
2733208.0,16.0456570799,16.0456570799,-1.2053575064319402
2733526.0,16.134374864,16.134374864,-1.2077521430665583
2733708.0,15.1114596559,15.1114596559,-1.1793064160190936
2734019.0,203.3069514193,203.3069514193,-2.3081522281777875
2734160.0,7.828879874,7.828879874,-0.8381945710867746
2734161.0,6.1692684199,6.1692684199,-0.7902336664581731
2734167.0,7.9720818839,7.9720818839,-0.9015717508341816
2734176.0,8.10833614,8.10833614,-0.9089317445499729
2734178.0,8.82992759,8.82992759,-0.9071299228424206
2734180.0,14.73060984,14.73060984,-1.1682207267926945
2734181.0,7.253515202,7.253515202,-0.8585079379883097
2734238.0,3.0,3.0,-0.47712125471966244
2734241.0,8.138295602,8.138295602,-0.8914304668413472
2734244.0,9.720086704,9.720086704,-0.8953560824499349
2734246.0,17.8432416,17.8432416,-1.2514737559316818
2734250.0,11.088360964,11.088360964,-1.0448673552657226
2734398.0,17.795381376,17.795381376,-1.2503072998822924
2734687.0,5.07310092,5.07310092,-0.7052735018922439
2734819.0,23.571491132,23.571491132,-1.372387056852524
2734952.0,6.2274382839,6.2274382839,-0.7943094322190639
2734956.0,30.03423693995,30.03423693995,-1.4688755272089344
27350.0,20.7074587159,20.7074587159,-1.3161268041864773
2735009.0,12.567520116,12.567520116,-1.0992495890471832
2735086.0,13.294575259950001,13.294575259950001,-1.1235678307135317
2735101.0,11.4685166239,11.4685166239,-1.059507248440419
2735107.0,12.0458734559,12.0458734559,-1.0806764586734583
2736548.0,21.372122483600002,21.372122483600002,-1.2796516228562127
2737408.0,13.24508258195,13.24508258195,-1.0050363246977498
2741.0,8.7297588519,8.7297588519,-0.9410022470577298
27447.0,14.25354848805,14.25354848805,-1.1529304695017817
27457.0,46.5355642786,46.5355642786,-1.6677849844269461
27458.0,5.7036513999,5.7036513999,-0.7561529741148002
27461.0,16.0720126161,16.0720126161,-1.206070264649878
2750.0,43.350448010600005,43.350448010600005,-1.6158316330165303
27503.0,9.412591942,9.412591942,-0.967362034229591
2753.0,7.9434252639,7.9434252639,-0.8899541226192359
2754.0,17.2493681859,17.2493681859,-1.0557419151333305
2756.0,19.78323214,19.78323214,-1.2962972471142329
2756017.0,7.693643516,7.693643516,-0.8861320594570468
2758.0,10.8140586779,10.8140586779,-1.0220332507111058
27582.0,2.872515708,2.872515708,-0.45826241225294917
2758873.0,6.254242855999999,6.254242855999999,-0.7945348770120768
2758874.0,12.608167108,12.608167108,-1.1006519563004082
2762.0,13.479275776,13.479275776,-1.1296665587470562
2763.0,8.1375314079,8.1375314079,-0.9104926777976106
2763760.0,15.50559012,15.50559012,-1.19048829949838
2765.0,5.841723196,5.841723196,-0.7426191963096125
27655.0,15.49958465395,15.49958465395,-1.1223713538156632
27661.0,3.556931748,3.556931748,-0.5510755318286356
2767.0,17.5140342019,17.5140342019,-1.0950447135103607
27689.0,16.3694810839,16.3694810839,-1.214034912400898
2769.0,8.5716956639,8.5716956639,-0.9330667431169672
2769348.0,8.382908736,8.382908736,-0.9233947380581141
2771871.0,8.376479924,8.376479924,-0.9230615519532535
2775.0,45.638056193050005,45.638056193050005,-1.6378451041931132
27756.0,8.922695916,8.922695916,-0.9504960925541311
2776282.0,29.270779472,29.270779472,-1.4664342877184182
2777982.0,33.4608506678,33.4608506678,-1.524536977739207
2779938.0,25.03705798,25.03705798,-1.3985832950608366
27812.0,20.008950624,20.008950624,-1.3012243125164362
2787.0,13.582055061950001,13.582055061950001,-1.1105224931086743
27882.0,16.81371695195,16.81371695195,-1.2078909827449118
2789.0,24.562495706,24.562495706,-1.3717256789628922
27891.0,8.8859748759,8.8859748759,-0.9487050809875195
27918.0,25.3448363361,25.3448363361,-1.4038894911183808
2794.0,10.7705346919,10.7705346919,-1.032237263927284
2796.0,14.36376628,14.36376628,-1.157268329889561
2797.0,11.978915108,11.978915108,-1.0784174871731371
27982.0,6.84336196,6.84336196,-0.8352695113646215
2799.0,12.13906395195,12.13906395195,-1.0841850307933734
27990.0,13.6148281841,13.6148281841,-1.1340121650172903
2800.0,5.753990232,5.753990232,-0.7599691202946444
2803.0,12.647126128,12.647126128,-0.9436016851518658
2804.0,21.989582712,21.989582712,-1.3422169879967485
28061.0,16.027254976,16.027254976,-1.2048591461307472
28118.0,7.16056116795,7.16056116795,-0.8147160494929486
2812.0,20.688573552,20.688573552,-1.3157305477052994
28145.0,12.001507052,12.001507052,-1.0792357846536367
28207.0,30.4812617228,30.4812617228,-1.4410636066395983
28280.0,18.4940338119,18.4940338119,-1.2670316472966676
28292.0,14.403261772,14.403261772,-1.1584608538431722
2829432.0,9.518673568,9.518673568,-0.9785764334439672
28417.0,12.899839224,12.899839224,-1.1105842975422922
284314.0,18.17011492195,18.17011492195,-1.2581561879296541
2843496.0,12.1908069519,12.1908069519,-1.0860324540316852
28446.0,7.2504564479499995,7.2504564479499995,-0.6891036874333537
28503.0,43.131572271500005,43.131572271500005,-1.5329903162592589
285097.0,17.948500813949998,17.948500813949998,-1.2163340039346822
28554.0,7.69510022595,7.69510022595,-0.8859376800993628
28693.0,56.4332755895,56.4332755895,-1.7515352590093376
28697.0,5.43764141795,5.43764141795,-0.7320782382174101
2871.0,12.6814551441,12.6814551441,-1.103169089885948
28718.0,61.201630061299994,61.201630061299994,-1.7660896970353734
28767.0,57.9679366819,57.9679366819,-1.7631878423129352
28780.0,37.8486703815,37.8486703815,-1.5780506273996249
2879.0,12.06038648,12.06038648,-1.0813612251707982
2883.0,15.461850956,15.461850956,-1.1563529435005342
28858.0,14.487416108,14.487416108,-1.1609909341182847
28871.0,26.716796813949998,26.716796813949998,-1.426271981273803
28891.0,14.3201842399,14.3201842399,-1.1559486055316965
289.0,25.874289048,25.874289048,-1.412868425449615
2893.0,77.07334092114999,77.07334092114999,-1.8809299333642469
28935.0,4.285785408000001,4.285785408000001,-0.6260388790475431
2898.0,4.3236705439,4.3236705439,-0.5958707751036705
28999.0,14.925514591950002,14.925514591950002,-1.1705006337640718
2904.0,10.0002513361,10.0002513361,-1.000010915250964
29096.0,11.037058728,11.037058728,-1.0428533534304194
2910.0,13.54496095,13.54496095,-1.110928691909674
29112.0,8.9480339241,8.9480339241,-0.9517276219401828
2912.0,9.618061504,9.618061504,-0.9797883637444079
29216.0,82.52219128995,82.52219128995,-1.9161348064431607
29249.0,5.42229038,5.42229038,-0.7231102101604749
29307.0,34.0015218361,34.0015218361,-1.531498355578419
29327.0,5.95555714995,5.95555714995,-0.7746915089617714
29354.0,43.7939500458,43.7939500458,-1.64141411865015
2943.0,15.19897570595,15.19897570595,-1.1817925436671382
2944.0,11.994458308,11.994458308,-1.078980639201835
2950.0,7.5929292259,7.5929292259,-0.8803972780549609
2955.0,6.87570723195,6.87570723195,-0.8371782895151528
2969.0,13.1064154759,13.1064154759,-1.115530563287114
2972.0,23.615575809950002,23.615575809950002,-1.3722903349132825
29732.0,12.1582944519,12.1582944519,-1.0848726570025962
298107.0,24.039285972,24.039285972,-1.3809215638704009
298391.0,12.916841524,12.916841524,-1.0910674838017353
29858.0,28.0097654839,28.0097654839,-1.447309472640972
29872.0,31.990215452,31.990215452,-1.5050171650387685
2997.0,9.336945969950001,9.336945969950001,-0.9317145984989639
2998.0,17.8980458639,17.8980458639,-1.2528056166305632
3000579.0,10.1549284879,10.1549284879,-1.0066768694030832
3000668.0,10.006714908,10.006714908,-1.0002915268812298
3001055.0,10.59283449,10.59283449,-0.9759007749781032
30019.0,10.2538305399,10.2538305399,-1.0108861357887506
3002119.0,5.95866788995,5.95866788995,-0.7529735412597691
3002190.0,25.9558075559,25.9558075559,-1.4142345455098115
3005572.0,16.3750731919,16.3750731919,-1.2141832498404468
3011155.0,4.652398772,4.652398772,-0.6676769324228826
3015003.0,7.3044668441,7.3044668441,-0.8635885221025539
3016.0,13.501035968,13.501035968,-1.1303670942671418
3016408.0,7.007146564,7.007146564,-0.8455412014483004
3017.0,6.95208535605,6.95208535605,-0.8319397526511663
30231.0,6.50779936,6.50779936,-0.8134341548689883
3024.0,5.673793312,5.673793312,-0.75387351103459
3025.0,8.563080062000001,8.563080062000001,-0.9015442642816842
3025067.0,7.4047121439,7.4047121439,-0.8695081801096609
3026.0,12.363729507999999,12.363729507999999,-1.0921231144177348
3030.0,5.25352598995,5.25352598995,-0.6909100084396935
3030770.0,5.1747339959,5.1747339959,-0.7138880300551453
3031.0,8.694275525950001,8.694275525950001,-0.9019024116013986
3032281.0,13.07228455,13.07228455,-1.1115772701930349
3032297.0,11.37511939395,11.37511939395,-1.0469409106161618
3032325.0,5.327624556,5.327624556,-0.7265336119950887
3032361.0,11.717026762,11.717026762,-1.0385004615139755
3032472.0,14.844716287999999,14.844716287999999,-1.151495932046185
3032581.0,10.1062343919,10.1062343919,-1.0045893665252383
3032791.0,10.41133636405,10.41133636405,-1.0165462398039298
3032792.0,31.0088402519,31.0088402519,-1.4914855236827014
3032818.0,28.6479398,28.6479398,-1.4570933953902163
3032854.0,7.5152418899499995,7.5152418899499995,-0.8683835621353293
3033226.0,19.803008792,19.803008792,-1.2725701287086482
3033674.0,7.416861277950001,7.416861277950001,-0.8179728578785925
3033690.0,14.920404988049999,14.920404988049999,-1.1243446860709474
3033769.0,10.513995735950001,10.513995735950001,-1.0134990764699479
3033842.0,10.5103784,10.5103784,-1.0216183520009963
3033871.0,11.385928132,11.385928132,-1.0563684382165854
3033877.0,6.241371556,6.241371556,-0.7952800373985899
3033968.0,82.7716728625,82.7716728625,-1.9178817326255853
3034287.0,13.950795612,13.950795612,-1.1445989760718662
3034319.0,23.1057783879,23.1057783879,-1.3637206036218987
3034351.0,12.5177360599,12.5177360599,-1.0975257900885464
3034368.0,8.20096404405,8.20096404405,-0.8623414013385841
3034658.0,194.83015168845,194.83015168845,-2.2893780369571215
3036.0,8.893005648,8.893005648,-0.9490485681387218
30360.0,18.897508551999998,18.897508551999998,-1.2761456212788502
3036780.0,9.799287427949999,9.799287427949999,-0.9871838869590934
3038.0,9.3841034919,9.3841034919,-0.9723927887188591
3039.0,12.5117592159,12.5117592159,-1.0973183779622426
3041255.0,10.4970414479,10.4970414479,-1.0210669120314455
3045381.0,10.8074601159,10.8074601159,-1.033723641478277
3045407.0,23.022151636,23.022151636,-1.3539160989727548
3045414.0,10.86496688395,10.86496688395,-1.027152040697895
3047798.0,23.185975096,23.185975096,-1.3635430674148075
30479.0,14.213580107950001,14.213580107950001,-1.1488211447505974
3052775.0,16.570407036,16.570407036,-1.219333176573687
3053.0,16.6396662719,16.6396662719,-1.2211446117548428
3054.0,7.801572424,7.801572424,-0.8921821445164151
30541.0,24.35176981795,24.35176981795,-1.3858115141667418
3055.0,9.1558482759,9.1558482759,-0.9616985872478784
3058503.0,12.678857776,12.678857776,-1.1030801302078241
3058739.0,5.5652649479,5.5652649479,-0.7454858448022518
3058754.0,11.346471064,11.346471064,-1.0548608099222359
3058839.0,10.9665422921,10.9665422921,-1.0400697178053004
3061720.0,11.8142926239,11.8142926239,-1.0724077235364198
30623.0,7.8779653799,7.8779653799,-0.8964140679492045
3067270.0,17.9135840479,17.9135840479,-1.253182485709691
30692.0,72.81995861105,72.81995861105,-1.8522211849093413
307.0,22.20083604,22.20083604,-1.3463693294381152
30709.0,9.91385434395,9.91385434395,-0.9561591485637972
30717.0,9.0775267559,9.0775267559,-0.9579675376645337
3073.0,6.0720100559,6.0720100559,-0.7833324821262685
3074.0,7.685407424,7.685407424,-0.8856668955579277
30771.0,4.8604517259,4.8604517259,-0.658268516373499
30773.0,10.06658511605,10.06658511605,-1.002783620630069
308.0,21.13550067995,21.13550067995,-1.3239363038993721
3081.0,27.5133083599,27.5133083599,-1.4395428156190737
3081304.0,9.382766036,9.382766036,-0.9723308871089739
3081361.0,6.09800546,6.09800546,-0.785187808885841
3081545.0,11.5680265319,11.5680265319,-1.0497980905635418
3083671.0,19.6817174759,19.6817174759,-1.2940629933718013
3083870.0,10.92478536,10.92478536,-1.0384129131130948
3084014.0,5.5509088119,5.5509088119,-0.7443640929751807
3086172.0,8.88494738805,8.88494738805,-0.9464899366447532
3090.0,8.684470648,8.684470648,-0.9387433516652216
3092.0,8.137401893949999,8.137401893949999,-0.9056475747829398
30951.0,19.1931449219,19.1931449219,-1.2682630868912281
3100.0,3.94343390395,3.94343390395,-0.5938935501678044
3102.0,9.87853496395,9.87853496395,-0.9788208478604223
31070.0,11.644190188,11.644190188,-1.0661092902848404
31072.0,6.91999999395,6.91999999395,-0.7764579313031179
3108.0,559.20927158525,559.20927158525,-2.7402208885577135
311.0,6.88765265195,6.88765265195,-0.8137658423492314
31101.0,10.0064530759,10.0064530759,-1.0002801631394862
31143.0,14.25704271195,14.25704271195,-1.1488769778046988
3117.0,8.4615459,8.4615459,-0.9274497146355514
31170.0,6.05073994595,6.05073994595,-0.7423226764847111
3118.0,9.8350396799,9.8350396799,-0.9927761164390717
3120.0,10.06825816395,10.06825816395,-0.9706229237132196
31209.0,6.29530776,6.29530776,-0.7990169664061694
3121.0,25.098258476,25.098258476,-1.3996435875964546
31215.0,7.528993892,7.528993892,-0.8767369448134269
31217.0,23.572637196,23.572637196,-1.3724081720704253
31218.0,9.5380034639,9.5380034639,-0.9794574758198428
31219.0,9.084042514,9.084042514,-0.8943598152278505
31222.0,23.08614108,23.08614108,-1.3613479852911503
31223.0,9.069681644,9.069681644,-0.9575920431041308
31224.0,20.831531644,20.831531644,-1.318721202740972
31225.0,15.06643382795,15.06643382795,-1.0794573108423653
31226.0,8.5737257519,8.5737257519,-0.9331695876022578
31230.0,7.473417836,7.473417836,-0.8735192641772526
31234.0,7.2582301839,7.2582301839,-0.8608307370820102
31236.0,8.5142908519,8.5142908519,-0.9301484817840002
31237.0,6.1708007521,6.1708007521,-0.7903415237826414
31241.0,29.0001011976,29.0001011976,-1.4623995133983554
31242.0,33.0,33.0,-1.5185139398778875
31243.0,7.628046036,7.628046036,-0.8824133053913301
312440.0,8.14735561995,8.14735561995,-0.8610862235870402
31249.0,5.2429880399,5.2429880399,-0.7195788670192054
31251.0,25.182823708,25.182823708,-1.4011044252177407
31255.0,6.342015916,6.342015916,-0.8022273276031324
31256.0,10.6787105579,10.6787105579,-0.9915300562580336
31264.0,12.397197344,12.397197344,-1.0933235145485347
31265.0,18.4449839699,18.4449839699,-1.2590293905252472
31269.0,16.742869058,16.742869058,-1.1544276221443224
31276.0,15.056239007950001,15.056239007950001,-1.1614767106302475
31279.0,5.185017256,5.185017256,-0.7147502060814935
31284.0,7.41120954395,7.41120954395,-0.8674917693283692
31286.0,8.32432651395,8.32432651395,-0.9119454135470548
31288.0,31.113005412,31.113005412,-1.4929419645257658
31289.0,18.947219664,18.947219664,-1.277545490126143
312915.0,7.00095871195,7.00095871195,-0.841456267542972
31294.0,19.7276820599,19.7276820599,-1.29507606002499
31296.0,11.0980356319,11.0980356319,-1.023097206191263
31297.0,7.2951137279,7.2951137279,-0.8630320667592045
31307.0,186.092590084,186.092590084,-2.2697290805477532
31326.0,11.512845283899999,11.512845283899999,-1.0287490171086757
31335.0,7.0143600359,7.0143600359,-0.8459880537598682
31337.0,19.5218468199,19.5218468199,-1.2905209007154956
31340.0,53.9576231514,53.9576231514,-1.7320528106261368
31343.0,24.3613097319,24.3613097319,-1.3867006334701268
31344.0,5.901955948,5.901955948,-0.770995963616683
31353.0,24.685603424,24.685603424,-1.3924437477398899
31355.0,14.3202090159,14.3202090159,-1.115008634481789
31356.0,5.276130532,5.276130532,-0.7223155314964005
31357.0,21.1974678799,21.1974678799,-1.3252308016218013
31362.0,8.07211983795,8.07211983795,-0.8287750706912351
31368.0,11.6318888,11.6318888,-1.0656502417115559
31370.0,11.113910696,11.113910696,-1.0458669027615581
31373.0,9.4686389679,9.4686389679,-0.9762875575449266
31374.0,9.2864326759,9.2864326759,-0.9678489145636474
31378.0,197.2927108936,197.2927108936,-2.295111040258959
31386.0,21.3713436179,21.3713436179,-1.301403078188505
31389.0,21.254738572,21.254738572,-1.3274557676218408
31390.0,6.73528068,6.73528068,-0.8283556988318651
31398.0,16.0218087879,16.0218087879,-1.204711544348715
31404.0,7.8139188319,7.8139188319,-0.892868895621678
31405.0,31.12168301795,31.12168301795,-1.3434197264506484
31420.0,36.387686092,36.387686092,-1.5609544394986588
31423.0,9.37515922995,9.37515922995,-0.9719401448515907
31426.0,11.877604592,11.877604592,-1.0747288634253584
31432.0,10.3367951359,10.3367951359,-1.0143859091118999
31473.0,14.352352916,14.352352916,-1.15692310487971
31475.0,4.771018688,4.771018688,-0.6786111176864429
31477.0,143.064112156,143.064112156,-2.140441678785021
31492.0,32.183830101,32.183830101,-1.5076377269211176
31553.0,14.4720008079,14.4720008079,-1.1605285780962642
31593.0,17.54625739595,17.54625739595,-1.2342635931456902
31645.0,16.053511522,16.053511522,-1.076115612499229
31657.0,51.5686247498,51.5686247498,-1.7123855496433438
31677.0,7.0431123279,7.0431123279,-0.8477646148438601
3168.0,11.942139072,11.942139072,-1.0770821244450328
31728.0,4.3157895239,4.3157895239,-0.635060256484063
31736.0,55.032309689499996,55.032309689499996,-1.7405609490071803
3182.0,15.464571269950001,15.464571269950001,-1.0652742120413323
31899.0,46.1532220639,46.1532220639,-1.6642020255293397
3191.0,9.8185605599,9.8185605599,-0.9920478231520928
31954.0,10.291552295999999,10.291552295999999,-0.9725497311512541
32152.0,7.209826658,7.209826658,-0.8548548633381043
32154.0,9.16192325,9.16192325,-0.9218444612249324
32169.0,21.4582003399,21.4582003399,-1.3315932956716487
32184.0,9.089303728,9.089303728,-0.9585306160416425
3220.0,19.985443523950003,19.985443523950003,-1.2996209363632016
3224.0,15.152331606,15.152331606,-1.1797419404543075
3225.0,26.13546339405,26.13546339405,-1.4161221957874868
3226.0,24.10043597375,24.10043597375,-1.2495658530017482
3229.0,8.9686939079,8.9686939079,-0.9527292022534524
323.0,23.4237376404,23.4237376404,-1.3557048516223218
32343.0,91.15594916,91.15594916,-1.9597850175115419
32346.0,27.218480158,27.218480158,-1.4339805257116987
32485.0,6.3965487239,6.3965487239,-0.8059457123506238
32490.0,6.61016826,6.61016826,-0.8202125144719448
325.0,15.158223304,15.158223304,-1.180648300604265
3255932.0,9.1218776879,9.1218776879,-0.9600842446396017
326.0,10.470315772,10.470315772,-1.019959779670166
32681.0,13.99930380795,13.99930380795,-1.143406949875175
3270262.0,12.491075561999999,12.491075561999999,-1.0947258067975971
32731.0,13.51226778,13.51226778,-1.1307282432994836
3275.0,7.9745535779,7.9745535779,-0.7535826443041249
3276.0,10.476106057900001,10.476106057900001,-1.0187901347523622
32793.0,11.02537762435,11.02537762435,-1.0423887667638891
32798.0,274.6002365228,274.6002365228,-2.4387009069739434
3282.0,14.866015753950002,14.866015753950002,-1.1676950541833098
3286.0,15.844190816,15.844190816,-1.199870064093076
3289.0,12.8276291679,12.8276291679,-1.1081463964807081
3291.0,6.75922982,6.75922982,-0.8298972131043904
32912.0,16.182834404,16.182834404,-1.2090545900951213
3292.0,11.9300679879,11.9300679879,-1.0766429186649498
3293.0,7.610538117999999,7.610538117999999,-0.8594523338749254
32933.0,9.105183344,9.105183344,-0.8423298043254752
3295.0,17.528134412,17.528134412,-1.1772611662271188
33.0,6.7208340079,6.7208340079,-0.8274231692672723
3300.0,52.4722266578,52.4722266578,-1.719929493866292
33005.0,7.6254470039,7.6254470039,-0.8822653071187653
3301.0,8.8408558759,8.8408558759,-0.9464943107356856
33032.0,4.187088244,4.187088244,-0.6219121138595647
33039.0,3.6566538159,3.6566538159,-0.5630838465942852
3307.0,25.492838824,25.492838824,-1.4064182001985768
3308.0,6.1490502879,6.1490502879,-0.7888080447877239
3309.0,19.481378708,19.481378708,-1.2896196888921132
33094.0,5.2869561319,5.2869561319,-0.7232057068959756
33133.0,22.190211128,22.190211128,-1.336168805092349
3317081.0,4.4700181479,4.4700181479,-0.6503092863348066
33176.0,11.8286648379,11.8286648379,-0.9036097160375871
3324.0,8.3453617079,8.3453617079,-0.9214451647828752
3325.0,10.7599718479,10.7599718479,-1.0318111350554933
33254.0,24.0916513319,24.0916513319,-1.381866569186921
33255.0,16.23278163395,16.23278163395,-1.0908406309025949
33256.0,8.04138958195,8.04138958195,-0.9052704355994066
3326.0,6.9461413599499995,6.9461413599499995,-0.8393877917562531
33286.0,12.43049612795,12.43049612795,-1.0765091084106402
33309.0,107.8238738008,107.8238738008,-2.0327149307210512
3331.0,9.117046976,9.117046976,-0.9598541925274787
3333.0,4.33906941195,4.33906941195,-0.6045121127142388
33334.0,169.5604237887,169.5604237887,-2.229324493345959
3334.0,36.09159978215,36.09159978215,-1.5555551720607081
33344.0,68.5397224075,68.5397224075,-1.8359423411627844
3335.0,34.7511314839,34.7511314839,-1.540968949622944
3337.0,10.6796587679,10.6796587679,-1.0285573765141116
3339.0,18.0272937599,18.0272937599,-1.2559305357431694
3341.0,7.3962806359,7.3962806359,-0.8690133811662261
33443.0,6.4616848679,6.4616848679,-0.810345773943257
3346.0,17.09019886,17.09019886,-1.2327471161612407
3347.0,19.30365314595,19.30365314595,-1.2801260178279676
33478.0,5.457966798,5.457966798,-0.6755449170279801
335.0,8.86076348,8.86076348,-0.9474711441066547
33500.0,14.630885643950002,14.630885643950002,-1.161569659329777
3354132.0,8.09053567395,8.09053567395,-0.9072312548003298
33557.0,3.731223148,3.731223148,-0.5718512230550483
33565.0,5.234886456,5.234886456,-0.718907266326718
3356745.0,5.6761949399,5.6761949399,-0.7540573021957742
3357.0,7.0525234599,7.0525234599,-0.8483445394907388
33599.0,16.50653706395,16.50653706395,-1.1334684697957844
33613.0,9.8676184959,9.8676184959,-0.9942123503507051
33624.0,4.9309068039,4.9309068039,-0.6929267942702464
3365.0,10.480602372,10.480602372,-1.0162885117015708
3366.0,6.0046871699499995,6.0046871699499995,-0.7780335331263216
3371.0,39.5367172571,39.5367172571,-1.5918032080949296
3373.0,8.9951941359,8.9951941359,-0.9540105408044477
33733.0,10.514968138,10.514968138,-1.0189892928784365
337359.0,33.9170040318,33.9170040318,-1.5304174830327435
33775.0,96.1278499233,96.1278499233,-1.9827227133772842
33786.0,84.02755075105,84.02755075105,-1.9244026031477959
338.0,6.3820837799,6.3820837799,-0.8049625010341515
3385.0,4.415730272,4.415730272,-0.6450025373299194
338733.0,7.53583494,7.53583494,-0.8763436570632173
3391107.0,17.491103692,17.491103692,-1.2316409062047282
33919.0,8.795390208,8.795390208,-0.9442551117209358
3393.0,7.6220788521,7.6220788521,-0.8820734373323409
33934.0,17.8495261279,17.8495261279,-1.2157585227533256
3394.0,14.654023729950001,14.654023729950001,-1.1417907257364548
3395.0,18.7631706201,18.7631706201,-1.2733062277778586
33960.0,39.8608710559,39.8608710559,-1.600546784847094
34051.0,12.858924956,12.858924956,-1.1092046618080347
3417419.0,9.707976841899999,9.707976841899999,-0.9868381653647518
3418.0,6.839291256,6.839291256,-0.8350110988610064
34192.0,11.30095574795,11.30095574795,-1.0520045239225626
3420996.0,18.352063232,18.352063232,-1.2602673059424034
3423265.0,8.31538888,8.31538888,-0.8734048671270331
34286.0,16.189768932,16.189768932,-1.2092406503424118
34306.0,21.255724988,21.255724988,-1.3274759224256167
3433.0,26.9491392199,26.9491392199,-1.4305448979822095
3437714.0,3.7048396179500003,3.7048396179500003,-0.5676122731341191
3440.0,15.18625521795,15.18625521795,-1.1779291286038471
3442.0,13.330644184,13.330644184,-1.1248511365704075
3444.0,11.313269267999999,11.313269267999999,-1.0449638189203356
3446.0,7.55780766995,7.55780766995,-0.8783615755737966
3448.0,10.145995132,10.145995132,-1.0062946496090175
34526.0,21.351814318,21.351814318,-1.267093233430548
3454.0,17.9403815,17.9403815,-1.2538316740248634
3463.0,9.6635531759,9.6635531759,-0.9851368408003114
34632.0,45.8173242299,45.8173242299,-1.6610297224325667
34665.0,32.7191258,32.7191258,-1.5148016915363276
34697.0,37.0403271612,37.0403271612,-1.5686748139622824
3475.0,13.772914964049999,13.772914964049999,-1.0273365110355244
34757.0,154.1362974598,154.1362974598,-2.187736378217619
3476.0,18.869035181999998,18.869035181999998,-1.2751123027920177
34763.0,15.22028997,15.22028997,-1.1281116706134173
34766.0,20.1020105479,20.1020105479,-1.3032394965344736
3478.0,7.407670688,7.407670688,-0.869681667307334
3485.0,10.4775081879,10.4775081879,-1.0202580088958508
34870.0,7.44902732,7.44902732,-0.8720995670925229
3488.0,7.9111336079,7.9111336079,-0.8982387191969198
3516.0,10.127825488,10.127825488,-0.9390808755512594
35370.0,10.811434003950001,10.811434003950001,-1.0010502772676293
35375.0,9.2167332159,9.2167332159,-0.9645770167467835
3543259.0,12.653920568,12.653920568,-1.1022251039505713
35455.0,135.5407694964,135.5407694964,-2.1320699469015554
356.0,19.0468064239,19.0468064239,-1.1962718830741563
3571576.0,2.5578754359,2.5578754359,-0.4078793912691093
3571582.0,3.7984687818999996,3.7984687818999996,-0.5796085488135512
35751.0,38.5776145124,38.5776145124,-1.5863353690794604
35805.0,15.53660322005,15.53660322005,-1.1741566980052243
3589.0,15.8207724759,15.8207724759,-1.1992276848399386
3599.0,15.755443694,15.755443694,-1.0915155055215542
3604.0,14.545071364,14.545071364,-1.1627158564125983
3607.0,16.213064812,16.213064812,-1.2004814996982809
3608.0,5.2052932599,5.2052932599,-0.7164452021594425
36081.0,11.16451349195,11.16451349195,-0.987723525598958
3610.0,36.4880786984,36.4880786984,-1.562150995931084
36159.0,13.614937632,13.614937632,-1.1340156562422496
36190.0,22.120349378,22.120349378,-1.2919993311298126
36242.0,11.4418384839,11.4418384839,-1.0584958128540451
3627.0,17.3579956319,17.3579956319,-1.2394995747424247
36273.0,39.1865651583,39.1865651583,-1.5921492421646861
36274.0,8.1407517439,8.1407517439,-0.9106645109276621
36294.0,11.814182244000001,11.814182244000001,-1.0206676960643817
36324.0,26.752564232,26.752564232,-1.4273654154576374
36326.0,12.8394697596,12.8394697596,-1.1085470887457034
36339.0,12.7163952199,12.7163952199,-1.1043640171315687
3639.0,4.0434144100000005,4.0434144100000005,-0.5946858796389359
36392.0,14.81892634995,14.81892634995,-1.1702568406317801
3647.0,10.3856542159,10.3856542159,-1.016433858926621
36565.0,30.40702308145,30.40702308145,-1.4782891861978564
3657.0,13.827649652,13.827649652,-1.1407483673897012
3658.0,45.5875496627,45.5875496627,-1.5926867922045396
36605.0,33.60234598,33.60234598,-1.5263695991339503
36606.0,26.204522704,26.204522704,-1.4183762537578712
36679.0,43.0725369435,43.0725369435,-1.6342004521692692
3671.0,21.618810236,21.618810236,-1.3348317894249746
3672.0,6.90974018195,6.90974018195,-0.8255916957275322
3681.0,182.3570724554,182.3570724554,-2.2609226114600034
3686.0,4.0147435999,4.0147435999,-0.6036578144455148
36870.0,17.311364996000002,17.311364996000002,-1.2338682589161492
3690.0,5.822377676,5.822377676,-0.7651003730854207
3696.0,7.13847595395,7.13847595395,-0.8533652778731388
3698.0,6.5636703601,6.5636703601,-0.8171467618410758
370.0,12.396473365950001,12.396473365950001,-1.0827618035170405
3702.0,15.3398976839,15.3398976839,-1.1858224629072367
37034.0,2.8765359719,2.8765359719,-0.4588698093714232
3712.0,11.342888556,11.342888556,-1.0547236651552825
37123.0,39.229949971950006,39.229949971950006,-1.5926184598184885
37125.0,14.0837354039,14.0837354039,-1.1487178572313184
3714831.0,18.461880628,18.461880628,-1.2478467762675964
3715.0,8.43440678,8.43440678,-0.9260545426178046
3718.0,106.08563848349999,106.08563848349999,-2.0243556560621996
3720192.0,17.737869226,17.737869226,-1.2114533593931904
3723.0,25.30549338195,25.30549338195,-1.1903815198113585
3724.0,13.833254593949999,13.833254593949999,-1.136950980023376
37274.0,21.73474632,21.73474632,-1.3371545756302785
3728.0,10.0127902039,10.0127902039,-1.00055511657054
3730.0,8.2296058519,8.2296058519,-0.9153790356443512
3731.0,4.5188512119499995,4.5188512119499995,-0.6288168269957563
3735.0,41.1467630811,41.1467630811,-1.6143356759684653
37384.0,13.978867875949998,13.978867875949998,-1.1173991970300174
3739.0,4.4122460919,4.4122460919,-0.611203959700014
37392.0,9.788516084,9.788516084,-0.9907168587717806
3740.0,16.5823770639,16.5823770639,-1.2147647016910539
3741.0,10.539447579900001,10.539447579900001,-0.9886899732307959
3742.0,4.968632924,4.968632924,-0.6962369128312785
3743.0,25.3669316,25.3669316,-1.404267937864993
3744660.0,6.1672396438999995,6.1672396438999995,-0.7308184124660271
3747.0,115.9613341502,115.9613341502,-2.0643132033260847
37497.0,4.218115145900001,4.218115145900001,-0.6063597922006627
37511.0,5.143543588,5.143543588,-0.7112624245337376
37517.0,15.194338492,15.194338492,-1.1802342442203524
37524.0,21.0547130319,21.0547130319,-1.3233493265203955
37542.0,10.2047541319,10.2047541319,-1.0088025455101552
3759.0,17.802208274,17.802208274,-1.248583537921133
3763.0,12.967234084,12.967234084,-1.1128473507827954
3767.0,13.276858836,13.276858836,-1.123095337716058
3775.0,4.04454922195,4.04454922195,-0.5824082464908805
3776.0,11.94831998795,11.94831998795,-1.0414803571061522
37768.0,7.118957364,7.118957364,-0.8266238228428915
3778.0,13.543345372,13.543345372,-1.1317259536508677
37829.0,11.2373137439,11.2373137439,-1.0506625064617021
3784.0,10.4260538,10.4260538,-1.0181199616213898
379.0,12.2768828439,12.2768828439,-1.0890881114678295
37995.0,8.977857984,8.977857984,-0.9531727312446321
38018.0,9.4525717999,9.4525717999,-0.9755499848636601
38072.0,166.3124171908,166.3124171908,-2.2209246756544263
3821.0,5.4221090879,5.4221090879,-0.7341682509420738
3825.0,15.0,15.0,-1.1760912590556813
38258.0,22.4154198705,22.4154198705,-1.328910623347265
3827.0,3.9712055159,3.9712055159,-0.5989223630426661
3828.0,8.178415783950001,8.178415783950001,-0.8960340345719774
38283.0,10.25810085195,10.25810085195,-0.9130132192765128
38284.0,20.769813184,20.769813184,-1.3174325902509003
3830.0,16.291988804,16.291988804,-1.2119741029630215
38347.0,29.0965487719,29.0965487719,-1.4638414790818663
38360.0,41.1495514271,41.1495514271,-1.614365105312638
3840.0,12.920276364,12.920276364,-1.1109909022112676
38409.0,7.75257519995,7.75257519995,-0.8767578211054652
38479.0,4.99464091395,4.99464091395,-0.679869274066502
385.0,10.08876745395,10.08876745395,-1.0030317586447182
387179.0,27.37890499065,27.37890499065,-1.303795238758439
38764.0,14.690810354,14.690810354,-1.1666792707518376
3878.0,10.5155386679,10.5155386679,-1.0218315247165424
3883.0,39.7038487239,39.7038487239,-1.5988326074819168
38852.0,6.145160336,6.145160336,-0.788533218732909
38853.0,3.0316450679,3.0316450679,-0.4816783545868459
38854.0,14.190769970000002,14.190769970000002,-1.0942523271470688
38855.0,9.057950152,9.057950152,-0.9570299263302788
38884.0,5.788507844,5.788507844,-0.7625666261394054
3893.0,24.280675751449998,24.280675751449998,-1.38084407931643
3899.0,113.5977663027,113.5977663027,-2.0531274385667797
3902.0,3.959439868,3.959439868,-0.5976337517227914
39040.0,19.04826545005,19.04826545005,-1.2405243573686895
39042.0,18.5671446439,18.5671446439,-1.268745120716345
39147.0,12.4946902439,12.4946902439,-1.0967254939932842
39186.0,6.875794724,6.875794724,-0.8373229024005823
39223.0,4.0,4.0,-0.6020599913279624
3926.0,10.701824312,10.701824312,-1.0294578170404756
392622.0,21.22215679995,21.22215679995,-1.2913401260516397
39299.0,10.256380284,10.256380284,-1.0109941151565014
39327.0,16.688100122,16.688100122,-1.2220373977099155
39328.0,18.002789818,18.002789818,-1.1937236921823988
3936.0,64.55963888925,64.55963888925,-1.8099510186525505
39385.0,10.391943084,10.391943084,-1.0166967594687029
39485.0,8.458837364,8.458837364,-0.9273106749659966
39562.0,11.033863972,11.033863972,-1.0427276255729687
3965.0,9.9215444879,9.9215444879,-0.9965792840857095
39676.0,2.6698016159,2.6698016159,-0.42647899158147673
3969.0,4.5837022639,4.5837022639,-0.6612164001144962
39764.0,9.1959687359,9.1959687359,-0.9635974861021139
39801.0,5.2722372839,5.2722372839,-0.7219949480141411
39836.0,3.7924282799,3.7924282799,-0.578917376422989
39912.0,10.3946686239,10.3946686239,-1.0168106488280844
39965.0,20.09262103195,20.09262103195,-1.3021265370811101
39985.0,3.8693976759,3.8693976759,-0.587643366468112
4.0,5.4718461441,5.4718461441,-0.7381338775081553
40000.0,182.5223249292,182.5223249292,-2.261315992083374
4004.0,12.51426694395,12.51426694395,-1.0973909794765828
4006.0,7.6909101959,7.6909101959,-0.885977740278028
4011.0,7.145640212,7.145640212,-0.8540411453849298
40114.0,12.9623006839,12.9623006839,-1.064580888478423
4021.0,8.2935993159,8.2935993159,-0.9187430497045012
40273.0,12.142327486,12.142327486,-1.0790127166367285
4030.0,50.1851187824,50.1851187824,-1.7005749564120858
40301.0,53.7037538094,53.7037538094,-1.7300046432736884
40326.0,10.8645238239,10.8645238239,-1.036010696585263
4041.0,80.4255660288,80.4255660288,-1.9053941261151253
4044.0,19.4040969139,19.4040969139,-1.2695299327137826
4047.0,14.5152354801,14.5152354801,-1.1618240857673123
40585.0,22.1513255739,22.1513255739,-1.294594275823233
4059.0,6.7618617759,6.7618617759,-0.8300662887933334
4064.0,19.614105148,19.614105148,-1.2925684991517246
4068533.0,8.45355168195,8.45355168195,-0.908711019049981
4075.0,21.384728292,21.384728292,-1.3301037366113133
4078.0,7.439112412,7.439112412,-0.8715211213569154
40813.0,6.299725056,6.299725056,-0.7993215956015698
40854.0,17.465107288,17.465107288,-1.2421712578490312
4091.0,12.0798750319,12.0798750319,-1.0820624414674826
4093.0,11.84186238,11.84186238,-1.0734200096294562
4096.0,17.656263996,17.656263996,-1.2088019419307259
40973.0,13.02140763395,13.02140763395,-1.1107474241759416
4099.0,27.109169146,27.109169146,-1.4331162073319819
4100.0,16.456429952,16.456429952,-1.2163356255110356
4101.0,13.62889866,13.62889866,-1.1344607622756178
4107.0,10.06158649395,10.06158649395,-0.989757847312755
4109.0,25.612365784,25.612365784,-1.408449695589987
4110039.0,6.92181570595,6.92181570595,-0.8336771202338736
4114.0,17.84102584395,17.84102584395,-1.2500620458075797
4115.0,13.244028916,13.244028916,-1.1220201202864284
4116.0,9.2987828159,9.2987828159,-0.9684261043675088
4117.0,18.6531763199,18.6531763199,-1.2707527954342228
41206.0,5.166062745950001,5.166062745950001,-0.706767930215782
4121.0,4.9702751439,4.9702751439,-0.6963804310210556
4122.0,91.1673700894,91.1673700894,-1.9598394268613006
41270.0,10.6164321199,10.6164321199,-1.0259785872743081
4132186.0,6.5856016599,6.5856016599,-0.8185954582101989
4133.0,8.505594502000001,8.505594502000001,-0.9235740880855248
41368.0,12.201787892,12.201787892,-1.0864234712272083
41375.0,32.72732318,32.72732318,-1.514910485121745
41381.0,9.97982168,9.97982168,-0.9991227813591256
41384.0,20.91723238995,20.91723238995,-1.3134688239525936
41428.0,9.08353732,9.08353732,-0.9582550048422447
41463.0,16.69332623805,16.69332623805,-1.22249505855584
41478.0,8.5193551039,8.5193551039,-0.9304067208913619
41632.0,13.175235464,13.175235464,-1.1197583855393922
4165.0,10.5114609239,10.5114609239,-1.0216630801667357
4168.0,14.444252599999999,14.444252599999999,-1.1497052398891723
41684.0,79.90892339355,79.90892339355,-1.90253404773647
41690.0,13.810922356,13.810922356,-1.140222683701352
4170.0,9.0724076039,9.0724076039,-0.9577225539108182
4173.0,24.2025916279,24.2025916279,-1.3838618729817855
41781.0,21.15403521395,21.15403521395,-1.313169022481032
4184.0,7.282585196,7.282585196,-0.8622855739637976
4189.0,11.53001852,11.53001852,-1.0618300048772962
4197.0,14.231282718,14.231282718,-1.1531304053000357
4201.0,18.78027301795,18.78027301795,-1.2184158973040091
4205.0,16.880197456,16.880197456,-1.2273775224762278
4211.0,17.958784836,17.958784836,-1.2542769472046773
4235.0,19.36792211195,19.36792211195,-1.2867801915987012
4236.0,10.70988277995,10.70988277995,-1.0248714793954865
4237.0,10.8334999039,10.8334999039,-1.0347687838089175
42504.0,7.3732505679500004,7.3732505679500004,-0.8597698913318419
42586.0,3.1842979519,3.1842979519,-0.503013697511607
426756.0,5.27925687595,5.27925687595,-0.6921390078834724
42725.0,1018.0955111437,1018.0955111437,-3.0077885226146077
42745.0,5.491008856,5.491008856,-0.7396521441480638
4284.0,11.9075546479,11.9075546479,-1.075822583316272
42963.0,11.6977941919,11.6977941919,-1.0681039762247362
42981.0,12.42048568395,12.42048568395,-1.088466995660144
43032.0,26.637987726,26.637987726,-1.4214762887681514
43079.0,36.73436744725,36.73436744725,-1.5602391451371052
43116.0,35.57880471245,35.57880471245,-1.5076083857775642
43226.0,9.5561410679,9.5561410679,-0.9802825521869177
43231.0,12.871693306000001,12.871693306000001,-1.108508869055322
43233.0,5.0269256281,5.0269256281,-0.701302460015283
43234.0,8.221384544,8.221384544,-0.9149449622097057
43261.0,9.749988112,9.749988112,-0.9890040861707473
43371.0,7.1108150579,7.1108150579,-0.8402784196560349
4338370.0,14.86154104195,14.86154104195,-1.1330070823935736
4343483.0,18.74487352595,18.74487352595,-1.2544270486478921
4348.0,21.387325138,21.387325138,-1.2556334751762284
43507.0,9.5415554499,9.5415554499,-0.916697476426515
4350929.0,4.50764218595,4.50764218595,-0.6369249397962814
43598.0,12.524428916,12.524428916,-1.0346526648182086
43704.0,16.503389638,16.503389638,-1.2172895425051877
4379756.0,12.48101053395,12.48101053395,-1.0895691164917714
4385787.0,4.315751444,4.315751444,-0.6350564245169777
439240.0,9.3563045719,9.3563045719,-0.9711043507752686
439250.0,17.463755916,17.463755916,-1.2421376527815278
439280.0,21.367074596,21.367074596,-1.329745066207922
439524.0,10.3470420279,10.3470420279,-1.0148162131199117
439693.0,12.3297685,12.3297685,-1.0909549224905897
439709.0,6.1511154580000005,6.1511154580000005,-0.6078130162310784
440707.0,93.54114535565,93.54114535565,-1.9701905690197106
44072.0,10.23290064995,10.23290064995,-0.97411513666527
44073.0,15.55270734195,15.55270734195,-1.1793874467556567
4409.0,104.7396697848,104.7396697848,-2.0201112003572823
440917.0,6.697438791950001,6.697438791950001,-0.8253158315252855
44093.0,3.2687283999,3.2687283999,-0.5143788363573585
440936.0,15.615775849999999,15.615775849999999,-1.1934715918539593
440966.0,29.8288253879,29.8288253879,-1.4746361518670146
440968.0,56.7381868195,56.7381868195,-1.7538754529461211
4410.0,9.4594273599,9.4594273599,-0.9758648465537025
441071.0,3.884593896,3.884593896,-0.5893456234085045
441080.0,21.739027872,21.739027872,-1.3372401193608678
441130.0,9.948014288,9.948014288,-0.9977364003609765
441199.0,3.45515006,3.45515006,-0.5384669138852493
441207.0,48.47346208,48.47346208,-1.6855040390861755
441308.0,22.678542104,22.678542104,-1.3556151323840586
441328.0,9.41746958395,9.41746958395,-0.9730648535761506
441333.0,13.440897676,13.440897676,-1.1191856612334488
441334.0,16.855427196,16.855427196,-1.2267397640663875
441336.0,211.89527754575,211.89527754575,-2.3253611392455853
441337.0,12.269075168,12.269075168,-1.0888118272280722
441345.0,4.8974441199,4.8974441199,-0.6899694893717194
44134533.0,6.576951068,6.576951068,-0.8180246107543997
441348.0,12.15311204395,12.15311204395,-1.0835058420668773
441351.0,9.4079031959,9.4079031959,-0.9734928400136585
441374.0,10.3039360159,10.3039360159,-1.012961452390924
441375.0,3.2511774519,3.2511774519,-0.5120406742878099
441383.0,22.9191115759,22.9191115759,-1.3601977788641864
441398.0,8.6830554879,8.6830554879,-0.9386725763321097
441401.0,10.594258084,10.594258084,-1.0250705484647693
441406.0,198.222797845,198.222797845,-2.2971536017582332
441412.0,11.8845982039,11.8845982039,-1.074984503625935
44151582.0,24.593020676,24.593020676,-1.3908118749098972
4418.0,5.569221796,5.569221796,-0.7457945141477588
4420.0,5.61841584,5.61841584,-0.7496138798164064
4420067.0,6.472879408,6.472879408,-0.8110975160356939
442021.0,15.03018780715,15.03018780715,-1.163287537963773
4421.0,15.915919551950001,15.915919551950001,-1.0402554763682361
442460.0,8.1939353919,8.1939353919,-0.913492535275906
442482.0,20.07681376,20.07681376,-1.3026947903331516
442495.0,62.1418963676,62.1418963676,-1.793384502369514
443048.0,22.44984735405,22.44984735405,-1.3119010986332467
443101.0,152.3056312645,152.3056312645,-2.1827159609978044
443385.0,8.15315728,8.15315728,-0.9113258202434806
443403.0,7.86481659995,7.86481659995,-0.8585299879040862
44341259.0,12.04398284,12.04398284,-1.0807701280680035
44368.0,21.5284198,21.5284198,-1.3330121534962185
44373822.0,5.698069332,5.698069332,-0.7557277292702239
443753.0,147.3257316307,147.3257316307,-2.1682786065117097
443755.0,20.689344952,20.689344952,-1.315746740630197
44383.0,34.980399132,34.980399132,-1.5438247605410633
443866.0,17.39616504,17.39616504,-1.1901674311271506
443867.0,10.62455684,10.62455684,-1.0263108242793915
443872.0,10.1001631,10.1001631,-1.0043283869369077
443873.0,3.070547188,3.070547188,-0.4872157759831404
443879.0,9.05380478,9.05380478,-0.9568311259132865
443928.0,230.5031554847,230.5031554847,-2.3626768750628155
443935.0,17.169590571900002,17.169590571900002,-1.2301503417643405
443936.0,276.2144034539,276.2144034539,-2.4412463215179603
443939.0,7.1919440759,7.1919440759,-0.8568463016920155
443942.0,38.779397436,38.779397436,-1.5886010566185689
443943.0,191.32052014725002,191.32052014725002,-2.280981220854617
443944.0,3.0256612419,3.0256612419,-0.43806627624060224
443945.0,12.0,12.0,-1.0791812460476249
443947.0,15.588801595949999,15.588801595949999,-1.1910258691833957
443951.0,10.446935127900002,10.446935127900002,-1.0150009806504574
443953.0,19.797094487899997,19.797094487899997,-1.289144381613839
443958.0,96.2273779972,96.2273779972,-1.6347062338469902
443970.0,18.8212584479,18.8212584479,-1.2746486583423935
444000.0,6.850977812,6.850977812,-0.8357525609887209
444008.0,12.920614124,12.920614124,-1.1112831564087442
444020.0,26.051053456,26.051053456,-1.4158252900492545
444021.0,3.06663626,3.06663626,-0.4866622664803447
444025.0,199.39834810780002,199.39834810780002,-2.2995050454480728
444037.0,10.395603384,10.395603384,-1.0168497018191613
44420324.0,12.018931766049999,12.018931766049999,-1.0775632519275986
444266.0,12.4498516599,12.4498516599,-1.095164176839733
444305.0,5.1846719319,5.1846719319,-0.7147212809423816
4443516.0,48.80046253345,48.80046253345,-1.6554285355558604
4445035.0,5.924836904,5.924836904,-0.7726763998015134
444539.0,9.713246903950001,9.713246903950001,-0.9817466413351742
444795.0,25.32214568205,25.32214568205,-1.3549819294740781
444913.0,10.2139443819,10.2139443819,-1.008940806747666
444972.0,16.030037182,16.030037182,-1.1949201196340153
445070.0,14.916833092,14.916833092,-1.1736766303311992
445154.0,233.4536828061,233.4536828061,-2.368196807553717
445354.0,7.5280605,7.5280605,-0.8766831006836233
44555481.0,8.41892333,8.41892333,-0.9180297286126802
445580.0,6.457966792,6.457966792,-0.810095807468347
445638.0,45.3637806827,45.3637806827,-1.6567092421196858
445639.0,16.45049134195,16.45049134195,-1.2161640961773648
446155.0,24.6557044659,24.6557044659,-1.3919174157611844
4463.0,7.04363738395,7.04363738395,-0.6573825264092742
44630019.0,7.541617344,7.541617344,-0.8774644928527813
446596.0,23.655237932,23.655237932,-1.3739273206802929
446727.0,42.833965735099994,42.833965735099994,-1.6177345061712867
447043.0,16.322857548,16.322857548,-1.0938645540546654
44717198.0,18.9596249999,18.9596249999,-1.277829743229646
4472.0,7.0270704759,7.0270704759,-0.8467743091855742
4474062.0,8.896869488,8.896869488,-0.949237219762695
4476.0,14.89034232,14.89034232,-1.172904682035463
4477.0,69.6871254385,69.6871254385,-1.841400941250136
448223.0,13.48333670795,13.48333670795,-1.127437388907747
4485.0,16.2071242359,16.2071242359,-1.2097059612225318
448537.0,6.0525199879,6.0525199879,-0.768382033222633
4487.0,11.750118424,11.750118424,-1.0700422436826955
4488.0,50.7468803576,50.7468803576,-1.705409349341444
448812.0,23.64687960845,23.64687960845,-1.1836418091696312
449171.0,7.337921112,7.337921112,-0.8655730384628221
449293.0,18.0773697119,18.0773697119,-1.2192634268933702
4495.0,24.583725804,24.583725804,-1.3906477033468472
4496.0,310.58269290329997,310.58269290329997,-2.491669289029687
4497.0,10.645218864,10.645218864,-1.0271545948913314
4500.0,6.6993132799,6.6993132799,-0.826030287173191
45055378.0,12.3801512159,12.3801512159,-1.0927259493553327
4507.0,15.6757886839,15.6757886839,-1.1952294003766992
45073437.0,9.7492767319,9.7492767319,-0.9889723979553631
45105092.0,16.0395043319,16.0395043319,-1.205190943172158
4511.0,3.80710708,3.80710708,-0.5805950921017639
4513.0,5.147708516,5.147708516,-0.7116139474249072
4514.0,26.9947583919,26.9947583919,-1.431279444808403
451417.0,17.5245590519,17.5245590519,-1.2436470991787323
451668.0,3.7750564879,3.7750564879,-0.576923454561159
452110.0,12.563979041949999,12.563979041949999,-0.9904978864151078
4523766.0,6.6324538679,6.6324538679,-0.8216742379252081
45268380.0,4.701517544,4.701517544,-0.6722380610439678
4528.0,5.721571968,5.721571968,-0.6812234920103698
4534.0,16.370875724,16.370875724,-1.2140719116616936
45357485.0,8.2803065119,8.2803065119,-0.918046413350459
4539.0,10.6355337601,10.6355337601,-1.0267592905010092
454.0,9.66286786395,9.66286786395,-0.9608852471382283
456201.0,8.8515964841,8.8515964841,-0.9470216076136599
4567.0,10.76650290605,10.76650290605,-0.96600726826615
4578030.0,43.3673725199,43.3673725199,-1.637163110535303
4581.0,6.083944652,6.083944652,-0.7841852544538861
4583.0,11.0759174139,11.0759174139,-1.0188143936740321
459494.0,32.572250395699996,32.572250395699996,-1.5089315435566335
4595.0,7.875405204,7.875405204,-0.8962729082818256
460.0,10.049695476,10.049695476,-1.002152902045409
4602.0,65.963525118,65.963525118,-1.8193038564689596
4610.0,7.896116824,7.896116824,-0.8814230360895801
4612.0,9.96363506195,9.96363506195,-0.9975122174578521
4614.0,24.6294191279,24.6294191279,-1.391454169349354
4616.0,9.8543237,9.8543237,-0.9933459045580941
4621.0,14.37111523395,14.37111523395,-1.1508319009072268
4622.0,42.196425144,42.196425144,-1.6252756593503543
46224595.0,20.2867679439,20.2867679439,-1.3072128614277136
462368.0,11.298116876,11.298116876,-1.0530060630839093
4626.0,11.1085071759,11.1085071759,-1.0456556999102697
4628.0,5.818764956,5.818764956,-0.7648308145960815
4632.0,20.489712056,20.489712056,-1.3115358552597123
464.0,4.9261067559,4.9261067559,-0.6925038193983127
4644.0,7.36032765595,7.36032765595,-0.8352579757372122
4649906.0,22.4709186761,22.4709186761,-1.3516208279956812
4650.0,10.75119625995,10.75119625995,-1.0279615437922902
4652.0,17.97011613195,17.97011613195,-1.2543878340381056
4654.0,21.536650964,21.536650964,-1.3331781696705776
4659569.0,8.0765014079,8.0765014079,-0.9072232731151544
4669250.0,8.72460015195,8.72460015195,-0.9013174436300433
4671.0,19.276907084,19.276907084,-1.2618601994915288
4674.0,9.60172078,9.60172078,-0.9823490724446022
4677.0,5.046848976,5.046848976,-0.7030203089200976
46783063.0,7.0035292919500005,7.0035292919500005,-0.8140483070918263
4679.0,15.63418023405,15.63418023405,-1.1796591064297823
4684.0,16.2593436719,16.2593436719,-1.2111030107891037
4685.0,5.3928463479,5.3928463479,-0.7318180466167759
46861540.0,14.03329262405,14.03329262405,-1.146761276578929
470375.0,9.174516692,9.174516692,-0.9625831951556242
470999.0,31.2608563519,31.2608563519,-1.4950008707980338
4725.0,7.374048939950001,7.374048939950001,-0.8658960748821452
4726.0,24.0858388121,24.0858388121,-1.3817617756296063
47320.0,236.1168334217,236.1168334217,-2.36616823817881
47326.0,12.727171736,12.727171736,-1.104731904367218
4737.0,17.6574269,17.6574269,-1.246927416990749
4740.0,5.43721882795,5.43721882795,-0.6840099360884121
47445.0,19.276903107949998,19.276903107949998,-1.2771800479882667
47455.0,13.194300804,13.194300804,-1.1203863809137673
47462.0,13.071795108,13.071795108,-1.1163352319543776
4748.0,7.8262249999,7.8262249999,-0.893552329484715
47491.0,23.732310408,23.732310408,-1.3753400200800427
47510.0,31.515562912,31.515562912,-1.498525068637331
47528.0,3.9122108119,3.9122108119,-0.5924222489729543
4753.0,5.6711847519,5.6711847519,-0.7536737956590773
4754.0,17.8784057,17.8784057,-1.2523287881420218
4760.0,9.904060712,9.904060712,-0.9958132939141052
4763.0,18.91836461595,18.91836461595,-1.2077044835105506
47649.0,17.205283285900002,17.205283285900002,-1.2272446039283207
4765.0,24.4812821678,24.4812821678,-1.3888341595445368
4766.0,13.872959984,13.872959984,-1.1421691335727833
4767.0,31.68271662805,31.68271662805,-1.500491657468506
4768.0,13.0949304699,13.0949304699,-1.1047043193068165
4770.0,24.7875037479,24.7875037479,-1.3942327928792053
4781.0,18.525175068,18.525175068,-1.2677623208730715
4783.0,15.9875717759,15.9875717759,-1.2037825072479194
47866.0,13.24499164,13.24499164,-1.122051688514487
4788.0,31.19473286,31.19473286,-1.4940812708471432
47898.0,8.37880168595,8.37880168595,-0.9227376296413248
4790.0,6.266247152,6.266247152,-0.7970075202349597
4793.0,7.789593344,7.789593344,-0.8915147859053401
47938.0,33.1856489039,33.1856489039,-1.5209503141470466
47965.0,8.7460262239,8.7460262239,-0.9418107751901771
47979.0,8.2444122599,8.2444122599,-0.9161597004437988
4810.0,8.613792364,8.613792364,-0.93519439885729
4820.0,9.465970387950001,9.465970387950001,-0.9736404660370173
48229.0,15.011718832,15.011718832,-1.1638391199109277
4828.0,3.819782356,3.819782356,-0.5820386183355309
4831.0,47.537557291,47.537557291,-1.3544705973914604
4837.0,11.71918527395,11.71918527395,-1.0665375554629595
4842.0,3.4441423079,3.4441423079,-0.5370810876883706
4843.0,11.680472748,11.680472748,-1.0454464683458782
4848.0,5.1689018799,5.1689018799,-0.7133982881316205
4849.0,54.46324221575,54.46324221575,-1.7360720876481723
4850.0,18.709536051999997,18.709536051999997,-1.0571711283484764
4855.0,20.758350765899998,20.758350765899998,-1.247591958485052
4870.0,12.4187906239,12.4187906239,-1.0940793051046602
4875.0,16.79441307595,16.79441307595,-1.1525265859105494
4883.0,8.7523534959,8.7523534959,-0.9421248499192507
4887.0,8.63796243395,8.63796243395,-0.86471935165524
4890.0,9.72285762595,9.72285762595,-0.9875743912381816
4891.0,14.306016788,14.306016788,-1.1555187303499246
4893.0,8.5207149,8.5207149,-0.9304760342150585
4904.0,25.05152247345,25.05152247345,-1.3885289554641107
4909.0,18.1744643279,18.1744643279,-1.2589806608008511
4911.0,10.54969155395,10.54969155395,-0.9972336258871667
4912.0,15.03180028,15.03180028,-1.1770109968775848
4913.0,59.914325078,59.914325078,-1.777530671446656
4915.0,18.66363388,18.66363388,-1.2404347220243164
4922.0,9.3764720759,9.3764720759,-0.9720394645866933
4928.0,12.18048716995,12.18048716995,-0.9605593566902166
4929.0,21.991779876,21.991779876,-1.3422603798402786
4930.0,32.9625167195,32.9625167195,-1.5180203630877176
4933.0,17.388941109999998,17.388941109999998,-1.1827448722456655
493570.0,173.18074230475,173.18074230475,-2.2325129099829466
4937.0,13.051524898,13.051524898,-1.115510627449905
4938.0,22.526604148,22.526604148,-1.323660141397496
49381.0,7.672526272,7.672526272,-0.8849383842026016
4944.0,23.2175051041,23.2175051041,-1.3397406605062399
4947.0,13.13254375795,13.13254375795,-1.1183468587427476
4963.0,8.0148403279,8.0148403279,-0.9038948747372398
4984721.0,15.22167125795,15.22167125795,-1.1823953842682111
4990.0,10.5,10.5,-1.021189299069938
4992.0,8.20247945795,8.20247945795,-0.9070554248488478
4993.0,4.534045368,4.534045368,-0.656485861395589
4994.0,30.326544,30.326544,-1.4818229211168485
5002.0,8.475353824,8.475353824,-0.9281578379197437
5018304.0,16.754340216,16.754340216,-1.223945799133291
50294.0,11.9321654159,11.9321654159,-1.076719265366746
5035.0,42.238469372,42.238469372,-1.6257081719467192
50367.0,8.281213736,8.281213736,-0.9180939938158965
5037.0,9.6464136499,9.6464136499,-0.961938070690544
5042.0,8.56411222,8.56411222,-0.9115880868536835
50465.0,3.839244808,3.839244808,-0.5842458056245072
50516.0,15.5548960439,15.5548960439,-1.1918671129881837
5053.0,15.76271023795,15.76271023795,-1.196662038810835
5054.0,13.549600246,13.549600246,-1.1317972701811583
5055.0,15.393549376,15.393549376,-1.1873387690637198
50599.0,19.42454656,19.42454656,-1.2877642071326938
5067511.0,15.6994500479,15.6994500479,-1.162042653346519
5070.0,87.5713334484,87.5713334484,-1.9422301821564885
5076555.0,19.96682041395,19.96682041395,-1.2879777655565152
5078.0,10.96113588,10.96113588,-1.0398555615256364
50878556.0,11.8534067601,11.8534067601,-1.0738431878547356
50896.0,9.2115401599,9.2115401599,-0.8792902993043862
50897.0,7.817353444,7.817353444,-0.8930597480462518
5090.0,17.75494904195,17.75494904195,-1.207123995261962
5094.0,11.61313432,11.61313432,-1.0649494492107052
50942.0,9.113583898,9.113583898,-0.9588541026623734
51039.0,15.608631388,15.608631388,-1.1933648244783528
5104.0,7.230639412,7.230639412,-0.859176704047584
51040.0,16.420878223949998,16.420878223949998,-1.2146517728619999
51051629.0,15.889761764,15.889761764,-1.2011173858571083
5111791.0,89.81315795135001,89.81315795135001,-1.950636470528648
51173.0,8.45725996795,8.45725996795,-0.8694365113567628
5125.0,12.8353457959,12.8353457959,-1.1084075734537622
51346588.0,8.405705308,8.405705308,-0.9245741601932241
51369.0,7.2912487599,7.2912487599,-0.8605723596170536
5143.0,6.8397036719,6.8397036719,-0.8350372864501704
5144.0,8.865712488,8.865712488,-0.9477136431713327
5146.0,5.917343034,5.917343034,-0.6707307162514048
5147.0,15.4868118079,15.4868118079,-1.1899620209387873
51556.0,6.32406156,6.32406156,-0.8009960888120661
51576.0,12.87999587405,12.87999587405,-1.0804094132703006
51683.0,4.8657054879,4.8657054879,-0.6871458183533835
516871.0,23.846601639350002,23.846601639350002,-1.2421815515876617
516872.0,5.5160681559,5.5160681559,-0.7416296236293403
516900.0,4.1485162119,4.1485162119,-0.6178927916010207
516902.0,11.5999255999,11.5999255999,-1.064455203739289
516919.0,3.90915438,3.90915438,-0.5920828218925193
517044.0,4.84116238195,4.84116238195,-0.6056098151560079
517045.0,8.749473786,8.749473786,-0.9356716262378509
517055.0,4.50073781395,4.50073781395,-0.5844394851319232
517058.0,5.063850224,5.063850224,-0.704480851856796
517121.0,11.96092810195,11.96092810195,-1.0725731436390373
517304.0,3.8123494441,3.8123494441,-0.5811927016957832
517321.0,21.5686289001,21.5686289001,-1.333822538238994
517326.0,11.99697633195,11.99697633195,-1.0781023098235636
517383.0,13.0875631481,13.0875631481,-1.1168587901829987
517414.0,19.3915068759,19.3915068759,-1.2590474351676784
517546.0,11.9018559399,11.9018559399,-1.0756146892588772
51763.0,11.0661277359,11.0661277359,-1.0439956789520841
517637.0,13.50041652,13.50041652,-1.1303471677207169
517827.0,25.757672616,25.757672616,-1.4109066189481732
518872.0,15.712540289949999,15.712540289949999,-1.1109222084369534
5192.0,15.1873982239,15.1873982239,-1.181483380591986
519382.0,6.125524635950001,6.125524635950001,-0.7848669835760895
5198.0,69.4641324756,69.4641324756,-1.841760616261876
520098.0,30.7154795,30.7154795,-1.487357299488843
520108.0,7.41522893395,7.41522893395,-0.8691335476043687
520196.0,11.60080897,11.60080897,-1.0640228684988022
5206.0,9.3031151081,9.3031151081,-0.9686283945465171
521196.0,23.71052536955,23.71052536955,-1.360794243147593
5215.0,6.212854436,6.212854436,-0.7932911784348539
5216.0,11.8758808839,11.8758808839,-1.0746658329350907
522105.0,20.0963790519,20.0963790519,-1.3031178136671742
522183.0,8.90646079795,8.90646079795,-0.9478158082728111
5222465.0,8.84196048195,8.84196048195,-0.8130792480697956
522325.0,9.4908573279,9.4908573279,-0.9773054448781744
5237.0,11.9938933239,11.9938933239,-1.0789601818164505
5238.0,6.391807502,6.391807502,-0.7738148799395199
524314.0,11.283120262,11.283120262,-0.9553661850468331
525.0,11.44612771795,11.44612771795,-1.0586258690406014
5253.0,10.55776537395,10.55776537395,-1.0128673241040755
5258.0,16.96056484,16.96056484,-1.229440311529797
5268.0,9.2520220939,9.2520220939,-0.8843202227497301
5271565.0,5.91727098,5.91727098,-0.7721214581436646
5271566.0,10.15261993395,10.15261993395,-0.9983354724693865
5271569.0,27.8525051859,27.8525051859,-1.4335427729395747
5273621.0,94.55908614585,94.55908614585,-1.9686990685370607
5278.0,20.194893156,20.194893156,-1.3052415598143818
5280360.0,5.3997443079,5.3997443079,-0.7323731953234857
5280373.0,141.4515043125,141.4515043125,-2.1506075704649352
5280378.0,145.3970736569,145.3970736569,-2.1625556657565146
5280443.0,70.21815426305,70.21815426305,-1.8447363830974108
5280450.0,17.3073829641,17.3073829641,-1.2382314035093926
5280531.0,15.5645094119,15.5645094119,-1.1921354364183112
5280567.0,23.7930729399,23.7930729399,-1.376450535969885
5280757.0,7.077990944,7.077990944,-0.8499100026398199
5280793.0,13.1480984959,13.1480984959,-1.1188629488371526
5280795.0,10.948138413999999,10.948138413999999,-1.022921136780236
5280805.0,25.397741328,25.397741328,-1.4047950956592012
5280863.0,12.4550475439,12.4550475439,-1.0953453896817593
5280934.0,10.743215996,10.743215996,-1.0310446579923367
5280961.0,221.4478309502,221.4478309502,-2.3452644692868563
5280965.0,16.40429652205,16.40429652205,-1.2131979254293719
5281.0,11.854535312,11.854535312,-1.073884534662619
5281007.0,8.53414208,8.53414208,-0.9311598689013509
5281025.0,18.532737674099998,18.532737674099998,-1.2505091502915808
5281034.0,26.984845187199998,26.984845187199998,-1.1677787025746542
5281042.0,5.4777832,5.4777832,-0.738604839727565
5281055.0,11.973018829899999,11.973018829899999,-1.076948635526299
5281056.0,14.1367625519,14.1367625519,-1.1503499634335046
5281064.0,19.83091803195,19.83091803195,-1.2285705478823377
5281065.0,14.26228899995,14.26228899995,-1.1537173362768556
5281078.0,24.7528262879,24.7528262879,-1.3936247940235955
5281080.0,20.281758488,20.281758488,-1.3071056069002702
5281082.0,10.132531328,10.132531328,-1.0057179551777569
5281098.0,11.410594616,11.410594616,-1.0573082764707142
5281104.0,8.3398699919,8.3398699919,-0.9211592805849192
5281107.0,14.0782223879,14.0782223879,-1.1485478212930693
5281116.0,32.9514071039,32.9514071039,-1.5178739647391755
5281167.0,9.055944282,9.055944282,-0.9533213087107674
5281168.0,14.837707109950001,14.837707109950001,-1.0940547595699703
5281227.0,8.1147919519,8.1147919519,-0.9092773898061143
5281233.0,17.2457581,17.2457581,-1.2366822901160035
5281250.0,25.437757692,25.437757692,-1.4054788261229765
5281417.0,194.9790964818,194.9790964818,-2.2892712239414834
528143.0,12.276283857950002,12.276283857950002,-1.0655075865969046
5281515.0,8.9681338239,8.9681338239,-0.9527020802456684
5281565.0,63.7978905804,63.7978905804,-1.8048063194039634
5281567.0,44.0649253289,44.0649253289,-1.6440930385163668
5281575.0,69.7705258574,69.7705258574,-1.843671996249983
5281607.0,71.954037025,71.954037025,-1.8570551653121805
5281613.0,19.528739044,19.528739044,-1.290674202124913
5281707.0,24.862261736,24.862261736,-1.3955406341521497
5281708.0,104.48648386905,104.48648386905,-2.014224067677648
5281771.0,8.5374639399,8.5374639399,-0.9313288823428223
5281872.0,21.2877223624,21.2877223624,-1.3281291974478826
5281874.0,27.3265561068,27.3265561068,-1.42947293388323
5281915.0,13.3505363279,13.3505363279,-1.1232247800803112
5282109.0,16.55581633995,16.55581633995,-1.218908248623575
5282136.0,4.70442745595,4.70442745595,-0.6555588148429726
5282164.0,26.66013959,26.66013959,-1.3640633992291031
5282169.0,22.397296198950002,22.397296198950002,-1.347220420661042
5282175.0,28.48926732795,28.48926732795,-1.453635766224219
5282180.0,16.327048524,16.327048524,-1.212907683475734
5282182.0,15.0790846039,15.0790846039,-1.1783749779036696
5282184.0,7.9425726279,7.9425726279,-0.8999611947616326
5282198.0,5.902066668,5.902066668,-0.7710041108537058
5282203.0,33.566142224,33.566142224,-1.525901430401915
5282219.0,12.74628617595,12.74628617595,-1.0790615969999942
5282230.0,60.6811586345,60.6811586345,-1.7830538645300846
5282242.0,15.6281650239,15.6281650239,-1.193907988462061
5282367.0,7.3174728919500005,7.3174728919500005,-0.8629979089851403
5282381.0,24.43307418,24.43307418,-1.3879781135315807
5282386.0,10.408268058,10.408268058,-1.006275409424527
5282402.0,11.640029232,11.640029232,-1.0659540709736939
5282409.0,5.3457587279,5.3457587279,-0.7280093536898339
5282430.0,10.67517648795,10.67517648795,-0.9201856447766243
5282435.0,5.266935084,5.266935084,-0.7215579656264525
5282443.0,28.595862192,28.595862192,-1.4563031954650638
5282450.0,14.14407069195,14.14407069195,-1.0923717550984895
5282484.0,14.225009512,14.225009512,-1.1478373190688607
5282485.0,16.43225623005,16.43225623005,-1.2134921080997176
5282488.0,5.0475623799,5.0475623799,-0.7030816948428088
5282493.0,209.56287174235,209.56287174235,-2.3205402392419003
5282494.0,294.83005483449995,294.83005483449995,-2.469288721313431
5282521.0,16.174177196,16.174177196,-1.2088221967085329
5282593.0,14.41529098395,14.41529098395,-1.1526260111475948
5282745.0,21.1474016519,21.1474016519,-1.3252570139065984
5283292.0,16.28600056595,16.28600056595,-1.1078513063649589
5283335.0,25.9671274359,25.9671274359,-1.4144239092851247
5283345.0,21.7283655319,21.7283655319,-1.3370270587101198
5283748.0,36.504640773,36.504640773,-1.562348079086313
5284341.0,58.4895995091,58.4895995091,-1.7670786476655382
5284342.0,10.66061744195,10.66061744195,-1.0084102070738494
5284343.0,6.6280229079,6.6280229079,-0.8213840007668177
5284344.0,60.0632562711,60.0632562711,-1.7786088733547272
5284351.0,14.3050564839,14.3050564839,-1.1554895769681013
5284359.0,11.665536212,11.665536212,-0.967977791491347
5284360.0,9.9782135319,9.9782135319,-0.9990527935231478
5284361.0,18.07720784,18.07720784,-1.1670280756171623
5284363.0,13.2557691519,13.2557691519,-1.1224049322754204
5284366.0,16.7745636999,16.7745636999,-1.224651233151608
5284373.0,15.362063774000001,15.362063774000001,-1.1860116300009111
5284382.0,10.108269484,10.108269484,-1.0046768115872202
5284409.0,11.2320994339,11.2320994339,-1.0092574754280836
5284421.0,24.322670694,24.322670694,-1.3638831903281023
5284429.0,6.9242025039,6.9242025039,-0.8403697606823122
5284441.0,12.716825804,12.716825804,-1.1043787223313912
5284442.0,7.8663098759,7.8663098759,-0.8957710504824135
5284443.0,7.6493753079,7.6493753079,-0.88362596960988
5284447.0,3.5619453479,3.5619453479,-0.5516872516551469
5284448.0,17.96853615805,17.96853615805,-1.2469625377496456
5284451.0,5.9630805159,5.9630805159,-0.7073543082092453
5284468.0,7.37165794595,7.37165794595,-0.8349616876546121
5284469.0,4.1713392879,4.1713392879,-0.6202755158755558
5284472.0,10.035772416,10.035772416,-1.0015508041375853
5284483.0,14.829538903949999,14.829538903949999,-1.166637771806159
5284486.0,14.508292136,14.508292136,-1.1573179032054193
5284499.0,17.651733238,17.651733238,-1.2119340047386555
5284503.0,13.1317135479,13.1317135479,-1.118321400563302
5284507.0,17.9715540119,17.9715540119,-1.254585632457481
5284513.0,30.6733396439,30.6733396439,-1.4867610635585171
5284514.0,23.878833594,23.878833594,-1.3730681970004799
5284515.0,2.6184446919,2.6184446919,-0.41804340494886083
5284516.0,21.6152288519,21.6152288519,-1.334759838000191
5284517.0,8.4472675959,8.4472675959,-0.9267162521537555
5284529.0,11.7442656441,11.7442656441,-1.0698258660105184
5284533.0,42.1769135439,42.1769135439,-1.623164779779756
5284534.0,9.6317823041,9.6317823041,-0.9837066581749069
5284537.0,1.4659394639,1.4659394639,-0.1661160364463011
5284555.0,25.556283672,25.556283672,-1.4074977001088944
5284557.0,7.0150774199,7.0150774199,-0.8460324683579387
5284584.0,160.26954977565,160.26954977565,-2.2045090398113785
5284587.0,54.0957219664,54.0957219664,-1.7331629213016004
5284596.0,5.852845944,5.852845944,-0.7673670929590076
5284600.0,38.530853792,38.530853792,-1.585808632502388
5284610.0,35.44391403965,35.44391403965,-1.54791223222552
5284619.0,5.2149898799,5.2149898799,-0.7172534699806032
5284627.0,13.62456147,13.62456147,-1.1324462484362545
5284629.0,12.5629673799,12.5629673799,-1.0990922321166623
5287407.0,8.068619452,8.068619452,-0.9067992329044152
52923.0,5.3097649679,5.3097649679,-0.7250752978417033
52997.0,19.8354846559,19.8354846559,-1.2974428163963312
52999.0,11.374202178,11.374202178,-1.0480897123428718
53001.0,12.14015122,12.14015122,-0.9273538720281218
53025.0,72.87413826010001,72.87413826010001,-1.4328188919134983
5309446.0,9.0546591599,9.0546591599,-0.956872107023283
5310993.0,10.58344481795,10.58344481795,-1.024581947165503
5311.0,369.6971031694,369.6971031694,-2.5678460475910305
5311035.0,35.0712825124,35.0712825124,-1.5449516477712657
5311051.0,248.3982124419,248.3982124419,-2.3951484661848474
5311064.0,9.483732508,9.483732508,-0.9769792960507888
5311066.0,264.8007032787,264.8007032787,-2.422919134202908
5311067.0,229.5397311235,229.5397311235,-2.360857868584703
5311071.0,26.96794538,26.96794538,-1.430847859907879
5311093.0,22.221257928,22.221257928,-1.3467686403710781
5311100.0,16.71360473395,16.71360473395,-1.1819866910491261
5311217.0,16.7838573559,16.7838573559,-1.2248917798456245
5311304.0,15.158984729950001,15.158984729950001,-1.072495245175805
5311309.0,13.54075091995,13.54075091995,-1.1263456496257152
5311398.0,20.079194268,20.079194268,-1.3027462815814357
5311429.0,5.6140622159,5.6140622159,-0.7492772212432611
5311454.0,3.6048696519,3.6048696519,-0.5568895657311727
5311498.0,9.88098965795,9.88098965795,-0.9763704734873384
5315.0,2.0004024279,2.0004024279,-0.30111737298167535
53172.0,41.076194035,41.076194035,-1.6135901967029516
5318042.0,13.812289944,13.812289944,-1.1402656863699738
5318432.0,9.9991408199,9.9991408199,-0.9999626846793088
5319879.0,21.10763208,21.10763208,-1.3244395155307465
5320.0,11.197557555900001,11.197557555900001,-1.0349502487835234
5320128.0,4.2867731599,4.2867731599,-0.6321305028691134
5323.0,11.1364690459,11.1364690459,-0.9987550669089449
53232.0,23.5292654119,23.5292654119,-1.371608368632107
5324289.0,4.862101486,4.862101486,-0.6748688814399293
5325.0,7.14253332595,7.14253332595,-0.8481750208005648
53260965.0,9.850591708,9.850591708,-0.9934623185992468
5327.0,11.361187576,11.361187576,-1.0554237302083476
5328.0,6.669738168,6.669738168,-0.8241087852771577
5329.0,6.514341008,6.514341008,-0.8130716108772291
5330.0,16.5514783439,16.5514783439,-1.2188367901313497
53315139.0,18.38540846915,18.38540846915,-1.2626445249777478
53315792.0,7.4839179599,7.4839179599,-0.874129018037217
53316391.0,15.4057829279,15.4057829279,-1.1876837742288469
53316400.0,20.497440364,20.497440364,-1.311699631534006
53316406.0,7.53004054,7.53004054,-0.8767973143482307
53316409.0,33.0297279601,33.0297279601,-1.5189049967639554
53316418.0,5.3273313279,5.3273313279,-0.7265097081240284
5332.0,18.9472460759,18.9472460759,-1.2775460955202134
5333.0,20.3884538319,20.3884538319,-1.3093842920981622
5334.0,16.6833263074,16.6833263074,-1.2222826441990884
5335.0,18.6256324039,18.6256324039,-1.2701110274531575
5336.0,15.1742776879,15.1742776879,-1.1811080273502432
5338.0,25.756613808,25.756613808,-1.410888766251231
53395145.0,13.247657618,13.247657618,-1.076418660905076
5340.0,8.215507376,8.215507376,-0.9146343899004375
5342.0,11.178561568,11.178561568,-1.0483859231147015
5343.0,27.4611346783,27.4611346783,-1.4387184780698368
5344.0,17.236420527900002,17.236420527900002,-1.2309707379749244
53462.0,35.585664338,35.585664338,-1.551117386096852
53477580.0,11.0554891679,11.0554891679,-1.0435779633977436
53518.0,6.4047309801,6.4047309801,-0.8065008926581037
5352539.0,21.658097424,21.658097424,-1.3356203029564422
5352543.0,11.0738284679,11.0738284679,-1.0442977920654344
5352624.0,13.91945627395,13.91945627395,-1.0286116829705576
5353.0,11.772489508,11.772489508,-1.0708683120585074
5353472.0,21.2400598939,21.2400598939,-1.3056858197713368
5353788.0,19.4164419919,19.4164419919,-1.2881696496268444
5354.0,18.685447804,18.685447804,-1.2668245396399704
5354133.0,18.0,18.0,-1.255272505103306
5354198.0,75.613697162,75.613697162,-1.878600473583976
5354266.0,22.34632548,22.34632548,-1.3492061200873215
5354284.0,56.7385555729,56.7385555729,-1.7538782755080564
5354342.0,17.25245679795,17.25245679795,-1.233858100202469
5354626.0,17.811932343949998,17.811932343949998,-1.2052635080418401
5354753.0,13.9159104699,13.9159104699,-1.1400810167877604
5355130.0,15.027850672,15.027850672,-1.176896870936955
53555.0,19.89949548995,19.89949548995,-1.2825786788839446
5355850.0,8.023975693899999,8.023975693899999,-0.8989917407633594
5355856.0,8.9137032199,8.9137032199,-0.9500581702364231
5356010.0,2.7056422959,2.7056422959,-0.43227037940668284
5356789.0,9.286577804,9.286577804,-0.9678557016521561
5357002.0,9.8609798361,9.8609798361,-0.9939200707494202
5358159.0,24.904734616,24.904734616,-1.3686301647788734
5358941.0,27.190096342049998,27.190096342049998,-1.434250834061741
5359.0,12.51715135005,12.51715135005,-1.085516480122023
5359271.0,3.8128038879,3.8128038879,-0.5812444678508533
5359281.0,11.657774656,11.657774656,-1.0666156561814368
5359421.0,9.3952601359,9.3952601359,-0.9729088093457372
5359476.0,13.966021504,13.966021504,-1.1450727064047936
5359521.0,12.99147114,12.99147114,-1.1136583328904353
5359657.0,14.050470504,14.050470504,-1.147690867577012
5359885.0,14.721112648,14.721112648,-1.167940635995029
5360410.0,7.50214464195,7.50214464195,-0.822082816461307
5360515.0,24.009080372,24.009080372,-1.380375525445837
5361.0,15.260888812,15.260888812,-1.1835798281736525
5361251.0,9.723540644,9.723540644,-0.9878244338726341
5362.0,16.027430812,16.027430812,-1.2048639107760801
5362115.0,32.72200049795,32.72200049795,-1.4960840469344872
5362118.0,4.8342296119,4.8342296119,-0.6843272742911032
5362129.0,8.98855162,8.98855162,-0.9536897168591283
5362376.0,7.4216276719,7.4216276719,-0.8694031502802924
5362620.0,8.265241428,8.265241428,-0.912821252571989
5362708.0,18.445977422,18.445977422,-1.252245599489061
5362833.0,15.9179316279,15.9179316279,-1.2018866349501218
5363269.0,12.14920064,12.14920064,-1.0836655761769776
5363388.0,13.32020021395,13.32020021395,-1.0255993143782085
5364420.0,21.209517928,21.209517928,-1.326530797531708
5364495.0,11.2419775079,11.2419775079,-1.0508427120541715
5364509.0,3.068105044,3.068105044,-0.48687022465392904
5365049.0,11.8362736199,11.8362736199,-1.0732149962181645
5365125.0,18.8664883479,18.8664883479,-1.2756910717041727
5366352.0,18.519331156,18.519331156,-1.267625297653486
5366415.0,5.434520124,5.434520124,-0.735161201283423
53672.0,9.07178258,9.07178258,-0.9576926331011063
5367650.0,12.45716834,12.45716834,-1.095419333328522
5368076.0,9.0,9.0,-0.9542425094393249
5368821.0,18.07644158,18.07644158,-1.257112941943016
53708.0,94.3508688254,94.3508688254,-1.9747459036990387
5371002.0,12.15397148,12.15397148,-1.084718212915267
5371102.0,30.118189096,30.118189096,-1.4788288556675164
5371560.0,15.154653608,15.154653608,-1.180546014088436
5371562.0,10.19112062,10.19112062,-1.0082219418399503
5372174.0,14.2527697519,14.2527697519,-1.1538992693325822
5372405.0,35.2384470024,35.2384470024,-1.5130185574339006
53735.0,16.19445502,16.19445502,-1.2093663376015744
5374.0,6.960621112,6.960621112,-0.8338733524401778
5377323.0,10.001185308,10.001185308,-1.0000514742217954
5377793.0,16.290817552,16.290817552,-1.2119428798525762
5378708.0,17.8037848939,17.8037848939,-1.2294482638138424
5379.0,6.916924412,6.916924412,-0.8399130297439309
5380.0,3.2769335719,3.2769335719,-0.5154676377053297
5381.0,10.473383498,10.473383498,-1.019008757652181
5382.0,5.674647016,5.674647016,-0.7539388519847756
5383.0,13.1235940519,13.1235940519,-1.118052788024093
5386.0,7.63270173995,7.63270173995,-0.8619027286657341
5387.0,6.86550273995,6.86550273995,-0.7653084815444184
5388977.0,9.6329079839,9.6329079839,-0.9837574118095387
5390109.0,21.32747698,21.32747698,-1.3222018870867838
5391.0,19.471057574,19.471057574,-1.2882028955245566
5394.0,37.067779891,37.067779891,-1.5689965755099708
53948566.0,7.57274473795,7.57274473795,-0.8743501252157385
541.0,94.4030047859,94.4030047859,-1.9749858178273847
54117.0,7.018207684,7.018207684,-0.8462262157860015
54158.0,4.5736315961,4.5736315961,-0.6602611794608255
5424.0,12.796381548,12.796381548,-1.1070871809057055
5426.0,9.5050719919,9.5050719919,-0.9779554105824727
5429.0,19.13114479995,19.13114479995,-1.2540502315608348
5430.0,83.607724927,83.607724927,-1.9222464058861088
54339.0,199.5400603271,199.5400603271,-2.3000300991829064
54362.0,8.130963188,8.130963188,-0.9101419948506821
54384.0,19.7293277879,19.7293277879,-1.2951122883449913
5443.0,15.107095588,15.107095588,-1.1649313102344574
54454.0,83.75627947539999,83.75627947539999,-1.8289538650079051
5447.0,12.5310878039,12.5310878039,-1.0979887730472417
5447130.0,13.2362513679,13.2362513679,-1.1217650061952267
54477.0,6.79996857995,6.79996857995,-0.8256365702792687
5452.0,10.8575521639,10.8575521639,-1.0357319245587433
5453.0,8.64447754595,8.64447754595,-0.9367163690530831
5455.0,140.7564413226,140.7564413226,-2.14846827824347
54580.0,190.66021335655,190.66021335655,-2.2771316491643034
5458213.0,9.790355232,9.790355232,-0.9907984499745892
5459110.0,7.050919232,7.050919232,-0.8482457398794794
5462328.0,7.4636898039,7.4636898039,-0.8240895417455545
5462355.0,31.545483678000004,31.545483678000004,-1.4987788085518008
5462653.0,19.855056986,19.855056986,-1.2974091448366485
5464257.0,12.441146802,12.441146802,-1.0889906191261467
54670067.0,7.56709796,7.56709796,-0.8789293561708277
54675783.0,17.227054963900002,17.227054963900002,-1.2192241415142209
54675810.0,4.7376402759,4.7376402759,-0.6755620821101457
54676038.0,30.084547452,30.084547452,-1.4783434829848157
54676228.0,12.494932492,12.494932492,-1.0957651048516908
54676478.0,11.6751607679,11.6751607679,-1.0672628695491662
54676538.0,3.6079226220000002,3.6079226220000002,-0.5279505901973038
54677470.0,32.51897193795,32.51897193795,-1.5118439900466842
54677971.0,9.12429724595,9.12429724595,-0.91009809961379
54678486.0,9.84170673595,9.84170673595,-0.9528103991367964
54678504.0,9.696316608,9.696316608,-0.986606787810498
54679224.0,4.19524952,4.19524952,-0.6227577963772231
5468.0,47.64648985295,47.64648985295,-1.6567244947415398
54680085.0,9.1946560879,9.1946560879,-0.9635354897545715
54680660.0,8.80408974,8.80408974,-0.9446844606632477
54680691.0,7.5,7.5,-0.8750612633917001
54680694.0,27.347323876,27.347323876,-1.4369148340423878
5468154.0,5.4036036,5.4036036,-0.7326834823472247
54682461.0,3.863470748,3.863470748,-0.5869776283630385
54682468.0,6.0626114079,6.0626114079,-0.7826597323759533
54682536.0,3.546230552,3.546230552,-0.5497669670817391
54685920.0,9.43301147395,9.43301147395,-0.9743194971143834
54685925.0,40.9171454004,40.9171454004,-1.6119053273837525
54686764.0,5.36081691995,5.36081691995,-0.7291517579685252
54686904.0,15.9737779109,15.9737779109,-1.2034076419882067
54687772.0,5.24389611995,5.24389611995,-0.7165795691630087
54688689.0,26.48217485195,26.48217485195,-1.3995067814874478
54693468.0,8.01263782,8.01263782,-0.9037755125987285
54704426.0,9.9485507219,9.9485507219,-0.9750632978109621
54724367.0,15.9875654999,15.9875654999,-1.2037823367634493
5472495.0,12.629588564,12.629588564,-1.101389202709334
54727588.0,15.8617362919,15.8617362919,-1.2003507252715124
54738.0,24.212490468,24.212490468,-1.3840394627536694
54739.0,3.7762271681,3.7762271681,-0.5770581124493189
54744.0,6.1516459641,6.1516459641,-0.788991333252719
54745.0,25.8247294319,25.8247294319,-1.4120357800716827
5475.0,9.1601997639,9.1601997639,-0.9619049447828573
5475158.0,9.288608018,9.288608018,-0.9058028683639164
54765.0,5.857499812,5.857499812,-0.7677122833300565
54778.0,15.750556524050001,15.750556524050001,-1.1971107901748872
5478883.0,14.697507262000002,14.697507262000002,-1.1216528338369083
5479.0,8.6920339959,8.6920339959,-0.9391214162452316
5481119.0,5.87194478795,5.87194478795,-0.7336040420831935
5483.0,13.56369810195,13.56369810195,-1.0692503512932614
548353.0,8.7801090199,8.7801090199,-0.9434999084399341
5484.0,7.18945652795,7.18945652795,-0.8289385744238381
54840.0,9.7860233279,9.7860233279,-0.9906062466953449
5484366.0,11.40346358,11.40346358,-1.0570367798646034
5484438.0,35.617080098,35.617080098,-1.5516583129569712
5485193.0,6.1079935239,6.1079935239,-0.7858985679168025
5485221.0,16.43873927195,16.43873927195,-1.2054634797337664
5486699.0,7.545940271999999,7.545940271999999,-0.8765998542981541
5486830.0,10.3361575039,10.3361575039,-1.0143591185451146
5486971.0,25.4908728719,25.4908728719,-1.4063847070643682
5487426.0,4.4103674199,4.4103674199,-0.6444747712792319
54889.0,18.63606629395,18.63606629395,-1.2659371642198605
54891.0,9.5879182,9.5879182,-0.9817243201634349
54897.0,19.6547836919,19.6547836919,-1.293468268612422
54900.0,30.1954967081,30.1954967081,-1.479942178034837
5492898.0,23.1896507559,23.1896507559,-1.3651697640668692
5497.0,6.4318396519,6.4318396519,-0.8083352087560882
55008.0,14.51299900995,14.51299900995,-1.1599418046323051
5502.0,27.365591712,27.365591712,-1.4372048431044406
5503.0,14.6557468399,14.6557468399,-1.1660079544826143
5505.0,9.85427134395,9.85427134395,-0.9920346289352671
5507.0,44.06281159535,44.06281159535,-1.545293888470168
5510.0,15.492421714,15.492421714,-1.1882785526325146
55182.0,20.5,20.5,-1.3117538610557542
55245.0,48.5429664021,48.5429664021,-1.686126312018564
55250378.0,9.640575776,9.640575776,-0.984102972582525
55251.0,13.001389366600002,13.001389366600002,-1.106428975328026
5526.0,7.79671680395,7.79671680395,-0.867976501488772
55283.0,12.427545452,12.427545452,-1.094385360184941
55329.0,11.4357420079,11.4357420079,-1.0582643490461063
5536.0,6.5901562479,6.5901562479,-0.8188957115282048
55361.0,11.836625176,11.836625176,-1.0732278952615506
55397.0,14.504122576,14.504122576,-1.1614914613753362
5541.0,7.698568236,7.698568236,-0.8864099634812844
5543.0,12.0,12.0,-1.0791812460476249
5546.0,75.85958252585,75.85958252585,-1.8791576544132544
5556.0,23.4862276599,23.4862276599,-1.3708132663283072
5560.0,10.821749108,10.821749108,-1.0342974610071873
5564.0,10.58940406795,10.58940406795,-0.9665459065033786
5565.0,15.991763742,15.991763742,-1.157412226119892
55652.0,7.394811924,7.394811924,-0.8689271328416768
5569.0,9.62232780395,9.62232780395,-0.9788094779627485
5576.0,10.5086856521,10.5086856521,-1.0215484011152678
5578.0,16.99385348,16.99385348,-0.9882677829004891
5597.0,22.074586984,22.074586984,-1.3438925866664695
56031.0,10.13128502795,10.13128502795,-1.0011295090140688
56069.0,9.504605508000001,9.504605508000001,-0.9690417261857236
5610.0,6.62602044,6.62602044,-0.8212527712630432
56205.0,42.751699689,42.751699689,-1.6309533857514371
56207.0,3.2675150879,3.2675150879,-0.514217601631797
5625.0,6.7964235639,6.7964235639,-0.8322804369616211
56330.0,13.296161416,13.296161416,-1.1237262788266609
5634.0,14.32001588,14.32001588,-1.131966448836133
5639.0,11.1936201119,11.1936201119,-1.0489705637726823
5641.0,4.823398636,4.823398636,-0.6833531562326445
56463.0,16.387570348,16.387570348,-1.1649281239249167
5656.0,14.0868722999,14.0868722999,-1.1488145776601468
56638112.0,14.5,14.5,-1.1613680022349748
56649463.0,196.4745712629,196.4745712629,-2.293306349750477
56704.0,17.31846468795,17.31846468795,-1.23336806574824
568.0,16.08395384,16.08395384,-1.2063928180330836
56840936.0,427.6221373855,427.6221373855,-2.6310601799219295
56846451.0,20.135733008,20.135733008,-1.303967444002312
5694.0,3.118161884,3.118161884,-0.49389865848042847
56971.0,13.5484145199,13.5484145199,-1.1318884756129253
56972160.0,10.241591854,10.241591854,-0.910852154301379
5702068.0,173.52703683114999,173.52703683114999,-2.2368489138497845
5702132.0,10.7235789959,10.7235789959,-1.0303397553904248
5702159.0,8.196111104,8.196111104,-0.9136078369335342
5702161.0,10.1806147199,10.1806147199,-1.0077740021068624
5702214.0,23.3793511361,23.3793511361,-1.368832453706843
5702220.0,9.296470288,9.296470288,-0.9683180856053243
5702242.0,25.15606664,25.15606664,-1.4006427365313845
5702285.0,21.5,21.5,-1.3324384599156054
5702293.0,28.2928376359,28.2928376359,-1.451676507294763
5702746.0,68.3323471799,68.3323471799,-1.8280561196190894
5707.0,11.342784166,11.342784166,-1.0411518005862406
5717.0,15.4605642539,15.4605642539,-1.1812940055872598
5719.0,14.7795270745,14.7795270745,-1.1673664261791674
5720.0,10.95612802195,10.95612802195,-1.018948939448074
5723.0,16.00711747795,16.00711747795,-1.1509560219679364
5724.0,22.57558376995,22.57558376995,-1.2980937208796561
57242.0,4.3932784801,4.3932784801,-0.6427887330940333
5732.0,104.5138912882,104.5138912882,-2.0191740178046516
57331769.0,113.2916321825,113.2916321825,-1.6719932552663779
5734.0,28.12977533,28.12977533,-1.4491019102279568
57358854.0,14.30787189,14.30787189,-1.1497245083782173
57363.0,6.357909648,6.357909648,-0.8020779761602127
5741.0,48.419786883,48.419786883,-1.685022873586904
5742631.0,134.178463808,134.178463808,-2.127682815386565
5743.0,191.6916005754,191.6916005754,-2.2826030836465923
5745.0,14.58764572395,14.58764572395,-1.1355110253916754
5748.0,18.693623725949998,18.693623725949998,-1.2651852799878718
5753.0,141.6142153144,141.6142153144,-2.151106850265726
5754.0,171.4124344665,171.4124344665,-2.2340423229799002
5755.0,191.0630220596,191.0630220596,-2.2810506537766715
5756.0,8.069445656,8.069445656,-0.9068437011645242
5757.0,8.714802728,8.714802728,-0.935055407101504
5758.0,5.9505489159,5.9505489159,-0.774557029619426
576026.0,14.222606894,14.222606894,-1.152922467864809
5761.0,5.1980664359,5.1980664359,-0.7158418258691853
5765.0,19.9615492759,19.9615492759,-1.3001942451609212
5770.0,16.9848465119,16.9848465119,-1.230061626605749
57782.0,13.690313164,13.690313164,-1.1364133826731841
5780.0,9.07264206795,9.07264206795,-0.9040314452998177
5784.0,13.7205172259,13.7205172259,-1.096603382466218
5787.0,9.351516156,9.351516156,-0.9706773144191922
5789.0,22.774570336,22.774570336,-1.3529540552873711
5793.0,9.686573472,9.686573472,-0.9861701769088053
5794.0,14.15025563395,14.15025563395,-1.1506726485402856
5795.0,7.3146008819,7.3146008819,-0.864094932052502
5798.0,29.9530703934,29.9530703934,-1.4764413471448448
5803.0,27.373101066700002,27.373101066700002,-1.3705766742739078
5807.0,11.446807904,11.446807904,-1.058684394714678
5816.0,5.1133025559,5.1133025559,-0.7087014908431646
5817.0,7.355292248,7.355292248,-0.866599933239242
5819.0,6.7767454839,6.7767454839,-0.8310211750286258
5827.0,6.900627077949999,6.900627077949999,-0.7817100061451425
5831.0,12.951447120000001,12.951447120000001,-1.075875240491078
5832.0,7.711716236,7.711716236,-0.8871510406812524
5834.0,179.7636224176,179.7636224176,-2.2547018109693946
58504.0,12.8720417359,12.8720417359,-1.1096474392359144
5852.0,25.1482409479,25.1482409479,-1.203131916139986
5853.0,4.5029029361,4.5029029361,-0.6534925854771467
5865.0,69.12471988815,69.12471988815,-1.8388490863709994
586708.0,32.519752692,32.519752692,-1.5121472341880782
5870.0,5.4379609439,5.4379609439,-0.735436084106644
587128.0,5.6171592719,5.6171592719,-0.749516738265786
5876.0,229.2788178604,229.2788178604,-2.3603638862562395
5876571.0,23.680463788,23.680463788,-1.3743902039037843
5877.0,195.3108204622,195.3108204622,-2.2907263044084387
588.0,7.1206650319,7.1206650319,-0.8506016070797854
5881.0,4.713794852,4.713794852,-0.6733706777676263
5883.0,5.540412012,5.540412012,-0.7435420621805401
5887.0,91.0096454945,91.0096454945,-1.9590874226842552
5889.0,45.7175432546,45.7175432546,-1.6594090649521673
5892.0,13.70866089605,13.70866089605,-1.12814139622441
5897.0,52.4574811408,52.4574811408,-1.7198074331678983
5905.0,19.25319868805,19.25319868805,-1.2843124434480109
590836.0,23.448668752,23.448668752,-1.3697245445826551
59086459.0,9.76800026795,9.76800026795,-0.9068395728828729
591200.0,20.39265007395,20.39265007395,-1.308825185262167
5917.0,12.7008725079,12.7008725079,-1.1038335565741166
5918.0,13.9628466479,13.9628466479,-1.1449739682473068
5918804.0,139.5124831822,139.5124831822,-2.144613068789502
5920.0,19.5438881199,19.5438881199,-1.2910109678290143
5921.0,12.585352438000001,12.585352438000001,-1.0951656385036797
5922.0,10.581457196,10.581457196,-1.0245454794764932
59227.0,5.48076190195,5.48076190195,-0.681181621265304
5934.0,174.68414331315,174.68414331315,-2.2419094718163763
5936.0,3.433871492,3.433871492,-0.5357840382449385
594.0,39.371153568,39.371153568,-1.5951781397299651
5942.0,8.510099672,8.510099672,-0.9299346466587485
5943.0,20.861759178,20.861759178,-1.2608494966804975
5946.0,12.920036465999999,12.920036465999999,-1.0978974736316998
5952.0,44.5042983759,44.5042983759,-1.6484019586389669
5953.0,11.275006082,11.275006082,-1.051304146635069
5954.0,36.7787256859,36.7787256859,-1.5636573880168383
5957.0,18.117791404,18.117791404,-1.258105255177646
5959.0,11.9233052039,11.9233052039,-1.076396660844005
5962.0,13.748963472,13.748963472,-1.1382699581401776
5963.0,16.9662682079,16.9662682079,-1.229586328178452
59694.0,8.5,8.5,-0.9294189257142927
597.0,7.3911912719499995,7.3911912719499995,-0.863457039435801
59708.0,11.991773744,11.991773744,-1.046831397726831
5971.0,25.86266654405,25.86266654405,-1.3348566769822412
59774.0,15.417242956,15.417242956,-1.1880067163834793
5978.0,32.02069703245,32.02069703245,-1.4980847568348916
5987.0,5.0480151999,5.0480151999,-0.7031206539267985
5988.0,5.6025281519,5.6025281519,-0.7483840474800318
5993.0,8.72280975595,8.72280975595,-0.9405485586219315
5994.0,15.33013739,15.33013739,-1.1593296572293883
5995.0,11.666651407949999,11.666651407949999,-1.0574717798589284
5997.0,16.935284932,16.935284932,-1.2287925079398654
6001.0,138.1906245466,138.1906245466,-2.140478579609851
60021.0,8.9351558639,8.9351558639,-0.9511021326940747
6009.0,8.148212136,8.148212136,-0.9110623271880826
6010.0,8.2186630159,8.2186630159,-0.914801173739184
6013.0,40.8104556894,40.8104556894,-1.6107714441309524
60164.0,11.1400628741,11.1400628741,-1.0464764447809862
60172.0,5.340286408,5.340286408,-0.7275645495526051
6018.0,14.985431424,14.985431424,-1.175669250609355
60196259.0,7.38803702,7.38803702,-0.8685290629378626
60196260.0,14.277326852,14.277326852,-1.1288644347498573
60196261.0,3.445641832,3.445641832,-0.5372701313620679
60196262.0,14.23588531,14.23588531,-1.1501347136068698
60196264.0,10.3674499079,10.3674499079,-1.015671945673367
60196265.0,5.642109912,5.642109912,-0.7514415422429819
60196266.0,11.449477124,11.449477124,-1.0587856537198677
60196267.0,19.152061128,19.152061128,-1.2822155192105562
60196268.0,17.95507984,17.95507984,-1.2541873406230133
60196269.0,7.5315390959,7.5315390959,-0.8768837348401146
60196270.0,30.0195489799,30.0195489799,-1.4774041630234378
60196271.0,5.55426593995,5.55426593995,-0.7252223583968781
60196272.0,12.1104793439,12.1104793439,-1.0831613332578947
60196274.0,26.850265395999998,26.850265395999998,-1.4263997710240788
60196279.0,250.706100532,250.706100532,-2.3991649019484407
60196281.0,14.2461266399,14.2461266399,-1.1447690580365422
60196282.0,26.7780461,26.7780461,-1.4277788848886133
60196285.0,86.6301170364,86.6301170364,-1.9376689011267942
60196286.0,15.0464224719,15.0464224719,-1.1774332517300834
60196287.0,22.802456063999998,22.802456063999998,-1.3549760708995857
60196288.0,18.216946892,18.216946892,-1.2165552242669229
60196290.0,7.1662729519,7.1662729519,-0.8552933457288412
60196293.0,14.692317268,14.692317268,-1.1670902979916586
60196294.0,16.0876063359,16.0876063359,-1.2046727028413247
60196295.0,6.175158053950001,6.175158053950001,-0.7597362247368056
60196296.0,15.2439522839,15.2439522839,-1.1830975806884685
60196301.0,2.58534968,2.58534968,-0.41251929165581164
60196302.0,11.570247264,11.570247264,-1.0633426402173776
60196303.0,24.651292528000003,24.651292528000003,-1.3550649955414076
60196304.0,7.3828079039,7.3828079039,-0.8682215684953939
60196305.0,13.0236763519,13.0236763519,-1.114733595136466
60196306.0,22.4126319319,22.4126319319,-1.35049285905111
60196308.0,10.1189992759,10.1189992759,-1.005137564831421
60196310.0,33.216455408,33.216455408,-1.5213532861864392
60196311.0,13.4599538999,13.4599538999,-1.1290435724397165
60196318.0,9.83664351395,9.83664351395,-0.9859436359960698
60196321.0,18.4740019039,18.4740019039,-1.2665609840445131
60196322.0,7.226436776,7.226436776,-0.8589242073944674
60196326.0,18.8418825559,18.8418825559,-1.2751242924480537
60196327.0,22.3249290239,22.3249290239,-1.348790086840424
60196328.0,5.8716155439,5.8716155439,-0.7687576115148084
60196331.0,12.7866813539,12.7866813539,-1.0608717873006395
60196332.0,15.449971236,15.449971236,-1.1889276752134033
60196333.0,24.6852422079,24.6852422079,-1.3924373928088773
60196334.0,12.275101218,12.275101218,-1.086032391208954
60196335.0,7.1022387761,7.1022387761,-0.8513952691201231
60196336.0,19.2529131519,19.2529131519,-1.2844964517704613
60196337.0,3.558212484,3.558212484,-0.5512318790692383
60196338.0,156.3949177848,156.3949177848,-2.194222636103119
60196339.0,13.729521506000001,13.729521506000001,-1.102351314568859
60196342.0,17.281751112,17.281751112,-1.2375877462301372
60196345.0,10.1350954639,10.1350954639,-1.005827843729544
60196346.0,200.6447864888,200.6447864888,-2.3024278796015722
60196349.0,5.631589522,5.631589522,-0.7450507772995391
60196350.0,11.796780514,11.796780514,-0.9914623425314393
60196352.0,5.7218289559,5.7218289559,-0.7575348711869878
60196353.0,15.32836717995,15.32836717995,-1.1853465425534002
60196356.0,3.2876765559,3.2876765559,-0.516889084750805
60196357.0,3.563556108,3.563556108,-0.5518836011301544
60196358.0,12.70496175405,12.70496175405,-1.0439225506371135
60196360.0,21.989534948,21.989534948,-1.3422160446562388
60196361.0,12.4477198641,12.4477198641,-1.0950898059595164
60196362.0,10.3250942379,10.3250942379,-1.0138776164920484
60196365.0,7.140282092,7.140282092,-0.7680251699699351
60196366.0,12.2046484159,12.2046484159,-1.086525273041708
60196367.0,21.0684653,21.0684653,-1.323632901245675
60196368.0,9.727468348,9.727468348,-0.9428903847278323
60196370.0,5.44590072,5.44590072,-0.7360697197896279
60196372.0,11.1747595519,11.1747595519,-1.0482381871590998
60196374.0,17.30309263395,17.30309263395,-1.2181149391258046
60196381.0,10.5397530439,10.5397530439,-1.0228304350769077
60196382.0,14.286105492,14.286105492,-1.1549138527340879
60196383.0,16.2309939199,16.2309939199,-1.1988046424277932
60196384.0,6.523419164,6.523419164,-0.8144752851242896
60196385.0,10.07785121605,10.07785121605,-0.9973055885240196
60196386.0,8.425114536,8.425114536,-0.9255758136400724
60196389.0,9.781189528,9.781189528,-0.9903916742182773
60196390.0,15.1588806281,15.1588806281,-1.180667133025075
60196391.0,10.190492564,10.190492564,-1.008195176416355
60196392.0,20.8650790839,20.8650790839,-1.3194200351362149
60196393.0,18.0989577159,18.0989577159,-1.2418580950196563
60196394.0,9.589304168,9.589304168,-0.9817870944530575
60196396.0,5.151719422,5.151719422,-0.7038640318081608
60196398.0,3.65085497995,3.65085497995,-0.5622143405290738
60196399.0,19.7262326119,19.7262326119,-1.2950441500219534
60196401.0,10.290722988,10.290722988,-1.0124458877525933
60196402.0,3.4507312599,3.4507312599,-0.5379111381129564
60196406.0,28.201160544,28.201160544,-1.4502669809251876
60196409.0,15.67387447395,15.67387447395,-1.1250602658544175
60196412.0,15.08318976,15.08318976,-1.1784931948942772
60196413.0,27.851707628,27.851707628,-1.4448518275414313
60196414.0,7.2617704079,7.2617704079,-0.861042513902355
60196415.0,43.219995432,43.219995432,-1.6356847166458506
60196416.0,16.9990165759,16.9990165759,-1.2304237973774568
60196418.0,9.172681852,9.172681852,-0.9624963305710479
60196420.0,15.094811448,15.094811448,-1.1788276925426486
60196422.0,7.43087802,7.43087802,-0.8531368068153593
60196424.0,11.453353904,11.453353904,-1.0589326804499322
60196425.0,9.2241571159,9.2241571159,-0.9649266917267189
60196426.0,16.244568272,16.244568272,-1.2107081736939536
60196427.0,22.9088731839,22.9088731839,-1.3600037281222022
60196428.0,6.0,6.0,-0.7781512503836436
60196431.0,23.120425952,23.120425952,-1.3639958309119475
60196434.0,5.999168444,5.999168444,-0.7780910561819443
60196438.0,144.8152539655,144.8152539655,-2.160814310232177
60196440.0,4.451317048,4.451317048,-0.6484885282958168
60198.0,14.1466070519,14.1466070519,-1.1506522903669387
6021.0,24.08344130195,24.08344130195,-1.3703327564517078
6024.0,10.8312003199,10.8312003199,-1.0346765880586597
6025.0,13.549560232,13.549560232,-1.1319251998661386
6028.0,14.02642756795,14.02642756795,-1.0819845244596231
6035.0,4.344573199899999,4.344573199899999,-0.6378177699026597
6036.0,16.660471368,16.660471368,-1.2216872845632893
6037.0,10.000100656,10.000100656,-0.999717878363769
6040.0,10.86826452795,10.86826452795,-0.9868733425571676
604152.0,5.3116211979,5.3116211979,-0.649058229222622
6043.0,7.8222001599999995,7.8222001599999995,-0.8877957496318228
6046.0,16.860182452,16.860182452,-1.226862270019926
60464.0,23.359696644,23.359696644,-1.3684671985990822
6047.0,7.275348311949999,7.275348311949999,-0.8484720969070798
6048.0,8.40223056995,8.40223056995,-0.8564006601649814
6049.0,14.0332152719,14.0332152719,-1.1471571874121078
60490.0,22.47505408795,22.47505408795,-1.3505896901972356
60496.0,19.145185012,19.145185012,-1.2820595675655266
6051.0,155.38192974909998,155.38192974909998,-2.1914003589565705
6053.0,133.3382351918,133.3382351918,-2.124954702690437
6054.0,6.68840893795,6.68840893795,-0.8154698565325297
60560.0,14.331893468,14.331893468,-1.1563035713031926
60561.0,15.650847051949999,15.650847051949999,-1.1578061540348374
6057.0,15.9014816201,15.9014816201,-1.2014375915818112
60582.0,20.651782618,20.651782618,-1.3051112971212038
60613.0,13.690401264,13.690401264,-1.13641617743911
60651.0,4.984442572,4.984442572,-0.69761659666157
60699.0,432.2411795892,432.2411795892,-2.635726139725433
60703.0,18.1281972519,18.1281972519,-1.2583546180789895
60714.0,20.3620699839,20.3620699839,-1.3088219257712583
60737.0,7.421535556,7.421535556,-0.8704937724625563
60751.0,12.19356621595,12.19356621595,-1.077945988450935
60754.0,9.617440307999999,9.617440307999999,-0.9827570077908272
6076.0,18.11217011595,18.11217011595,-1.255951918638489
6076971.0,5.1142189999,5.1142189999,-0.7087793213461007
60772.0,9.8913111559,9.8913111559,-0.9952538638954594
6081.0,19.658104729999998,19.658104729999998,-1.2921506371662796
608116.0,11.06144752,11.06144752,-1.043811963208602
60822.0,35.9595060513,35.9595060513,-1.555813717525371
60823.0,34.9229290845,34.9229290845,-1.5389630511084675
6083.0,25.864547296,25.864547296,-1.412704881408557
60839.0,21.68501032,21.68501032,-1.3361596331676484
60854.0,117.9502692685,117.9502692685,-2.071698936672994
60855.0,11.9843984899,11.9843984899,-1.0629268804158847
60857.0,10.177049902,10.177049902,-0.8676108526286259
60877.0,17.12045748795,17.12045748795,-1.2261870554474514
60910.0,9.8061966759,9.8061966759,-0.9915005993325061
6093170.0,14.09677469395,14.09677469395,-1.1249239911652982
60946.0,2.728255644,2.728255644,-0.43588506231022106
60960.0,36.8927110217,36.8927110217,-1.5501534630229932
60961.0,31.888232171549998,31.888232171549998,-1.4405572314389088
60962.0,13.41191002,13.41191002,-1.1274906311012078
60966.0,4.1260747199,4.1260747199,-0.6155370884326807
60967.0,7.5,7.5,-0.8750612633917001
60976.0,8.046219441949999,8.046219441949999,-0.8858573419348617
60977.0,11.5,11.5,-1.0606978403536116
60995.0,17.8099399399,17.8099399399,-1.2506624549032215
60999.0,12.114315408,12.114315408,-1.083298876754287
6099917.0,6.27362020795,6.27362020795,-0.7973161928701231
6100.0,12.975323384,12.975323384,-1.1131181905772647
61002.0,16.322042464,16.322042464,-1.2127745033971884
61007.0,15.70877812,15.70877812,-1.1961424055123424
6101.0,4.7052574719,4.7052574719,-0.6725833930270375
61014.0,13.99806093195,13.99806093195,-0.9217736640484147
61016.0,15.8320778919,15.8320778919,-1.1995379178796903
61018.0,22.0,22.0,-1.3424226808222062
61020.0,9.7901328159,9.7901328159,-0.9759463317030956
61027.0,22.63701742395,22.63701742395,-1.3387262984734052
6103.0,3.3129988159,3.3129988159,-0.5202212806606537
61031.0,9.072929062,9.072929062,-0.925489482656509
61032.0,10.424034066,10.424034066,-1.0098524546826215
61038.0,8.1389558521,8.1389558521,-0.9105686927568013
61040.0,15.400608488,15.400608488,-1.1220037421482099
61041.0,7.1117144801,7.1117144801,-0.8519743123313684
610479.0,31.803499919,31.803499919,-1.4929134814552416
61048.0,7.793071712,7.793071712,-0.8917086726439808
61051.0,32.483832176,32.483832176,-1.511368379147144
61053.0,15.22094894995,15.22094894995,-1.1765069199174825
61056.0,9.4446406839,9.4446406839,-0.9751854400802081
61057.0,12.0424688121,12.0424688121,-1.0807155302407452
610682.0,8.70114735,8.70114735,-0.9133528994687842
6108.0,9.3491517,9.3491517,-0.970772206731072
61082.0,8.70995503995,8.70995503995,-0.9400144184724664
61100.0,54.56681683495,54.56681683495,-1.7254712759731516
61124.0,8.6688413119,8.6688413119,-0.9379610530152485
61138.0,9.38125324395,9.38125324395,-0.8852836732404088
6114.0,12.710276592,12.710276592,-1.1041550014644976
61144.0,7.5211636639,7.5211636639,-0.8762850392237244
61163.0,9.213003872,9.213003872,-0.9644012536861092
61196.0,12.57479627195,12.57479627195,-1.0978806331866968
612.0,9.130401978,9.130401978,-0.9112413523424887
61204.0,23.48999388,23.48999388,-1.370882903628071
612040.0,34.18885504,34.18885504,-1.5338845568323896
61209.0,10.8186734719,10.8186734719,-1.0341740131594723
61225.0,5.603528384,5.603528384,-0.7484615761416827
6124.0,7.537647616000001,7.537647616000001,-0.8457046372689897
61247.0,7.56101788,7.56101788,-0.8785802650660751
61249.0,19.955773832,19.955773832,-1.3000685732351243
61254.0,7.3951027161,7.3951027161,-0.8689442106149433
6128.0,21.25493112195,21.25493112195,-1.3257761601430578
61282.0,6.184754964,6.184754964,-0.791322497838908
61285.0,11.628495692,11.628495692,-1.056743914116875
6129.0,16.769754988,16.769754988,-1.2245267174577898
61290.0,25.335045772,25.335045772,-1.4037216932530594
61329.0,11.479284352,11.479284352,-1.0599148138750838
61346.0,9.117715624,9.117715624,-0.9598860426966568
6135.0,7.561754304,7.561754304,-0.8752535153894171
6136.0,29.62373344805,29.62373344805,-1.4567597118330853
61384.0,5.9235997839,5.9235997839,-0.7725857086075633
614.0,16.41751564995,16.41751564995,-1.2021937095806379
6143.0,32.4021539619,32.4021539619,-1.510573881276802
61444.0,11.344067566,11.344067566,-1.048415166081866
6145.0,8.708412098,8.708412098,-0.899703627782307
61503.0,16.4535744139,16.4535744139,-1.2064661256593854
61510.0,17.928050987949998,17.928050987949998,-0.9995767835633371
61571.0,3.6113911881,3.6113911881,-0.5576745340185033
61574.0,14.900482224,14.900482224,-1.1732003237031037
61591.0,5.63349857595,5.63349857595,-0.6950648670294517
616236.0,7.3725570199,7.3725570199,-0.8676181401023935
6163.0,3.3725647600000004,3.3725647600000004,-0.5261105893755375
61631.0,9.19776016595,9.19776016595,-0.9623770468132136
6166.0,46.09404522965,46.09404522965,-1.662323225046856
61660.0,7.770297973949999,7.770297973949999,-0.8231658670279418
61663.0,23.5,23.5,-1.3710678622717363
6167.0,30.754345367249996,30.754345367249996,-1.4872532665201321
61670.0,6.22627589,6.22627589,-0.7765350267357427
616765.0,8.5212204279,8.5212204279,-0.9305017998306718
61701.0,11.5759531119,11.5759531119,-1.0635567590159278
61718.0,8.84868310395,8.84868310395,-0.934164259401342
6172.0,4.75721503195,4.75721503195,-0.6688830175793585
61812.0,11.69561458,11.69561458,-1.068023048008346
61828.0,23.417137228,23.417137228,-1.3695338009807496
6184.0,10.6720155999,10.6720155999,-1.0282464514062009
6194.0,7.4452627879,7.4452627879,-0.8718800312111955
61945.0,21.333498848,21.333498848,-1.3281002386261358
61953.0,7.650855,7.650855,-0.8837099712363938
61972.0,8.3523897239,8.3523897239,-0.9218107503840541
6202.0,8.317474976,8.317474976,-0.9199915029221089
6209.0,6.97829942,6.97829942,-0.8437495999163304
62098.0,13.3212977559,13.3212977559,-1.1245465357030573
62105.0,8.00305015995,8.00305015995,-0.8824911618449836
62118.0,14.3955141039,14.3955141039,-1.129548145028854
6212.0,9.88546501195,9.88546501195,-0.8944002468528629
62130.0,18.7138749559,18.7138749559,-1.2721637232414575
6215.0,149.53703748610002,149.53703748610002,-2.160739307354307
62158.0,4.499944804,4.499944804,-0.6532071867830687
6216.0,176.4375877804,176.4375877804,-2.2465524538666966
62217.0,193.9814540676,193.9814540676,-2.287760210439927
62240.0,9.15732540795,9.15732540795,-0.931674417931912
62253.0,29.2955084881,29.2955084881,-1.4668010405466216
6227.0,7.5369758199,7.5369758199,-0.877197121971956
62276.0,21.3817808199,21.3817808199,-1.3300438733726623
62277.0,23.166015472,23.166015472,-1.3648513420621684
6228.0,6.701041684,6.701041684,-0.8052254666235602
6230.0,7.79938428,7.79938428,-0.8920603187990477
62300.0,7.250633811949999,7.250633811949999,-0.8535271107733816
62311.0,38.0976611521,38.0976611521,-1.580898314785457
62329.0,14.205701936,14.205701936,-1.1524626980659758
6234.0,5.270969956,5.270969956,-0.721890540787031
62341.0,12.627458684,12.627458684,-1.0896648053096398
62347.0,13.383464724,13.383464724,-1.1265685585534237
62351.0,12.539377112,12.539377112,-1.0813246995795172
62371.0,15.138602636,15.138602636,-1.1800857895972174
62374.0,5.1703404079,5.1703404079,-0.7135191373697184
6238.0,10.8390008,10.8390008,-1.0349892483418939
62390.0,12.932033332,12.932033332,-1.111666815324379
62406.0,7.5971882399,7.5971882399,-0.8806528873016172
62411.0,6.6157922839,6.6157922839,-0.8205818612101222
62421.0,10.6607963159,10.6607963159,-1.0277896458429625
62428.0,10.318564156,10.318564156,-1.0136192687533965
6243.0,2.9488926159,2.9488926159,-0.46965895798035145
62430.0,8.13097285,8.13097285,-0.8893812241563477
62433.0,3.9953177001,3.9953177001,-0.6015513192981737
62441.0,24.4860503119,24.4860503119,-1.3889187375100183
62445.0,15.99361474,15.99361474,-1.2039466303640458
62449.0,8.62360299595,8.62360299595,-0.9235841490765606
62452.0,13.7231480479,13.7231480479,-1.1374537486160918
62459.0,19.6149133,19.6149133,-1.2925863928420627
62465.0,12.028220438,12.028220438,-1.0665379816681697
62467.0,15.65602070195,15.65602070195,-1.1499897806142934
62477.0,14.425445328,14.425445328,-1.1591292291419961
62479.0,13.094888032,13.094888032,-1.1171017893368567
62485.0,11.34719004595,11.34719004595,-1.0516333033455671
6249.0,14.554633624,14.554633624,-1.1630012776499417
62493.0,2.273845044,2.273845044,-0.35676086544023033
62495.0,8.010995285949999,8.010995285949999,-0.9021496170401888
6251.0,15.91646060595,15.91646060595,-1.2017438461673005
62529.0,7.82814472195,7.82814472195,-0.8929804818013841
6253.0,14.836050928,14.836050928,-1.1713183154702294
62530.0,12.231540188,12.231540188,-1.0874811465730225
62539.0,25.197689518449998,25.197689518449998,-1.3756442435837435
62551.0,9.02554556595,9.02554556595,-0.9413287090271919
62553.0,8.988468974,8.988468974,-0.9286353542327036
62558.0,6.936629436,6.936629436,-0.8411484945285119
6257.0,11.2357644,11.2357644,-1.0506026240100774
62583.0,6.257514816,6.257514816,-0.7964018865662259
6259.0,5.6169186999,5.6169186999,-0.7494981378799993
62592.0,11.6542820459,11.6542820459,-1.0607570310852967
6259976.0,5.551597792000001,5.551597792000001,-0.7442967660129806
62630.0,15.31130786665,15.31130786665,-1.1849653661588975
62655.0,10.3205210879,10.3205210879,-1.0137016255747509
62660.0,16.96521795195,16.96521795195,-1.122825558235066
62661.0,9.425321016,9.425321016,-0.9355401144058735
62672.0,14.701378323950001,14.701378323950001,-1.1128468408004175
6269.0,4.4235759679,4.4235759679,-0.6400133652515401
62725.0,8.242002972,8.242002972,-0.9160327667916958
627458.0,8.024395129950001,8.024395129950001,-0.8887992138307468
6276.0,9.119162784,9.119162784,-0.9599549682649136
6277.0,9.1229499599,9.1229499599,-0.9601352927308443
6278.0,10.0197664199,10.0197664199,-0.9952358285738805
62783.0,8.0781154519,8.0781154519,-0.9073100557867788
62786.0,14.33875322195,14.33875322195,-1.1245614508812496
6279.0,122.6889300348,122.6889300348,-2.088780175976556
62817.0,12.659090308,12.659090308,-1.1024024980659604
6282.0,17.4968867559,17.4968867559,-1.242960780971229
62823.0,11.988233844,11.988233844,-1.0749487950233467
62827.0,14.64227384,14.64227384,-1.1243986230999672
62835.0,100.7479484209,100.7479484209,-2.003236211155042
6285.0,5.96027300595,5.96027300595,-0.7656009810423801
62852.0,10.0199962719,10.0199962719,-1.0008675599450434
62853.0,21.38184107,21.38184107,-1.2439001691075875
6288.0,12.27148356,12.27148356,-1.088897069896816
62882.0,18.11308119995,18.11308119995,-1.2247121748372625
62884.0,12.29104161595,12.29104161595,-1.0831154518445691
62907.0,14.288526994000001,14.288526994000001,-1.1494480788594883
6291.0,13.88986241195,13.88986241195,-0.8213331640885917
6292.0,15.298637,15.298637,-1.1765581773840414
62923.0,7.4861933841,7.4861933841,-0.8742610416620186
6293.0,27.109102344,27.109102344,-1.4303879602662617
62935.0,19.980535944,19.980535944,-1.3001189850036903
62937.0,138.7339682641,138.7339682641,-2.1421828087553982
6294.0,2.737485692,2.737485692,-0.4373518579297506
6295.0,8.91869997595,8.91869997595,-0.9502907261047507
62960.0,76.9882519863,76.9882519863,-1.8864244591103982
62978.0,10.578281068,10.578281068,-1.0244151021667771
62999.0,5.409925048,5.409925048,-0.7331912481998231
63002.0,10.88894292995,10.88894292995,-1.0338621018924918
63047.0,271.8040244972,271.8040244972,-2.4342558828747194
63049.0,244.913422764,244.913422764,-2.3890125877894333
6305.0,10.888129396,10.888129396,-1.0369532734402138
63112.0,18.439859333999998,18.439859333999998,-1.2656984359626036
6317.0,11.68662733195,11.68662733195,-1.0572610699641998
6318.0,7.9630407961,7.9630407961,-0.9010789407012301
6321225.0,15.8612447839,15.8612447839,-1.200337267569557
6321253.0,6.869858155899999,6.869858155899999,-0.836853271975093
6321405.0,21.7043341041,21.7043341041,-1.3365464660857465
6322.0,17.315985636,17.315985636,-1.2384472168842164
6327114.0,22.8326768719,22.8326768719,-1.358556830567955
6327116.0,4.7118643479,4.7118643479,-0.6731927788489694
6327349.0,17.1222357399,17.1222357399,-1.2335604721464204
6327366.0,8.0142767079,8.0142767079,-0.9038643331852075
6327514.0,9.99107084795,9.99107084795,-0.9239774834924213
6327594.0,8.15552232995,8.15552232995,-0.9084468078920405
6328152.0,6.1144775559,6.1144775559,-0.7863593551935923
6328250.0,6.15989344,6.15989344,-0.7895731993689263
6328651.0,9.736901541950001,9.736901541950001,-0.9869294592418305
6328684.0,21.3229682519,21.3229682519,-1.32884766028385
6333.0,9.514230055999999,9.514230055999999,-0.9689638213312481
6335412.0,9.8176420919,9.8176420919,-0.9920071955835584
6336.0,12.6021308839,12.6021308839,-1.1004439858219077
6342.0,8.751174796,8.751174796,-0.9420663585277294
6348.0,4.2234739459,4.2234739459,-0.5731710797944205
6358.0,7.011968764,7.011968764,-0.8458399727878937
636367.0,9.91101244,9.91101244,-0.9961180212507946
636374.0,181.73909569810002,181.73909569810002,-2.258686279601983
636396.0,24.1012029719,24.1012029719,-1.3820387202105269
636398.0,166.03813315924998,166.03813315924998,-2.220061476149078
636399.0,7.7312338039,7.7312338039,-0.8882488071741044
6364.0,8.42926052795,8.42926052795,-0.9251529795191864
636402.0,6.22344455,6.22344455,-0.7826715808153749
636411.0,17.57848642,17.57848642,-1.24498147780596
6364671.0,10.416813544,10.416813544,-1.0177348905667363
6365.0,14.390348228,14.390348228,-1.1580713034341035
6366.0,12.538978624,12.538978624,-1.0982621620109403
6374.0,22.066146836,22.066146836,-1.3437265038023982
6375.0,7.330265424,7.330265424,-0.8651197004380686
637511.0,21.825783996,21.825783996,-1.338876250777378
637531.0,18.6544614679,18.6544614679,-1.2707827159930223
637563.0,8.294592772049999,8.294592772049999,-0.7938812341142163
637564.0,2.504241252,2.504241252,-0.398676165339247
637566.0,14.507627956,14.507627956,-1.1615964096925158
6377.0,5.0582566379,5.0582566379,-0.6663560237907076
637759.0,28.1861640239,28.1861640239,-1.4500359748921599
637892.0,3.1195898239,3.1195898239,-0.4940974950032438
638014.0,8.282107426,8.282107426,-0.9081008013997465
638024.0,131.46684690405002,131.46684690405002,-2.1144213035082946
638034.0,10.6788927599,10.6788927599,-0.9953934185245945
638081.0,11.7509782379,11.7509782379,-0.992398024368949
638088.0,34.1464942756,34.1464942756,-1.5333461225148992
638144.0,7.35791774,7.35791774,-0.8667549281996774
6383.0,11.988877596,11.988877596,-1.078778526161336
6385.0,5.9653088199,5.9653088199,-0.7756329317124452
638500.0,17.4075735399,17.4075735399,-1.240738238568589
6396.0,11.286796674000001,11.286796674000001,-1.0487461057612548
6397.0,12.9658675199,12.9658675199,-1.1128015798405138
6398970.0,8.8497293319,8.8497293319,-0.9469299880469937
6400441.0,8.3270318719,8.3270318719,-0.9204902269332836
6403.0,8.263789512,8.263789512,-0.9171792466842285
6405.0,11.64696758995,11.64696758995,-1.0513420240421147
6406.0,6.0693175959,6.0693175959,-0.7831398638931645
6409.0,2.6401888759,2.6401888759,-0.4216349968800513
641245.0,4.7273883839,4.7273883839,-0.6746212837193897
641256.0,12.81695196795,12.81695196795,-1.0233078826574413
6415.0,19.847880928,19.847880928,-1.2977141458395423
6416.0,4.47934268,4.47934268,-0.6512142882406743
64184.0,25.110496512,25.110496512,-1.399855300139841
6419.0,14.9880093961,14.9880093961,-1.175743956684444
6419888.0,2.910287564,2.910287564,-0.46393590351792047
6419941.0,9.44216542,9.44216542,-0.9750716046912847
6419942.0,14.911964229950001,14.911964229950001,-1.0666374356403021
6419962.0,5.8036954079,5.8036954079,-0.7637046115294027
6420010.0,3.3008249439,3.3008249439,-0.5186224925477613
6420013.0,10.3433077439,10.3433077439,-1.0146594464175063
6420022.0,14.94226162835,14.94226162835,-1.1556410685359855
6420033.0,7.5,7.5,-0.8750612633917001
6420038.0,17.695498612,17.695498612,-1.247862804407236
6420039.0,7.6084441559,7.6084441559,-0.8812958573502426
6420040.0,2.45618164,2.45618164,-0.3902604806827916
6420042.0,11.344833612,11.344833612,-1.0102978434430043
6421.0,13.3245495619,13.3245495619,-1.0882809434364034
642197.0,23.5149573639,23.5149573639,-1.3713441956426025
6423.0,23.4124815065,23.4124815065,-1.209479333232168
6426773.0,109.6262175778,109.6262175778,-2.039914429948859
6427097.0,6.740994416,6.740994416,-0.799943652282113
6428.0,4.667326808,4.667326808,-0.5967582696265529
6428555.0,4.43992291,4.43992291,-0.5879544762834047
6432115.0,15.2838658479,15.2838658479,-1.184233217071039
6433.0,25.2051446519,25.2051446519,-1.4014891941900274
6433208.0,22.5161791879,22.5161791879,-1.3524946961973732
6433266.0,50.8783787974,50.8783787974,-1.7065332643824842
6433547.0,14.231748924,14.231748924,-1.1514226292146623
6433573.0,16.0486022599,16.0486022599,-1.1907680225845534
6433944.0,13.73233913795,13.73233913795,-1.1367750657109004
6434144.0,26.84356344,26.84356344,-1.4288401672199245
6434236.0,20.827196024000003,20.827196024000003,-1.3096872659585068
6434250.0,7.646887452,7.646887452,-0.8834846982267158
643460.0,13.966979089999999,13.966979089999999,-1.0551681273889761
6434871.0,26.829391372,26.829391372,-1.402578340656158
6435335.0,10.492300718,10.492300718,-1.0202168747095635
6435378.0,11.6777764639,11.6777764639,-1.0673601577260334
6435993.0,10.7546937879,10.7546937879,-1.0315980494869845
6436.0,137.5287640834,137.5287640834,-2.12738598724947
643606.0,7.5859603639,7.5859603639,-0.8800105692151129
6436079.0,20.5820562639,20.5820562639,-1.3134887610704638
6436135.0,49.2432313676,49.2432313676,-1.6799738319027777
6436730.0,5.599903092,5.599903092,-0.7481805114751627
643684.0,18.590070856,18.590070856,-1.2692810450871845
6437380.0,18.2032183079,18.2032183079,-1.2601481775344963
6438130.0,13.498703112,13.498703112,-1.1302920456537169
643820.0,12.41074843595,12.41074843595,-1.0927163604551087
643833.0,6.5900686179,6.5900686179,-0.8179319318535199
6438394.0,14.51210887,14.51210887,-1.1610054119363733
643991.0,11.0172023239,11.0172023239,-1.0420713250467972
644020.0,48.111740498,48.111740498,-1.6822510682932195
644025.0,9.4732286919,9.4732286919,-0.9764980216745962
6440554.0,26.9134523121,26.9134523121,-1.429969410284319
6440556.0,12.34224212195,12.34224212195,-1.0084552800833992
644076.0,15.016393233899999,15.016393233899999,-1.1072056356063982
6440940.0,32.41001978205,32.41001978205,-1.5092722942178944
6442.0,5.67649522,5.67649522,-0.7540802764844491
644213.0,14.781541368,14.781541368,-1.148399694346595
6446.0,47.21498433045,47.21498433045,-1.673747215310115
6450551.0,90.3168110369,90.3168110369,-1.9557685948433134
6451143.0,24.1906868879,24.1906868879,-1.3836482002093116
6451155.0,8.169926088,8.169926088,-0.9122181275582484
6451325.0,12.2586017279,12.2586017279,-1.088440935395329
64517.0,11.5530975839,11.5530975839,-1.0626984416510847
6461.0,167.2060672287,167.2060672287,-2.216214936569674
64710.0,12.2218313319,12.2218313319,-1.0871362859186993
64713.0,21.105564016,21.105564016,-1.3243969625441354
64715.0,38.0398849809,38.0398849809,-1.580238810883937
64740.0,13.7910561599,13.7910561599,-1.1395975270063374
64761.0,2.3481710199,2.3481710199,-0.3707297238763041
64772.0,5.9243675179999995,5.9243675179999995,-0.7133461818308322
64782.0,7.306217924,7.306217924,-0.8617257293261182
6479.0,19.0,19.0,-1.2787536009528289
6480.0,15.8854992079,15.8854992079,-1.201000867248133
64805.0,8.3657480239,8.3657480239,-0.9225047795037763
64819.0,11.3268634319,11.3268634319,-1.0541096642494587
64832.0,25.936237484,25.936237484,-1.41390697412067
64865.0,11.08272196395,11.08272196395,-1.0427750742034911
6490.0,10.601989048,10.601989048,-1.025387351258487
6491.0,12.7352243079,12.7352243079,-1.1050065986773576
6492.0,11.08342948,11.08342948,-1.0428049016804406
6494.0,3.8178698761,3.8178698761,-0.5818211223146492
64947.0,5.0841047039,5.0841047039,-0.706214485992467
64949.0,19.14147852,19.14147852,-1.2815382172260663
6495.0,14.493400009950001,14.493400009950001,-1.0728620277344953
64961.0,13.109055289999999,13.109055289999999,-1.0610944527560746
6497.0,10.0950116879,10.0950116879,-1.0041068261016033
6498.0,8.724837496,8.724837496,-0.9406288430941717
650.0,11.778342196,11.778342196,-1.071084167718042
6503.0,4.0271700919,4.0271700919,-0.6044856436963304
6504.0,7.7497170759,7.7497170759,-0.8892858477168533
6505.0,17.192442904,17.192442904,-1.2353375907270796
6506.0,13.7614112479,13.7614112479,-1.1386629735614004
65064.0,21.353177690000003,21.353177690000003,-1.30628083901096
65067.0,139.618703052,139.618703052,-2.144943599434764
65094.0,5.505297232,5.505297232,-0.740780771578922
6510.0,4.979270028,4.979270028,-0.6971656788945507
65114.0,24.21999423,24.21999423,-1.3841740353438023
6514.0,10.71601614195,10.71601614195,-1.02904078590591
6515.0,11.62342662395,11.62342662395,-1.0616467284816768
6516.0,9.405205404,9.405205404,-0.9733682847188967
6517.0,5.1008935519,5.1008935519,-0.7076462605425945
6518.0,14.623153383950001,14.623153383950001,-1.1137032045792783
6525.0,3.75023204,3.75023204,-0.5740581398807604
6526396.0,142.92925143435,142.92925143435,-1.8578409328710015
6527.0,10.3162002719,10.3162002719,-1.0135197646540337
65275.0,14.1390746979,14.1390746979,-1.1311126228662802
6528.0,13.4542805681,13.4542805681,-1.1288604799773119
65280.0,14.240703232,14.240703232,-1.1535314360870823
6529.0,21.315000356,21.315000356,-1.3286853442366735
6532.0,5.363092072,5.363092072,-0.7294152528680278
65326.0,4.027737696,4.027737696,-0.6050611796350326
6533.0,13.890055956000001,13.890055956000001,-1.1361540348858448
65332.0,13.6033471559,13.6033471559,-1.107470901346785
6535.0,15.526534736,15.526534736,-1.1910745392468856
65359.0,10.9620332919,10.9620332919,-1.0398911166986433
65360.0,7.669615234,7.669615234,-0.8812420391527047
6537.0,15.39279808,15.39279808,-1.187317572414289
6537488.0,7.87031587595,7.87031587595,-0.856116376595986
6537489.0,118.9691473613,118.9691473613,-2.0754343490563247
6537494.0,10.826534264,10.826534264,-1.034489454694999
6537495.0,120.64302538665,120.64302538665,-2.073328619513035
6537498.0,50.791854433850006,50.791854433850006,-1.7057745145559278
6537499.0,14.998674212000001,14.998674212000001,-1.1109947807933604
6537503.0,11.8608153959,11.8608153959,-1.0741145465128341
6537505.0,24.2541944359,24.2541944359,-1.3847868548081648
6537506.0,9.9699613999,9.9699613999,-0.9986934768830817
6540.0,14.256863339950002,14.256863339950002,-1.1505594454898223
6545.0,4.960106744,4.960106744,-0.6954910228271622
65457.0,13.4582250879,13.4582250879,-1.1289877875730492
6547.0,13.900770726,13.900770726,-1.1354037623021123
65477.0,10.468932268,10.468932268,-1.0199023900110324
65478.0,165.8529960347,165.8529960347,-2.2197233211951777
6548.0,14.716658213950002,14.716658213950002,-1.1363453147149465
6549.0,9.648419676,9.648419676,-0.9844561856550101
65492.0,122.60139049610001,122.60139049610001,-2.087079663881916
65495.0,26.893530148,26.893530148,-1.429647813125884
65522.0,29.311569224,29.311569224,-1.4670390694476887
6554.0,7.9739004079499995,7.9739004079499995,-0.9008031648102316
65552.0,15.027822761949999,15.027822761949999,-1.1039567256972864
6557.0,166.8700182473,166.8700182473,-2.222378313435225
65575.0,4.416901496,4.416901496,-0.6451177139016625
65596.0,15.7002334,15.7002334,-1.1072200461604935
65600.0,13.620722562,13.620722562,-1.1179484987232995
6563.0,8.47455848,8.47455848,-0.928117080952454
65632.0,9.14208628595,9.14208628595,-0.9567911130465974
656511.0,37.420401946,37.420401946,-1.5731084481023208
656582.0,7.536592684,7.536592684,-0.8771750444118638
656583.0,28.6247791729,28.6247791729,-1.2990948613779663
65659.0,31.172687688,31.172687688,-1.4937742484669703
656597.0,10.2659997279,10.2659997279,-1.0114012484137824
656604.0,12.358571558000001,12.358571558000001,-1.0392936149165342
656612.0,10.73456043995,10.73456043995,-1.0305846223485902
656634.0,3.6272189239,3.6272189239,-0.5595737685863424
656678.0,8.05238764,8.05238764,-0.9059246735515322
656743.0,8.3009750279,8.3009750279,-0.8150531676477617
6568.0,22.1770146799,22.1770146799,-1.3459030839544481
656804.0,162.44245635375,162.44245635375,-2.2101034349434925
65681.0,28.435891284,28.435891284,-1.453866845166231
65682.0,9.793947752,9.793947752,-0.9909577828475438
656832.0,21.417550652,21.417550652,-1.3039614278475145
65684.0,7.5544138639,7.5544138639,-0.8782007736983501
6569.0,14.6198537239,14.6198537239,-1.1649430273946961
6570.0,5.5,5.5,-0.7403626894942439
65708.0,8.4493326639,8.4493326639,-0.926822409324764
65709.0,16.870998772,16.870998772,-1.227140793811922
65710.0,11.001005116,11.001005116,-1.0414323666482728
657180.0,5.28975971595,5.28975971595,-0.7155234196058848
657201.0,9.2758338039,9.2758338039,-0.9673492455483603
657220.0,8.5,8.5,-0.9170513278563968
657237.0,5.9742990519,5.9742990519,-0.7762869580303026
657298.0,10.999975732,10.999975732,-1.0413917270245785
657306.0,6.626697946,6.626697946,-0.7580343014219152
6574.0,9.28675800395,9.28675800395,-0.8611413054235451
6575.0,5.475281847950001,5.475281847950001,-0.7142246727631736
65758.0,73.4944446167,73.4944446167,-1.8662545123699679
65760.0,19.341896084,19.341896084,-1.286499045675386
65768.0,28.246512928,28.246512928,-1.450964841196089
6577.0,19.213821888,19.213821888,-1.2836137604773699
65770.0,13.41283975195,13.41283975195,-1.1267166973217533
65781.0,10.252281409950001,10.252281409950001,-1.0096481996158508
6579.0,18.67237360395,18.67237360395,-1.2498990792867974
65800.0,6.055916004,6.055916004,-0.782179842837412
6582.0,13.2953852399,13.2953852399,-1.1237009257321853
6585.0,12.82239786,12.82239786,-1.107969248270834
6586.0,16.86479731,16.86479731,-1.0925992555379618
6587.0,11.62722069795,11.62722069795,-1.0370247630042224
65870.0,4.136297768,4.136297768,-0.6166117956430432
6588.0,5.5,5.5,-0.7403626894942439
65889.0,22.369503394,22.369503394,-1.3494132877797504
6589.0,27.22694006765,27.22694006765,-1.3116916684770399
65894.0,4.4943692879,4.4943692879,-0.6526687541329722
6590.0,22.214926320049997,22.214926320049997,-1.1718542087376982
6591.0,23.590840736849998,23.590840736849998,-1.3242212806552298
6593.0,9.87364908,9.87364908,-0.9944776878695532
65940.0,8.996538364,8.996538364,-0.9540754362609957
65944.0,14.58111285205,14.58111285205,-1.1279327278897011
65947.0,25.2604122659,25.2604122659,-1.3894475992375428
6595.0,24.8194743999,24.8194743999,-1.3947925802392591
65953.0,20.9308107759,20.9308107759,-1.3207860514958565
65957.0,10.215224872,10.215224872,-1.00924793137902
65958.0,2.8635326879,2.8635326879,-0.4569021450514323
6597.0,8.0622963399,8.0622963399,-0.9064587571534334
6598.0,8.563970226,8.563970226,-0.9239711928365733
65981.0,86.1641785439,86.1641785439,-1.9353267519723176
65999.0,29.9667584279,29.9667584279,-1.4766397668690594
66.0,8.6295151359,8.6295151359,-0.9359863948208044
660.0,6.7786716479,6.7786716479,-0.8311445976269771
66011.0,14.20898627395,14.20898627395,-1.0231757966379162
6602188.0,6.842287092,6.842287092,-0.8352012925698298
6603108.0,11.276860584,11.276860584,-1.0521882112773373
6603149.0,10.3546872119,10.3546872119,-1.0151369845237705
6603759.0,9.6301347759,9.6301347759,-0.9836323652159233
6603901.0,23.6837910819,23.6837910819,-1.3669814982070339
6603980.0,12.639597924,12.639597924,-1.0985622923211773
6604087.0,9.549099976,9.549099976,-0.9799624402877627
66041.0,11.633989068,11.633989068,-1.0596210847918426
6604122.0,39.28115387595,39.28115387595,-1.5921956768767098
6604495.0,9.74232139795,9.74232139795,-0.9343904762470987
6604557.0,13.4569866839,13.4569866839,-1.1289478226618677
6604561.0,15.20775609795,15.20775609795,-1.177074841268051
66061.0,2.2525963799,2.2525963799,-0.3526833818323518
66063.0,14.945459444,14.945459444,-1.1581238468323727
66068.0,5.4187008239,5.4187008239,-0.7338951735043397
66070.0,17.43148587405,17.43148587405,-1.188276306674013
66091.0,19.554249992,19.554249992,-1.2912411631374299
66094.0,23.726562336,23.726562336,-1.3752348192685169
6610.0,11.5156198119,11.5156198119,-1.0612873182137297
66124.0,7.8628819119,7.8628819119,-0.8955817532962621
6616.0,6.30359460395,6.30359460395,-0.7949036222264512
66166.0,7.102875082000001,7.102875082000001,-0.8364717119566002
66172.0,5.31754294,5.31754294,-0.7257110055855344
66187.0,13.426824660000001,13.426824660000001,-1.0930998024856091
6619.0,8.22290394,8.22290394,-0.8991438621048304
6620.0,7.4642718459,7.4642718459,-0.8710815647189187
6623.0,7.520626432,7.520626432,-0.8762540167392615
6624.0,4.2819155759,4.2819155759,-0.6316381003049357
66245.0,15.9889103119,15.9889103119,-1.2038188663944556
6625.0,8.71251874,8.71251874,-0.9397020516708663
66251.0,26.97086977405,26.97086977405,-1.4306243744936824
66264.0,7.9371725639,7.9371725639,-0.8996658225048113
6627.0,7.684992846,7.684992846,-0.8790726464676493
6629.0,16.357610992,16.357610992,-1.2137198758173877
66320.0,32.870326426,32.870326426,-1.5168040169598305
6633.0,6.237868512,6.237868512,-0.7950362160263373
6634.0,14.586789488,14.586789488,-1.1639597153974917
6635.0,12.20349377595,12.20349377595,-1.0806298489181025
66357.0,5.8081671879,5.8081671879,-0.7640391090242309
66359.0,48.79116005415,48.79116005415,-1.6879050394616295
6636.0,8.534517791899999,8.534517791899999,-0.9183838160755713
6637.0,4.5780704119,4.5780704119,-0.6606824679506842
6640.0,8.360848143950001,8.360848143950001,-0.903957169095039
6641.0,8.587951236,8.587951236,-0.9338895697655802
6643.0,12.0789293919,12.0789293919,-1.082028442580214
66435.0,10.5338751999,10.5338751999,-1.0225881687475076
66449.0,11.384175476,11.384175476,-1.0563015813551426
66461.0,12.056830068,12.056830068,-1.0812331398990094
6649.0,16.122653096,16.122653096,-1.2074365095623845
66491.0,15.772491708,15.772491708,-1.1819152686644965
66494.0,11.1283937959,11.1283937959,-1.0464324854563447
6650.0,5.3499965479,5.3499965479,-0.7283535017916088
6654.0,2.297327884,2.297327884,-0.36122298389750507
66571.0,6.38246947795,6.38246947795,-0.7759511133535306
66573.0,7.8498683079,7.8498683079,-0.8948623709322482
6658.0,4.286523508,4.286523508,-0.6321052098116591
66597.0,39.897696736200004,39.897696736200004,-1.5970320686405355
66609.0,5.771546268,5.771546268,-0.7612921815605133
66636.0,6.8722512639,6.8722512639,-0.8370990298293519
666418.0,18.710770596,18.710770596,-1.2720916741220807
66666.0,8.62386373595,8.62386373595,-0.9356931292763253
6669.0,11.4079385441,11.4079385441,-1.057207172918893
6672.0,10.7620460199,10.7620460199,-1.031894844813792
6673.0,15.286589656,15.286589656,-1.1843106077942864
66743.0,14.0884889,14.0884889,-1.148864414146619
667476.0,10.187439312,10.187439312,-1.008065034602804
667483.0,2.074314784,2.074314784,-0.31687466265121544
667490.0,124.1109661624,124.1109661624,-2.0937941208759137
667493.0,34.445127006999996,34.445127006999996,-1.4593560285290208
66755.0,19.78287152195,19.78287152195,-1.2959542184171307
66760.0,8.68919684,8.68919684,-0.9389796355883557
66793.0,24.249915576,24.249915576,-1.384710230981946
6680.0,11.2823,11.2823,-1.052397643573416
6681.0,13.076052844,13.076052844,-1.116476667017786
66826.0,7.177910166,7.177910166,-0.8419396119106088
66829.0,6.8954117339000005,6.8954117339000005,-0.7550134231276667
66854.0,18.16972608395,18.16972608395,-1.2577810971386132
66858.0,12.41697436395,12.41697436395,-0.9791851428919223
66885.0,14.4393241039,14.4393241039,-1.159546864645211
66909.0,42.3871214616,42.3871214616,-1.6272339243344205
67000.0,13.628336108,13.628336108,-1.1344428357888339
67005.0,16.18235866,16.18235866,-1.2023566891434383
6702.0,102.7394113934,102.7394113934,-2.0117370732694684
67045.0,4.6223923679,4.6223923679,-0.6648668074307094
67058.0,8.93041475195,8.93041475195,-0.9474426839460642
67065.0,14.6060962719,14.6060962719,-1.164534158842549
67123.0,22.1032625241,22.1032625241,-1.344456381904069
6714002.0,219.4935578155,219.4935578155,-2.3414217781260334
67151.0,16.169138504,16.169138504,-1.2086868811973088
671690.0,11.824594676,11.824594676,-1.0727862628987683
67174.0,15.499010213950001,15.499010213950001,-1.052990873404155
6720.0,6.8644926119,6.8644926119,-0.8366084419375809
67215.0,6.0042511879500005,6.0042511879500005,-0.764841506968462
67236.0,106.62304638110001,106.62304638110001,-2.0265012644072846
6724.0,24.20314562,24.20314562,-1.3838718137749946
67284.0,11.71635672,11.71635672,-1.0426530692728706
67285.0,12.25384457205,12.25384457205,-1.0541996621900434
67299.0,10.3618126159,10.3618126159,-1.015435734195412
6730.0,8.87272579995,8.87272579995,-0.9352989968644405
67313.0,15.69694845,15.69694845,-1.1927149992111552
67322.0,20.461085276,20.461085276,-1.3109286653916856
67329.0,19.2537203019,19.2537203019,-0.9699309275047366
67349.0,9.14132739795,9.14132739795,-0.938543555489216
67350.0,17.408363116,17.408363116,-1.2407579369352721
6738.0,10.7083862599,10.7083862599,-1.0297240281403774
6739.0,15.646741492,15.646741492,-1.1944239074166867
6740.0,5.6914469999,5.6914469999,-0.7552226959520996
6741.0,181.0285592328,181.0285592328,-2.257747094973037
67437.0,43.0740380679,43.0740380679,-1.6342155875369506
6753.0,10.064964734,10.064964734,-0.9314518218041695
67533.0,9.647873376,9.647873376,-0.9844315949136809
67535.0,12.8645129799,12.8645129799,-1.1093933494934627
67542.0,16.702079372,16.702079372,-1.2227705432175604
67589.0,52.0823837589,52.0823837589,-1.716690853241488
676166.0,116.9684279306,116.9684279306,-2.0680686529780625
6764.0,71.1195425048,71.1195425048,-1.8519889542574342
676454.0,12.0904028239,12.0904028239,-1.0824407707766157
67678.0,7.7876842879,7.7876842879,-0.8914083369411993
67688.0,20.49331541,20.49331541,-1.195113840741024
6769.0,20.380468032,20.380468032,-1.3092141532416042
6772.0,76.4593410394,76.4593410394,-1.879980566409075
6773.0,77.8884007257,77.8884007257,-1.891472786608372
6777.0,7.0021620519,7.0021620519,-0.8452321574760803
6780.0,14.3460615801,14.3460615801,-1.1567326907013022
6781.0,11.159873162,11.159873162,-0.9986857485065701
6782.0,8.9377854599,8.9377854599,-0.9512299257662933
6786.0,20.202885148,20.202885148,-1.3054133949110636
6787.0,24.9730386,24.9730386,-1.3974713884436694
6788.0,24.792942396,24.792942396,-1.3943280713630442
679.0,11.0574319239,11.0574319239,-1.0436542742758181
67955.0,35.19751178,35.19751178,-1.54651196295509
6796.0,12.0,12.0,-1.0791812460476249
6799.0,13.157356196,13.157356196,-1.1191686320714191
68023.0,11.04562633,11.04562633,-0.9194550886135521
6805.0,9.026998514,9.026998514,-0.8565517069383516
6806.0,10.7205234839,10.7205234839,-1.0294787783110566
68089.0,41.420090141,41.420090141,-1.6172110396973733
6809.0,19.5,19.5,-1.290034611362518
68093.0,9.351305196,9.351305196,-0.9708722311784891
6810.0,44.5443484008,44.5443484008,-1.6487926104145194
6811.0,7.08292674205,7.08292674205,-0.8435458007396721
68119.0,7.186241656,7.186241656,-0.8565018173916885
6818.0,13.1673762559,13.1673762559,-1.119499245644873
6819.0,10.18344454,10.18344454,-1.007894702527779
68191.0,5.69945547595,5.69945547595,-0.731557954279733
68236.0,10.005848192,10.005848192,-0.9912087746507252
6828.0,42.8568409403,42.8568409403,-1.6320201552088558
68289.0,15.683750545950002,15.683750545950002,-1.174992477163872
6829.0,11.5880930201,11.5880930201,-1.0640119727203672
68297.0,6.2058105839,6.2058105839,-0.7927985157498514
68310.0,5.332206244,5.332206244,-0.7269069391099491
68313.0,11.645657036,11.645657036,-0.9931662483500627
6837.0,4.1142709119,4.1142709119,-0.6142928852365714
6838.0,16.1046855399,16.1046855399,-1.2069522492041724
68385.0,21.739340329999997,21.739340329999997,-1.3216364912349787
6839.0,21.8270519154,21.8270519154,-1.3389950814107046
6849.0,17.3494192199,17.3494192199,-1.2392849411548847
6850780.0,49.436610407,49.436610407,-1.694048685948056
6852391.0,10.5941173279,10.5941173279,-1.0250647783576858
6852393.0,5.0224969799,5.0224969799,-0.7009196842728185
68527.0,13.1862821359,13.1862821359,-1.1201223637445314
6853.0,18.178642333950002,18.178642333950002,-1.2280879218921643
6854.0,9.71430327005,9.71430327005,-0.9861572668810348
68552.0,14.55092010595,14.55092010595,-1.0484710851460344
68570.0,12.28027160395,12.28027160395,-1.078722464039409
68589.0,10.9122479759,10.9122479759,-1.0379142265702255
68600.0,14.421338888,14.421338888,-1.1590055824830854
6861.0,5.532609944,5.532609944,-0.7429300529830444
68610.0,9.391341196,9.391341196,-0.9727276191487347
6862.0,7.70572218795,7.70572218795,-0.8866585211829101
68624.0,7.929401549950001,7.929401549950001,-0.8967141940534226
68651.0,12.37079519195,12.37079519195,-0.9515361776572737
68654.0,11.60789892,11.60789892,-1.0647536176690522
68664.0,22.8849519639,22.8849519639,-1.3595500051690401
6867.0,184.2655543491,184.2655543491,-2.2650916715655756
68706.0,20.00852607395,20.00852607395,-1.3009709276152335
68712.0,7.9092997139,7.9092997139,-0.7837930230064643
68713.0,14.1980540519,14.1980540519,-1.1515276718215475
68736.0,4.54486792,4.54486792,-0.6575212665571799
68741.0,11.90079306,11.90079306,-1.0490403854392192
6877.0,10.545361356,10.545361356,-1.0230614662213509
68770.0,57.742156021,57.742156021,-1.7614929958686003
68781.0,22.596456906,22.596456906,-1.3538498868975641
68791.0,103.9084242472,103.9084242472,-2.01665075887345
6880.0,11.39448135595,11.39448135595,-1.0480200467155965
6881.0,103.9468263672,103.9468263672,-2.0168112342903552
688145.0,29.832548157399998,29.832548157399998,-1.4734101711896077
688272.0,3.3867353379500003,3.3867353379500003,-0.5140795980553236
6883.0,8.801394024,8.801394024,-0.9445514640800897
68835.0,26.855447898,26.855447898,-1.4223166277288959
68841.0,26.3023496354,26.3023496354,-1.3518942513324128
688561.0,13.0953345119,13.0953345119,-1.1171165966762404
688576.0,3.96034187195,3.96034187195,-0.5775560577215608
68872.0,4.083529463950001,4.083529463950001,-0.6096438500872339
68888.0,13.8254939321,13.8254939321,-1.1406806559372114
68907.0,5.1551817919,5.1551817919,-0.7122439848138988
68909.0,12.3692712,12.3692712,-1.0913750962625695
6893.0,7.934880711949999,7.934880711949999,-0.8768000816508768
68939.0,8.540492548,8.540492548,-0.931482918078936
6894.0,9.358908548,9.358908548,-0.9712252035223136
68942.0,29.876112708,29.876112708,-1.4753240891510155
68943.0,5.5133079881,5.5133079881,-0.7414122540058836
68947.0,20.66270290805,20.66270290805,-1.3147823314118328
6895.0,14.957690509999999,14.957690509999999,-1.131513730146873
68952.0,30.543190384,30.543190384,-1.484914399249521
6896.0,9.608608024,9.608608024,-0.9826604770252726
6899.0,39.1833025215,39.1833025215,-1.5931010372334833
6901.0,13.8205814219,13.8205814219,-1.018628202631398
69027.0,3.0359022239,3.0359022239,-0.48228778029838043
6904.0,20.589566728,20.589566728,-1.313647207734176
6905.0,11.307166368,11.307166368,-1.0533537822084305
6909.0,15.963929632,15.963929632,-1.175047623452889
69091.0,4.2697207321,4.2697207321,-0.6303994702301152
6914.0,40.91540608055,40.91540608055,-1.6118868007531875
69150.0,14.209109233900001,14.209109233900001,-1.1285889838705156
6917.0,4.95989816195,4.95989816195,-0.6839643032639237
6917067.0,16.5907618239,16.5907618239,-1.2198663286596605
6917715.0,61.386261782199995,61.386261782199995,-1.786341398981825
6917728.0,8.827774796,8.827774796,-0.9458512454114532
6917787.0,24.8884973879,24.8884973879,-1.395998677410429
6917941.0,12.15773454,12.15773454,-1.0848526564795957
6917959.0,7.985085444,7.985085444,-0.9003273549484702
6918003.0,11.356950764,11.356950764,-1.0552617429833158
6918029.0,12.0,12.0,-1.0791812460476249
6918126.0,18.455179352,18.455179352,-1.2661182701334333
6918132.0,8.43470803795,8.43470803795,-0.926048887476884
6918155.0,205.0396305292,205.0396305292,-2.3118378106007182
6918178.0,254.5415097101,254.5415097101,-2.4057586156238076
6918197.0,14.890739377949998,14.890739377949998,-1.0719591080923285
6918222.0,8.264738008,8.264738008,-0.9172290910008333
6918235.0,22.847933784,22.847933784,-1.3010825334380844
6918289.0,5.80929431405,5.80929431405,-0.7050401536503097
6918296.0,41.9158672252,41.9158672252,-1.6223784559945018
6918305.0,10.818425284,10.818425284,-1.0341640500274771
6918454.0,2.55785034,2.55785034,-0.4078751302858721
6918493.0,18.16909871995,18.16909871995,-1.2589801585078189
6918580.0,11.8486796479,11.8486796479,-1.0736699576389919
6918686.0,38.1947958299,38.1947958299,-1.5820041928508097
69188.0,15.31218461,15.31218461,-1.1478332897981132
6919.0,7.893212885900001,7.893212885900001,-0.8841127490257423
69229.0,11.78721084,11.78721084,-1.071411051905917
6924.0,7.35314662195,7.35314662195,-0.8664725534604831
6927.0,12.929556672,12.929556672,-1.1115836340679541
6928.0,20.3217016579,20.3217016579,-1.3057693459926392
6929.0,6.6116650879,6.6116650879,-0.8203108463874971
69311.0,9.3639011839,9.3639011839,-0.9714568219924005
69317.0,42.1695715365,42.1695715365,-1.6212296916406022
6934.0,6.3516687641,6.3516687641,-0.8028878418002642
6936.0,11.662851107949999,11.662851107949999,-1.0070210638476296
6937.0,16.887404792,16.887404792,-1.2275629135666917
6942.0,7.880944575999999,7.880944575999999,-0.8736977919310858
6943.0,4.10142921595,4.10142921595,-0.6103853221081739
6944.0,7.9890450060000004,7.9890450060000004,-0.8084279735222992
6946.0,9.280906352,9.280906352,-0.9675903904916471
6947.0,13.5760779399,13.5760779399,-1.1327743225897702
6948.0,12.785319363949998,12.785319363949998,-1.0203291267479648
6950.0,7.016605332,7.016605332,-0.8461270491446082
6950248.0,12.8820134599,12.8820134599,-1.109983748597042
69508.0,7.5691708519,7.5691708519,-0.8790483082759426
6951.0,17.5007062639,17.5007062639,-1.2430555755620247
69588.0,9.1306140319,9.1306140319,-0.9604999847302363
69594.0,9.452320076,9.452320076,-0.9704263051330515
6960.0,16.0945073599,16.0945073599,-1.2066776878155812
6961.0,13.067926076,13.067926076,-1.1162066690482662
69619.0,6.783423028,6.783423028,-0.7129912158960671
6962.0,9.385678159949999,9.385678159949999,-0.7823080927494258
6966.0,42.9932719407,42.9932719407,-1.2434941497900605
69685.0,19.7867875919,19.7867875919,-1.296375291712414
6970.0,20.4424423357,20.4424423357,-1.0224022744511894
69705.0,30.633686009949997,30.633686009949997,-1.4798147590886765
6974.0,7.8463390039,7.8463390039,-0.8946670680482404
69779.0,73.1648547931,73.1648547931,-1.8643025150097057
69785.0,13.269371336,13.269371336,-1.1228503477496172
6979.0,32.8665688799,32.8665688799,-1.5167543680821063
697993.0,10.89120994595,10.89120994595,-1.03703358130252
69819.0,12.755827356,12.755827356,-1.1057086326433636
6982.0,8.6510019639,8.6510019639,-0.8980896857773033
6984.0,21.238052412,21.238052412,-1.327114688233228
69861.0,31.478938164,31.478938164,-1.4980200744718726
69885.0,16.117673244,16.117673244,-1.2073023470084023
6989.0,14.3632330699,14.3632330699,-1.0544053731219458
69908.0,35.996286605950004,35.996286605950004,-1.556042748089122
6991.0,9.154619764,9.154619764,-0.9616403106447069
69917.0,38.64125662325,38.64125662325,-1.5780826753274848
6996.0,6.8690692521,6.8690692521,-0.8368978948381139
6997.0,11.8825636559,11.8825636559,-1.0749101495253537
6998.0,114.84774725470001,114.84774725470001,-1.4437438944499243
69985.0,12.006745596,12.006745596,-1.0794253087162056
69990.0,12.474378732,12.474378732,-1.096018925439083
6999030.0,5.4931788319,5.4931788319,-0.738480560401152
6999977.0,10.7329081279,10.7329081279,-1.0307174118800897
700.0,8.58280957795,8.58280957795,-0.9312831678243688
7000.0,27.09543185195,27.09543185195,-1.430386314644149
70014.0,14.054107096,14.054107096,-1.1478032586522189
7002.0,11.487386278,11.487386278,-1.03152032616594
7003.0,6.063581359950001,6.063581359950001,-0.7233126970683638
7005.0,5.6309772879,5.6309772879,-0.7505837756522156
7006.0,11.987624788000002,11.987624788000002,-1.0783371639295283
700999.0,18.53528329605,18.53528329605,-1.212485798901168
701.0,8.23733384,8.23733384,-0.909119920898436
7015.0,27.154469428,27.154469428,-1.4338413215185202
70151.0,25.2463427959,25.2463427959,-1.402198474787524
7017.0,9.29369583795,9.29369583795,-0.9671074715119617
7018.0,110.8807863872,110.8807863872,-1.8417329684189019
702.0,6.152973748,6.152973748,-0.7890850621507525
7020.0,31.9128684801,31.9128684801,-1.503965842397508
70213.0,6.023831744,6.023831744,-0.7798728327688625
70223.0,4.0369105599,4.0369105599,-0.6060491274702138
70308.0,7.9453767139,7.9453767139,-0.8931837159309901
7031.0,77.5628971822,77.5628971822,-1.8888246958537565
70315.0,13.1359184,13.1359184,-1.1184604419571718
70324.0,11.152813672,11.152813672,-1.0473844465832831
7034.0,13.2070534579,13.2070534579,-1.1205639179712759
70355.0,17.50007636395,17.50007636395,-1.2428074391413628
70374.0,10.4205320159,10.4205320159,-1.0178898922525108
70381.0,14.76907624605,14.76907624605,-1.1692186377454883
7040.0,13.52703936795,13.52703936795,-1.1145607849438288
70400.0,29.017005244,29.017005244,-1.46265258821478
7042.0,3.897083912,3.897083912,-0.5907397571209486
70425.0,21.48856231995,21.48856231995,-1.3285267364952023
7043.0,6.9102218839,6.9102218839,-0.8394919925849499
70438.0,21.9419044081,21.9419044081,-1.341274318682443
7045.0,71.0434499267,71.0434499267,-1.3640326699607896
70452.0,12.92429018395,12.92429018395,-1.066687588305756
7047.0,5.175279948,5.175279948,-0.713933847188517
7048.0,11.2534090039,11.2534090039,-1.051284103541928
7050.0,129.702195258,129.702195258,-2.112947326742272
7054.0,10.896898864,10.896898864,-1.0373029201537172
7055.0,8.151219664,8.151219664,-0.9112225969257544
7056.0,25.521410332000002,25.521410332000002,-1.4039785774188451
7057.0,27.3958902999,27.3958902999,-1.437685418515978
7057995.0,7.075833348,7.075833348,-0.8497775957334032
7059.0,15.283236612,15.283236612,-1.1392437746807458
7060.0,14.27110306,14.27110306,-1.154457542445898
7061.0,26.34961719615,26.34961719615,-1.2281215877570908
7062.0,11.890106704,11.890106704,-1.0751857520745756
7064.0,28.0898654839,28.0898654839,-1.4485496594671587
7069.0,11.415853868,11.415853868,-1.057508400827734
70700.0,8.6763296199,8.6763296199,-0.9383360428101636
707035.0,26.1917260833,26.1917260833,-1.3668145554433893
7071.0,40.0674299634,40.0674299634,-1.583328196271378
70724.0,11.82365568195,11.82365568195,-1.0219823972029605
70754.0,6.2785342439,6.2785342439,-0.796172626356719
7076.0,70.63554341175,70.63554341175,-1.8486035836158394
70763.0,6.309753036,6.309753036,-0.8000123612724408
7078.0,21.535382951949998,21.535382951949998,-1.326778395532763
70801.0,39.91356383155,39.91356383155,-1.5970828327966138
70807.0,8.14609403195,8.14609403195,-0.8325311807022377
70837.0,21.757104858,21.757104858,-1.3340612646299466
70846.0,19.308914786,19.308914786,-1.1434390914967527
70914.0,10.786392984,10.786392984,-1.0328762390259048
70916.0,14.3777574001,14.3777574001,-1.1576911513657404
7092.0,12.844408636,12.844408636,-1.1087141138935976
7095.0,3.0305151679,3.0305151679,-0.4815164620199398
70962.0,13.129088336,13.129088336,-1.0997564237778765
7098.0,10.863503008,10.863503008,-1.0359698889485487
7101.0,6.9735485001,6.9735485001,-0.8434538257094868
7102.0,31.1401982597,31.1401982597,-1.3965052422920812
7104.0,23.758050558,23.758050558,-1.36705545219798
71077.0,24.3759753599,24.3759753599,-1.3869620022145814
7108.0,5.1071438879,5.1071438879,-0.708178093775001
7111.0,73.28303323649999,73.28303323649999,-1.8627773001721744
71113.0,16.0879991879,16.0879991879,-1.2018094625575153
7112.0,16.457459172,16.457459172,-1.2163627863588542
71128.0,12.2943619279,12.2943619279,-1.089705993962663
7115.0,54.506477003149996,54.506477003149996,-1.730198648551079
71157.0,5.69900123195,5.69900123195,-0.6916053206584374
71172.0,36.90135170325,36.90135170325,-1.4133649612048726
71188.0,13.635456306,13.635456306,-1.1346349185874713
712.0,15.3635317,15.3635317,-1.1864910608463353
7122.0,5.55585358995,5.55585358995,-0.6735212187919927
71245.0,15.17632008,15.17632008,-1.1811664775743236
71267.0,4.80106710395,4.80106710395,-0.61096210068638
7127.0,6.03520216395,6.03520216395,-0.7705562267853777
71285.0,16.729963876,16.729963876,-1.2234950032175766
713.0,19.87929002195,19.87929002195,-1.2908310497063424
71310.0,11.1201727,11.1201727,-1.0461115320369212
71321.0,12.983932933950001,12.983932933950001,-1.1029811463134664
71329.0,134.38128962625,134.38128962625,-2.1282289180782463
71335.0,27.58089796,27.58089796,-1.4406084015325273
71360.0,16.40090737005,16.40090737005,-1.2015332472192572
71384.0,8.0438164919,8.0438164919,-0.9054621542339673
71386.0,263.9349967602,263.9349967602,-2.421496979807534
71398.0,20.457898584,20.457898584,-1.3108610213485852
71399.0,3.3143753479,3.3143753479,-0.5204016900492243
71401.0,11.5000720121,11.5000720121,-1.0607005598631545
71404.0,8.676226592,8.676226592,-0.9383308857084771
71412.0,11.5903500041,11.5903500041,-1.0640965509380687
71414.0,253.0152786201,253.0152786201,-2.403146747342034
71417.0,11.575972664,11.575972664,-1.0635574925505134
7142.0,12.921598091949999,12.921598091949999,-1.0167970939122482
7144.0,10.439397376,10.439397376,-1.0186754293337121
71454.0,4.0536231599,4.0536231599,-0.6078433725802361
71467.0,8.58966353395,8.58966353395,-0.9237581159723743
71470.0,241.8187799605,241.8187799605,-2.383490025707976
7148.0,11.07548157795,11.07548157795,-1.0428566318029369
71485.0,3.9751003679,3.9751003679,-0.5993480986968489
71486.0,5.6317854959,5.6317854959,-0.750646104990402
71489.0,21.1703064279,21.1703064279,-1.3252092753408968
7150.0,19.711236188,19.711236188,-1.2947138618640086
7151.0,18.239605332,18.239605332,-1.2610154368438795
71518.0,17.289792773949998,17.289792773949998,-1.2274916852241402
7153.0,10.92943256995,10.92943256995,-0.9552069974776255
7154.0,17.711983404,17.711983404,-1.2477095534199343
7155.0,7.6218378521,7.6218378521,-0.882059705301108
7158.0,29.019273804,29.019273804,-1.4626865401878055
71580.0,23.6995399399,23.6995399399,-1.374739915482591
71587.0,2.6431603719,2.6431603719,-0.42212351444394597
71593.0,4.64853678,4.64853678,-0.6673162715190908
71611.0,5.96418857995,5.96418857995,-0.6586057178782974
71645.0,67.6658909354,67.6658909354,-1.8303698044092205
71648.0,14.64111201195,14.64111201195,-1.164810513160919
7165.0,10.6635222919,10.6635222919,-0.9860274922633059
71651.0,10.8301066919,10.8301066919,-1.03463273506255
7166.0,6.305334852,6.305334852,-0.7997081552254085
7167.0,10.550442128,10.550442128,-1.0232706596078691
71671.0,93.0980374304,93.0980374304,-1.9689405258564077
7169.0,9.2483514639,9.2483514639,-0.9660643258268825
7170.0,6.1142675239,6.1142675239,-0.7863444369435124
7172.0,16.02697324595,16.02697324595,-1.1564833955874096
7173.0,8.558948422,8.558948422,-0.9301701511663842
71734.0,18.3673668183,18.3673668183,-1.2640468994603586
7174.0,47.234521358950005,47.234521358950005,-1.6731531532518702
7175.0,30.221544680450002,30.221544680450002,-1.4800553543191932
7176.0,54.4660935101,54.4660935101,-1.731648498879084
71764.0,26.7344030119,26.7344030119,-1.4270704906045903
71771.0,14.314888559900002,14.314888559900002,-1.1419202765428524
71793.0,11.607996192,11.607996192,-1.0647572569595158
7180.0,50.4648684639,50.4648684639,-1.7029891456071569
71808.0,19.306751504,19.306751504,-1.2857092068415676
71815.0,9.09402136995,9.09402136995,-0.9585562724903687
71818.0,15.15493108395,15.15493108395,-1.1519440595671895
71827.0,51.5473215519,51.5473215519,-1.712206103849394
7183.0,32.076388084,32.076388084,-1.5061854592535988
71833.0,73.90170873065,73.90170873065,-1.741193180020941
71839.0,18.510871924,18.510871924,-1.267426875957839
7184.0,46.540179726649995,46.540179726649995,-1.6662288847892208
7185.0,32.7148092519,32.7148092519,-1.5147443924293145
7187.0,11.3135642599,11.3135642599,-1.0535994479446775
71873.0,9.6725920679,9.6725920679,-0.9855428722150075
71884.0,12.6330113439,12.6330113439,-1.1015068861178394
71900.0,9.847113942,9.847113942,-0.8853397570492934
71905.0,11.0630936139,11.0630936139,-0.9360414733101732
7191.0,39.5163770321,39.5163770321,-1.5967771204527046
71916.0,10.914908628,10.914908628,-1.0353315544986834
7192.0,85.3351130327,85.3351130327,-1.9311277680791552
7193.0,15.9236368279,15.9236368279,-1.2020422640239916
7194.0,68.23033745315,68.23033745315,-1.8329215884334689
71957.0,22.629680148,22.629680148,-1.3546784156012017
71961.0,4.0585278001,4.0585278001,-0.6083685251432565
7198.0,9.92305455805,9.92305455805,-0.99585572645594
71986.0,15.836931692,15.836931692,-1.1996710435216913
71992.0,6.0,6.0,-0.7781512503836436
72004.0,6.9348390279,6.9348390279,-0.8410363846441797
7204.0,7.498851592,7.498851592,-0.8749618218379639
720471.0,23.887102672,23.887102672,-1.3781634762517445
7206.0,15.492656516,15.492656516,-1.1901258923441802
72060.0,2.941945136,2.941945136,-0.4686345693586668
72068.0,17.69784129925,17.69784129925,-1.2238885938389146
7207.0,35.2656986847,35.2656986847,-1.5473524925164763
72081.0,21.8668089319,21.8668089319,-1.3397854101806084
72092.0,16.0589941759,16.0589941759,-1.20571834059796
7211.0,12.28142923795,12.28142923795,-1.0551568233062496
7212.0,32.1967627479,32.1967627479,-1.5078122073666085
72120.0,5.929403171900001,5.929403171900001,-0.767534382837595
72124.0,15.1426462879,15.1426462879,-1.180201777925292
7214.0,6.1604227,6.1604227,-0.7896105124857362
72157.0,82.2827303633,82.2827303633,-1.915308694326051
72158.0,4.5777392,4.5777392,-0.6606510466986768
7216.0,18.7342891959,18.7342891959,-1.2726372200263214
7219.0,9.6321427799,9.6321427799,-0.9837229116279427
7220.0,11.69617252,11.69617252,-1.068043765558676
7222.0,8.4290330039,8.4290330039,-0.9257777543212155
72276.0,3.5205130039,3.5205130039,-0.5466059528331072
7231.0,12.3019271,12.3019271,-1.089973149109324
7232.0,17.3128000041,17.3128000041,-1.238367312126722
7237.0,7.8938215199,7.8938215199,-0.8972873027285059
7238.0,19.2175133379,19.2175133379,-1.2833050048919286
7239.0,14.0252683559,14.0252683559,-1.146911179687313
7240.0,15.7021788199,15.7021788199,-1.1959599188937078
7242.0,6.9240020719499995,6.9240020719499995,-0.8398982603194145
7243.0,82.26974634975,82.26974634975,-1.9151589757908312
7245.0,8.34136006795,8.34136006795,-0.8968728305914677
7247.0,8.0715001079,8.0715001079,-0.9069542569078338
7248.0,8.0675396279,8.0675396279,-0.9067411073435014
7249.0,23.8498643481,23.8498643481,-1.3774859132277397
7250.0,9.370908488,9.370908488,-0.9717816967788386
7253.0,43.60573107695,43.60573107695,-1.5910850849937659
7254.0,7.793149496,7.793149496,-0.8917130073908741
7255.0,12.009004324,12.009004324,-1.0644910865509503
7257.0,16.992272766,16.992272766,-1.2183668891004673
7258.0,6.482897024,6.482897024,-0.8117691232126903
7259.0,42.870219117,42.870219117,-1.632155703269457
7261.0,10.52378168,10.52378168,-1.0221718298968685
7263.0,144.0242488165,144.0242488165,-2.158435618766124
7267.0,13.5388084359,13.5388084359,-1.1315804433384025
7268.0,2.760511632,2.760511632,-0.44098958147172684
7269.0,24.890823569600002,24.890823569600002,-1.3947825598633583
727.0,12.089965231899999,12.089965231899999,-1.082398096241843
7270.0,4.606653304,4.606653304,-0.6633855285484418
72700.0,11.37803742,11.37803742,-1.0560673577383786
7272.0,15.04305353995,15.04305353995,-1.1279155851307388
727200.0,4.695672784,4.695672784,-0.6716978256640795
7274.0,20.746653564,20.746653564,-1.3169480549809147
7275.0,8.3574374059,8.3574374059,-0.9167609303398934
7276.0,18.647963542,18.647963542,-1.247675089633939
7281.0,25.032750276,25.032750276,-1.398508566910414
7284.0,7.228669507949999,7.228669507949999,-0.7995857339190349
7285.0,5.883577216,5.883577216,-0.7696414575029549
7288.0,2.7590843319,2.7590843319,-0.4407649749696131
7289.0,13.56607428,13.56607428,-1.1324541906816643
7290.0,8.678858584,8.678858584,-0.9384626118969901
7291.0,9.54384711195,9.54384711195,-0.9663115009723349
7292.0,5.9396340639,5.9396340639,-0.7737596892700067
72921.0,5.1185333479,5.1185333479,-0.7091455371161596
7293.0,7.3270053079999995,7.3270053079999995,-0.8540558991901775
7294.0,10.69907366,10.69907366,-0.9659114569655922
7298.0,12.18868308395,12.18868308395,-1.0841095743180498
7302.0,5.7178343,5.7178343,-0.6909768980865497
7303.0,10.409004976,10.409004976,-1.017409216149702
7314.0,20.67013799195,20.67013799195,-1.309745086758023
7315.0,6.8671466279,6.8671466279,-0.8367763205859938
7319.0,9.3671266281,9.3671266281,-0.9703689429265709
7321.0,11.7407192559,11.7407192559,-1.0696947033255764
7327.0,8.70133112,8.70133112,-0.9395856955898938
73281.0,9.883117682,9.883117682,-0.994870742639155
73282.0,8.51763386595,8.51763386595,-0.8588199906913555
73303.0,19.536335848,19.536335848,-1.2908431125958646
7331.0,38.746825954049996,38.746825954049996,-1.587957622999514
73339.0,9.257736584,9.257736584,-0.9462928004601918
7337.0,20.9067887199,20.9067887199,-1.3202873303628584
7338.0,7.130036983949999,7.130036983949999,-0.8522655911195907
7340.0,93.5666148088,93.5666148088,-1.9711209172137623
7343.0,16.6544535239,16.6544535239,-1.219779969360439
7344.0,5.21971414395,5.21971414395,-0.6595679060579397
7348.0,13.83747756195,13.83747756195,-1.010092199279692
7352.0,4.8253920799,4.8253920799,-0.6835326070516253
7354.0,21.556283574,21.556283574,-1.3175504141874184
7355.0,16.00627502995,16.00627502995,-1.203680093337892
7358.0,5.91605704595,5.91605704595,-0.7708481062155086
7359.0,6.668165246,6.668165246,-0.696376561252598
7360.0,16.453283104,16.453283104,-1.1189934145301557
7362.0,26.965945857999998,26.965945857999998,-1.4246568251209317
736366.0,18.2195528699,18.2195528699,-1.2144627457605721
7366.0,7.066427148,7.066427148,-0.8491998859168982
73668.0,12.599651878,12.599651878,-1.081797062144409
7367.0,7.5285150159,7.5285150159,-0.8767093209549139
73670.0,27.338980227900002,27.338980227900002,-1.4364482730044128
73672.0,5.853657211950001,5.853657211950001,-0.7226484583157108
73674.0,7.271059212,7.271059212,-0.8615976813431027
73675.0,9.739417118,9.739417118,-0.982797220925492
7368.0,4.7558538281,4.7558538281,-0.6772284980439777
7369.0,7.213797584,7.213797584,-0.8581639520404023
7371.0,14.1196156,14.1196156,-1.1498228734104525
7374.0,5.9237232559,5.9237232559,-0.7725947609830394
7375.0,14.389483913949999,14.389483913949999,-1.157051363456512
73764.0,11.953190632,11.953190632,-1.0774838457793772
73773.0,6.646871469950001,6.646871469950001,-0.7623283954094786
7381.0,6.7455452039,6.7455452039,-0.8290170569695651
73812.0,10.13176096195,10.13176096195,-0.937104722491638
73848.0,15.678365872,15.678365872,-1.1953007949710701
7385.0,4.3035188499,4.3035188499,-0.6319918653346465
73851.0,7.7959995359,7.7959995359,-0.8907459160786535
73852.0,6.645180932,6.645180932,-0.8225068102147102
73864.0,5.152161072,5.152161072,-0.7119894319114048
7389.0,12.360636133949999,12.360636133949999,-1.0385373922552965
7390.0,24.62844455595,24.62844455595,-1.2669236139374334
7391.0,10.8441496039,10.8441496039,-1.0351955003968347
7393.0,18.50801061405,18.50801061405,-1.2429470283956978
7394.0,15.482223604,15.482223604,-1.097234960630904
7395.0,8.620342708,8.620342708,-0.9355245318612232
73957.0,14.965556485899999,14.965556485899999,-1.1512568632783644
7400.0,12.644332223949998,12.644332223949998,-1.099778868808714
7402.0,16.8500325359,16.8500325359,-1.2266007437918198
7403.0,12.464699108,12.464699108,-1.0956817993008863
7405.0,17.0263171819,17.0263171819,-1.1857788175909918
7406.0,7.704909144,7.704909144,-0.8867675219003703
74062.0,18.169277865999998,18.169277865999998,-1.2460340532228178
7407.0,3.70834944,3.70834944,-0.5691806512311758
74080.0,15.8216611799,15.8216611799,-1.1992520798815807
7409.0,44.0098327711,44.0098327711,-1.6435497183305783
7411.0,12.802104338,12.802104338,-1.1072799574454826
7415.0,8.2375973799,8.2375973799,-0.9158005615994252
7416.0,10.10606077195,10.10606077195,-0.9997131480927965
74189.0,3.680484908,3.680484908,-0.5659050412265335
74195.0,19.987714196,19.987714196,-1.300763130845218
7421.0,26.3678456,26.3678456,-1.4210746469623976
7422.0,11.800623034000001,11.800623034000001,-1.0718849860469002
74266.0,13.915332662,13.915332662,-0.9782636704825474
74282.0,22.9699409439,22.9699409439,-1.3611598786181291
743.0,7.582866632,7.582866632,-0.8719306128204574
7430.0,7.8693093839,7.8693093839,-0.8959366200436865
74325.0,8.2202421959,8.2202421959,-0.9148846135003122
74348.0,5.95302288,5.95302288,-0.7560329032321154
7439.0,26.56518972995,26.56518972995,-1.4138057477507564
7440.0,7.1091181080000005,7.1091181080000005,-0.8457834836956262
7443.0,20.137298032,20.137298032,-1.3040011976717047
7444.0,13.6861259239,13.6861259239,-1.1362805315541489
74448.0,26.8588614,26.8588614,-1.4290875981250235
7447.0,17.5815869921,17.5815869921,-1.2450580738552048
74483.0,18.92097083595,18.92097083595,-1.274102288176094
7449.0,12.663991912,12.663991912,-1.1025706244873623
7450.0,7.405195908,7.405195908,-0.8695365524774719
7451.0,9.996077432,9.996077432,-0.9998296116160846
7452.0,8.354114937999999,8.354114937999999,-0.9218999598231626
74523.0,11.03873658195,11.03873658195,-1.0113459150680828
7453.0,8.49661086195,8.49661086195,-0.902089093837549
7455.0,22.48479237425,22.48479237425,-1.2828164188225448
7456.0,18.994851672,18.994851672,-1.2644658282075425
74574.0,13.681142752,13.681142752,-1.136122374442594
7461.0,4.23996718,4.23996718,-0.6273624948946048
7462.0,11.1941497879,11.1941497879,-1.0489911138645467
7463.0,10.37323676,10.37323676,-1.0159142903980212
74651.0,9.36403768395,9.36403768395,-0.8844771129230413
7469.0,15.92887687605,15.92887687605,-1.2020666603033123
7470.0,8.73825038,8.73825038,-0.9414244845363445
7471.0,8.87875956595,8.87875956595,-0.9483244251001233
7472.0,88.6151135074,88.6151135074,-1.94297556976409
74724.0,25.0737396239,25.0737396239,-1.3992191116568626
7473.0,16.740859602,16.740859602,-1.2211339213517889
7474.0,7.45237644,7.45237644,-0.8722947841852409
74745.0,10.73961868,10.73961868,-1.030988861613836
7475.0,18.2206724519,18.2206724519,-1.2605644009992405
7476.0,9.2073741839,9.2073741839,-0.9641357930592568
7479.0,12.713153452,12.713153452,-1.1042532891012466
74791.0,2.2668942599,2.2668942599,-0.35543126277629183
7482.0,5.10806135195,5.10806135195,-0.7026278085871116
74828.0,8.8035910281,8.8035910281,-0.9446598591465415
7483.0,58.91953222405,58.91953222405,-1.5647515367728482
7486.0,5.995856440000001,5.995856440000001,-0.7158818379910438
74867.0,21.894776704,21.894776704,-1.3403405203564092
7487.0,22.182878724,22.182878724,-1.3460179048800043
7488.0,10.5765967639,10.5765967639,-1.0243459470542933
74887.0,6.6646941639,6.6646941639,-0.8237802248709425
74888.0,12.253096130049999,12.253096130049999,-0.9448607179570048
7489.0,8.6810749081,8.6810749081,-0.93857350371952
74904.0,15.1375954,15.1375954,-1.1800568931660067
74937.0,9.828687066,9.828687066,-0.9840925007829
7494.0,13.2601328,13.2601328,-1.1225478735422378
7497.0,5.26633428805,5.26633428805,-0.7018319110408028
7498.0,6.282049408,6.282049408,-0.7981013477799931
74989.0,20.534904208,20.534904208,-1.3124926812810254
7500.0,13.107012564,13.107012564,-1.1175037157314553
7501.0,12.4036343759,12.4036343759,-1.0935489559795601
7503.0,3.095862404,3.095862404,-0.4907816501660649
7505.0,12.651149647899999,12.651149647899999,-1.0878493565339662
75050.0,12.83474853395,12.83474853395,-1.075458615042217
7506.0,23.971655976,23.971655976,-1.3796980363864975
75066.0,8.6918751,8.6918751,-0.9391134769938022
7508.0,20.13253274,20.13253274,-1.3038984140249776
7509.0,17.45858202,17.45858202,-1.2420089675541357
7510.0,14.3516356679,14.3516356679,-1.156901400795545
7515.0,7.92852036395,7.92852036395,-0.8255031043850467
7516.0,5.8732724199,5.8732724199,-0.7688801451840932
7517.0,8.1815199959,8.1815199959,-0.9128339961539225
75171.0,7.8176504599,7.8176504599,-0.8930762485047379
7518.0,34.914776156,34.914776156,-1.5430092620572406
75194.0,21.66450414,21.66450414,-1.3357487532953303
7521.0,23.03716736,23.03716736,-1.3624290773748489
7522.0,4.64734830395,4.64734830395,-0.6654835899923945
75227.0,23.519909522,23.519909522,-1.3695016656384356
7525.0,7.5354183959,7.5354183959,-0.8771073710482598
7526.0,17.478020752,17.478020752,-1.2101328585719655
753.0,16.643412272,16.643412272,-1.2212423711719809
7533.0,12.96780372,12.96780372,-1.112866428431604
75345.0,19.139121412,19.139121412,-1.2819219974597333
7540.0,12.36828857595,12.36828857595,-1.0917706049375677
7541.0,7.5312514559,7.5312514559,-0.8768671482103848
7542.0,6.324431524,6.324431524,-0.8010214947355515
7543.0,3.300843488,3.300843488,-0.5186249324159203
75430.0,20.818960604,20.818960604,-1.318459043367822
75454.0,7.110382756,7.110382756,-0.8518929796811782
7546.0,9.030831448,9.030831448,-0.9557277366540776
75471.0,8.78160028,8.78160028,-0.9435736650456278
75472.0,13.282284324,13.282284324,-1.1232727726218914
75494.0,11.764514124,11.764514124,-1.0705739954624807
7550.0,50.59698064135,50.59698064135,-1.6982636817879033
75516.0,8.8990830719,8.8990830719,-0.9493452608776307
75518.0,4.49352101795,4.49352101795,-0.6384100670946672
75538.0,9.72726107005,9.72726107005,-0.9879835998420532
75547.0,4.0514692959,4.0514692959,-0.607612551950591
7555.0,9.7854168959,9.7854168959,-0.9905793329814513
75557.0,22.650959456,22.650959456,-1.3550866027118194
7557.0,190.8400767129,190.8400767129,-2.280669582462357
75576.0,10.74334801,10.74334801,-1.0281481154269563
7558.0,13.0408082919,13.0408082919,-1.115304510554857
75588.0,127.6174686461,127.6174686461,-2.1059101259317767
7559.0,8.350039328000001,8.350039328000001,-0.9174855673878146
7560.0,9.2055773,9.2055773,-0.9640510291618934
75628.0,11.883210215950001,11.883210215950001,-1.0687914944245591
7563.0,5.3541147999500005,5.3541147999500005,-0.7281257954430402
7564.0,7.3582609599,7.3582609599,-0.8667751859733449
7565.0,12.7725156839,12.7725156839,-1.1062764446427757
7567.0,12.297627953900001,12.297627953900001,-1.0845276654802116
7568.0,16.091607662,16.091607662,-1.2048937853425912
7570.0,4.42172382,4.42172382,-0.645591613141891
75706.0,12.976675006,12.976675006,-1.017060079254548
7571.0,95.1792998163,95.1792998163,-1.9785425055999972
7572.0,22.76250696405,22.76250696405,-1.3249251672234934
7577.0,16.8533285639,16.8533285639,-1.1975415302014172
75771.0,10.6820828759,10.6820828759,-1.0286559430776447
7578.0,4.8683356319,4.8683356319,-0.6873805116404882
7579.0,20.2306174119,20.2306174119,-1.3060091370708329
7580.0,8.89220964,8.89220964,-0.9490096929408023
75819.0,12.216443324,12.216443324,-1.086944784499693
7582.0,12.387105572,12.387105572,-1.0929698389862805
7583.0,10.6204867799,10.6204867799,-1.0261444226757332
7585.0,13.581672804,13.581672804,-1.132953263670931
75893.0,25.691265088,25.691265088,-1.4097854903002125
7590.0,17.84890401995,17.84890401995,-1.2329242208108493
75903.0,9.06140576,9.06140576,-0.9571955780798779
7592.0,39.731434727,39.731434727,-1.5976933807703921
7594.0,17.77797251195,17.77797251195,-1.1998908294696455
7595.0,50.61767000934999,50.61767000934999,-1.682731838632599
75969.0,9.627652784,9.627652784,-0.9835204192938994
7597.0,12.19862922195,12.19862922195,-1.0661278914226129
75982.0,24.863004624,24.863004624,-1.3955536107406212
76004.0,22.744754928,22.744754928,-1.356881261720352
7601.0,14.7778396999,14.7778396999,-1.1696109513128499
7603.0,17.516402132,17.516402132,-1.2434449069302211
7604.0,10.869821316,10.869821316,-1.0362224049774602
76063.0,7.081386065949999,7.081386065949999,-0.8490171271737129
7607.0,182.1070339485,182.1070339485,-1.9384042715653542
76079.0,7.307151464,7.307151464,-0.8617870341239516
76092.0,13.0424458899,13.0424458899,-1.1052600721130053
7610.0,8.237615824,8.237615824,-0.9158015339899801
7611.0,8.55863301805,8.55863301805,-0.9163911280007734
7615.0,12.762089687949999,12.762089687949999,-1.105617556710636
7617.0,13.52297916,13.52297916,-1.1309905947546155
7618.0,9.8408991,9.8408991,-0.9919979950976993
7619.0,24.820620674,24.820620674,-1.3948121661132147
76191.0,7.9442551559,7.9442551559,-0.9000531845079462
76192.0,10.50840996005,10.50840996005,-0.9848890356482893
7620.0,8.265672488,8.265672488,-0.9172781931701931
7621.0,6.451171465950001,6.451171465950001,-0.8004220484376483
7622.0,11.105545192,11.105545192,-1.0455398837368337
7624.0,8.240697152,8.240697152,-0.9159639539858716
7626.0,14.824950518,14.824950518,-1.1552973787534555
76262.0,9.7024283961,9.7024283961,-0.986880446331568
7628.0,11.1882606519,11.1882606519,-1.048762575536749
76302.0,33.86731428915,33.86731428915,-1.244841314682669
7632.0,7.112802797900001,7.112802797900001,-0.8505096250605302
7636.0,11.319300716,11.319300716,-1.0538195978272409
7638.0,50.45006991295,50.45006991295,-1.702726058061097
76382.0,16.4665721919,16.4665721919,-1.216603202504336
7641.0,13.474939084,13.474939084,-1.1295268105532137
7642.0,10.9270745999,10.9270745999,-1.0385039080454972
7648.0,9.957237516,9.957237516,-0.9981388667403867
7649.0,19.977161122,19.977161122,-1.1947568698414284
76497.0,7.0431790819,7.0431790819,-0.8451669220436862
7652.0,44.158867255,44.158867255,-1.6450179245215855
7654.0,20.470902536,20.470902536,-1.311136990574755
7656.0,13.811140416,13.811140416,-1.1396581279766158
7659.0,49.799411755,49.799411755,-1.5475312627265256
7660.0,5.35258506,5.35258506,-0.7285635775629461
7663.0,4.0730824639,4.0730824639,-0.6099232029301375
76654.0,8.876472062000001,8.876472062000001,-0.9241554762605757
7668.0,15.95830634,15.95830634,-1.202986797652382
7670.0,17.121861144,17.121861144,-1.078948015006094
7671.0,18.8991133719,18.8991133719,-1.276441430272533
76714.0,5.230627436,5.230627436,-0.7185537874616542
7673.0,3.584210592,3.584210592,-0.5543935189188329
76748.0,15.837417267900001,15.837417267900001,-1.1850704653218813
7675.0,16.955416280050002,16.955416280050002,-0.9926781948011172
76767.0,11.5240176319,11.5240176319,-1.0616039140852078
7681.0,17.174194128,17.174194128,-1.2348763676253955
7684.0,37.465080598949996,37.465080598949996,-1.5459164965927719
76857.0,10.36182848,10.36182848,-1.0154363991066657
76921.0,6.5673276199,6.5673276199,-0.8173886821876507
7693.0,47.9229779238,47.9229779238,-1.6805437971878172
7694.0,11.8065528279,11.8065528279,-1.0721231146877641
7695.0,13.983989148,13.983989148,-1.1456310782647596
7697.0,1.661841936,1.661841936,-0.22058971404045785
76985.0,10.3370255439,10.3370255439,-0.9900038619304441
7703.0,14.87809068,14.87809068,-1.1725472013480054
7704.0,11.083918744,11.083918744,-1.01264525991796
7705.0,8.5163620839,8.5163620839,-0.8859806954031316
7707.0,9.9104599759,9.9104599759,-0.9960938119382766
7710.0,8.401640984,8.401640984,-0.924364119477741
77117.0,6.845556384,6.845556384,-0.8354087519121023
7713.0,21.34308058,21.34308058,-1.3292571040452557
7714.0,16.8903679961,16.8903679961,-1.2276391117933039
7719.0,6.967855264,6.967855264,-0.8430991209463676
77222.0,16.52420290995,16.52420290995,-1.2181025126990839
7724.0,11.140968948,11.140968948,-1.0469229637703772
7726.0,92.6247309393,92.6247309393,-1.924492552394419
77287.0,8.692156368,8.692156368,-0.8690272143126307
77288.0,9.7865981639,9.7865981639,-0.9906317566254251
77290.0,24.2596707559,24.2596707559,-1.384884902471769
7732.0,27.469443384,27.469443384,-1.4364907660603947
77353.0,9.712859844,9.712859844,-0.9873471219370115
7737.0,77.8554973063,77.8554973063,-1.8912892831276664
77378.0,9.5,9.5,-0.9777236052888477
7745.0,7.005021048,7.005021048,-0.8454094445492055
7747.0,6.7853302879,6.7853302879,-0.8315709925589396
7748.0,19.88441579395,19.88441579395,-1.0542093338204972
7751.0,8.937242744,8.937242744,-0.9512035539454498
7756.0,13.2931129481,13.2931129481,-1.1236266948534466
7757.0,3.599790244,3.599790244,-0.556277195620808
7761.0,11.12908908595,11.12908908595,-1.0444566755691886
7762.0,11.456310568,11.456310568,-1.0590447783698944
7765.0,7.3269692801,7.3269692801,-0.8649243706694787
7766.0,7.4527502839,7.4527502839,-0.8723165697555222
7767.0,7.890945407949999,7.890945407949999,-0.8950569337034342
7768.0,6.7639449999,6.7639449999,-0.8302000675334735
77680.0,7.3574653441,7.3574653441,-0.866728225117339
77703.0,8.8145975619,8.8145975619,-0.9447078843172396
7771.0,5.0464371679,5.0464371679,-0.7029848703160627
7778.0,24.842696234399998,24.842696234399998,-1.349727782917781
77780.0,8.1425106199,8.1425106199,-0.9107583336674862
77781.0,6.652945004,6.652945004,-0.8230139334027536
77797.0,14.263008684,14.263008684,-1.1542111466262501
7789.0,19.71204187795,19.71204187795,-1.2537605837413963
7790.0,3.2519914919,3.2519914919,-0.5121494006902608
7791.0,20.3677911959,20.3677911959,-1.3089439340838707
779179.0,10.511997616,10.511997616,-1.0216852537227297
7792.0,12.0662245599,12.0662245599,-1.0815714035444433
77929.0,11.1355805479,11.1355805479,-1.046712863685013
7793.0,9.069354151999999,9.069354151999999,-0.9250167651511594
77942.0,10.8648086279,10.8648086279,-1.0360220810864578
7795.0,5.6515554161,5.6515554161,-0.7521679904148934
77956.0,13.62396571995,13.62396571995,-1.0621618966800122
7797.0,10.616228188,10.616228188,-1.0003842299207601
77990.0,4.76023757195,4.76023757195,-0.6655260871925041
77999.0,11.1429882159,11.1429882159,-1.047001671237135
7803.0,11.329858077899999,11.329858077899999,-1.0475614831313056
7804.0,8.232555096,8.232555096,-0.91553464588971
7805.0,27.509900943999998,27.509900943999998,-1.43208452451328
7807.0,21.9390442639,21.9390442639,-1.341217704371091
7810.0,8.28251307595,8.28251307595,-0.9024405588419624
7812.0,10.4073163881,10.4073163881,-1.0173387575517623
7813.0,12.271147604,12.271147604,-1.0888816216549095
78138.0,3.8201558159,3.8201558159,-0.5820810772063391
7814.0,34.29838900595,34.29838900595,-1.5113844226544617
78170.0,24.77863491395,24.77863491395,-1.3929333482841175
78202.0,8.274622271950001,8.274622271950001,-0.9139073821223244
7823.0,4.887805419899999,4.887805419899999,-0.6850614113023253
7825.0,15.519918415900001,15.519918415900001,-1.1898071657431077
7829.0,5.5522873279,5.5522873279,-0.7444719325355296
7833.0,9.737878738,9.737878738,-0.9844532748294739
7835.0,9.751618272,9.751618272,-0.8355605701600632
7837.0,10.2140562319,10.2140562319,-1.0091982444669125
7839.0,27.54334472,27.54334472,-1.4400166775780676
78392.0,13.752765488000001,13.752765488000001,-1.1129441299808112
7841.0,5.39000646,5.39000646,-0.7090634593371246
78435.0,10.766939228,10.766939228,-1.032092261764824
78452.0,9.5632673359,9.5632673359,-0.9806062964102659
7849.0,9.7586790479,9.7586790479,-0.9893910347739195
785.0,31.4747294839,31.4747294839,-1.4979620061618109
78501.0,9.6644103399,9.6644103399,-0.9851753613195813
7854.0,8.048055344,8.048055344,-0.9056909542316289
7855.0,8.49026354,8.49026354,-0.9289211710674394
7856.0,15.1715422194,15.1715422194,-1.1810297299846215
7858.0,26.39881584,26.39881584,-1.4215844463513538
7860.0,7.05378746595,7.05378746595,-0.8403908708532437
7864.0,5.680947776,5.680947776,-0.7539593590100941
7865.0,4.70874287995,4.70874287995,-0.6571321880842846
7868.0,9.6711542379,9.6711542379,-0.9205306644555205
7870.0,8.07006745405,8.07006745405,-0.896640684346871
78738.0,8.518400684,8.518400684,-0.826812220430527
78771.0,4.9966772599,4.9966772599,-0.6986812988580178
7881.0,10.98469833795,10.98469833795,-1.0277638733628711
78860.0,8.58160943605,8.58160943605,-0.9079221783856823
7888.0,10.227045878,10.227045878,-1.0081269852992039
78882.0,14.122228717949998,14.122228717949998,-1.1060744408578953
7892.0,6.34529478,6.34529478,-0.8024518026881893
7895.0,8.36235848,8.36235848,-0.9223287810748158
7896.0,13.6430748159,13.6430748159,-1.1349122607226896
78972.0,25.987972176,25.987972176,-1.4147723931165674
7899.0,14.466826308,14.466826308,-1.1603732672560474
79.0,5.4577496639,5.4577496639,-0.6631811811435734
790.0,43.103600273400005,43.103600273400005,-1.6288219142509694
7900.0,36.1509040099,36.1509040099,-1.5581191619791595
79016.0,9.3770540599,9.3770540599,-0.9720664197777339
7902.0,13.807629296,13.807629296,-1.1134703610637433
7903.0,8.791271888,8.791271888,-0.9440517117040773
7904.0,3.4362720199,3.4362720199,-0.5360875358534664
79050.0,14.63055688,14.63055688,-1.1652608569050977
7909.0,23.369684648,23.369684648,-1.3686528520346104
791.0,12.7601108279,12.7601108279,-1.1058544464647975
7910.0,15.1552596019,15.1552596019,-1.1796589125734633
79103.0,9.04090881,9.04090881,-0.9278467911908451
7912.0,7.60385180995,7.60385180995,-0.8448337063624589
7913.0,15.6832144399,15.6832144399,-1.1954350806977418
7914.0,3.0153683919,3.0153683919,-0.4793403780999879
7915.0,14.9549849119,14.9549849119,-1.1747859792073987
79154.0,17.3332271479,17.3332271479,-1.2388794283830784
7916.0,7.7191973719,7.7191973719,-0.8178065390538916
7922.0,23.883600128,23.883600128,-1.3780997913802484
7923.0,7.7531838959999995,7.7531838959999995,-0.8257384799546956
7929.0,7.838387243950001,7.838387243950001,-0.8922262065802592
79302.0,13.35437926605,13.35437926605,-0.9775637594742626
7931.0,8.165299432,8.165299432,-0.9119721155002287
7932.0,12.87189585995,12.87189585995,-1.0797729782582417
7933.0,8.178862356,8.178862356,-0.9126928994082862
7934.0,14.78879325595,14.78879325595,-1.1329226347324883
7935.0,7.326813746,7.326813746,-0.8158558257590351
79358.0,21.4539874871,21.4539874871,-1.3315080229870044
7940.0,9.2524759799,9.2524759799,-0.9662579663085786
7944.0,9.952777776,9.952777776,-0.9979443073212491
7945.0,4.193976348,4.193976348,-0.6226259769252119
7946.0,13.86156908195,13.86156908195,-1.0557775668498435
7947.0,11.8147471121,11.8147471121,-1.072424430243047
7948.0,5.9802977539499995,5.9802977539499995,-0.753148005881437
795.0,12.059642465900001,12.059642465900001,-1.0736426767755414
7954.0,3.9152532219999996,3.9152532219999996,-0.5815994920282908
7955.0,8.317485888050001,8.317485888050001,-0.810016270876589
7956.0,5.18685157795,5.18685157795,-0.7083175992007549
7957.0,10.302983692,10.302983692,-1.0129630124065778
7958.0,7.7096400279,7.7096400279,-0.8634425707448119
7961.0,15.038668551899999,15.038668551899999,-1.1301038394425225
7963.0,49.8355275219,49.8355275219,-1.6975390597402875
79633.0,90.445009866,90.445009866,-1.9563846104722913
79639.0,5.5056201719,5.5056201719,-0.7408062464801408
7964.0,9.317056178000001,9.317056178000001,-0.9631349110990366
7965.0,22.2778397641,22.2778397641,-1.347873075908508
7966.0,6.893188748,6.893188748,-0.8384201704269572
7967.0,7.772110168,7.772110168,-0.8904961086368948
79688.0,10.035774034,10.035774034,-0.9988327419298538
7969.0,12.0211033919,12.0211033919,-1.0799443324770892
7970.0,8.6437832079,8.6437832079,-0.9367038659398671
7975.0,13.442864683949999,13.442864683949999,-1.1249935460280394
7977.0,4.1064669359,4.1064669359,-0.6134683303621669
7979.0,17.136297056,17.136297056,-1.2339169820045535
798.0,11.80624360005,11.80624360005,-0.9985589399297452
7980.0,16.36488836795,16.36488836795,-1.1799991853764351
7986.0,21.107426202,21.107426202,-1.2522426759385423
79878.0,64.70162938055,64.70162938055,-1.8109125946274065
7991.0,10.1044771399,10.1044771399,-1.004513845695837
7992.0,12.48627042,12.48627042,-1.0964327363811144
7993.0,15.878089773949998,15.878089773949998,-1.1589869623828557
7996.0,26.159497893999998,26.159497893999998,-1.417592610305961
8003.0,3.527028492,3.527028492,-0.5474089679942259
80037.0,11.6624589599,11.6624589599,-1.0667901284784298
8005.0,9.2365819599,9.2365819599,-0.9624553724134941
8007.0,9.385690768,9.385690768,-0.9724662413357164
8016.0,13.2927811919,13.2927811919,-1.1236158560314573
8019.0,9.011742588,9.011742588,-0.9548087780132017
80196.0,10.25004753395,10.25004753395,-0.9629767640722224
802.0,6.971871448,6.971871448,-0.8140334488381197
8021.0,10.22435126205,10.22435126205,-1.0089130200179357
8026.0,11.404129796,11.404129796,-1.0570621515842644
80278.0,8.256754413949999,8.256754413949999,-0.910807723239687
8028.0,15.176274688,15.176274688,-1.1811651786082698
80289.0,8.7439767939,8.7439767939,-0.9359921770032489
8029.0,7.0951507759,7.0951507759,-0.8509616288908308
8030.0,58.093273128300005,58.093273128300005,-1.5159720717985246
8031.0,8.365276382000001,8.365276382000001,-0.8954346092065554
80311.0,21.062257019500002,21.062257019500002,-1.2733870852204014
8033.0,4.5058199919,4.5058199919,-0.6537738376128257
80365.0,4.8204717639,4.8204717639,-0.6830895433078363
8037.0,18.23190413395,18.23190413395,-1.2049951633490465
8038.0,167.4238297533,167.4238297533,-2.2238172720193834
8039.0,23.991210132,23.991210132,-1.3800521546120623
8041.0,7.1649968079,7.1649968079,-0.8552160012495218
8042.0,16.750817516,16.750817516,-1.2240360074339791
80428.0,10.1083752841,10.1083752841,-1.0046813571881488
80434.0,128.2175946855,128.2175946855,-2.1079476254208
8046.0,12.0556100919,12.0556100919,-1.081189193381343
8048.0,12.175229761899999,12.175229761899999,-1.0852942899246867
80480.0,12.313280099950001,12.313280099950001,-0.8952609755893692
8049.0,11.7038232419,11.7038232419,-1.0253964177371695
8050.0,12.032106572,12.032106572,-1.080341669941928
8051.0,21.933853556,21.933853556,-1.3411149395244235
80519.0,20.36233477595,20.36233477595,-1.2250098046623787
8053.0,17.73786365595,17.73786365595,-1.2023706630298658
8057.0,12.47461925995,12.47461925995,-1.0802641325270093
8062.0,4.241375284,4.241375284,-0.6275067012641414
8064.0,10.823160292,10.823160292,-1.0133679042847472
80642.0,9.5372893559,9.5372893559,-0.979424959080314
8069.0,6.676922604,6.676922604,-0.824576342108796
807.0,11.0,11.0,-1.0413926851582251
8071.0,15.728372088,15.728372088,-1.196683774766654
8072.0,10.504381,10.504381,-1.0213704654802036
8076.0,8.591470064,8.591470064,-0.9340674811838814
80777.0,30.942872692,30.942872692,-1.4905606305129797
80779.0,3.11303450805,3.11303450805,-0.485572604019488
80786.0,9.677945156,9.677945156,-0.9857831566738189
8080.0,12.293019352,12.293019352,-1.0896585653000617
8082.0,2.5017925439,2.5017925439,-0.39825129385663316
8083.0,9.6896928619,9.6896928619,-0.9859475642748998
8084.0,8.0998459879,8.0998459879,-0.908476761194567
8085.0,7.52649605995,7.52649605995,-0.8763236332995423
8086.0,18.456989936,18.456989936,-1.2503527848150622
8087.0,3.2111703719,3.2111703719,-0.5066633481118646
8088.0,7.2660110759,7.2660110759,-0.861296055541365
8089.0,16.1371434759,16.1371434759,-1.207826660345912
80900.0,15.6624612939,15.6624612939,-1.160634838250389
8091.0,12.71383303,12.71383303,-1.0786811980498046
8092.0,18.512150434,18.512150434,-1.267426519780222
8094.0,7.63748542,7.63748542,-0.8829503941809426
8095.0,9.2975185039,9.2975185039,-0.968367051363752
8098.0,8.29479650595,8.29479650595,-0.9187753082150614
8100.0,8.1772484359,8.1772484359,-0.9126071924080273
8101.0,4.993269784,4.993269784,-0.6983850314140613
8102.0,9.612562752,9.612562752,-0.9811418817150968
8103.0,7.586849932,7.586849932,-0.8800614937979706
8105.0,18.3662798399,18.3662798399,-1.2640211972083826
81080.0,11.35165868,11.35165868,-1.0550593243432627
811.0,8.897488826,8.897488826,-0.9488802237303615
8111.0,4.9437743121,4.9437743121,-0.6940586365858552
8112.0,3.764889956,3.764889956,-0.5757522867251899
8113.0,25.5171806117,25.5171806117,-1.12745041217715
81133.0,21.242259232000002,21.242259232000002,-1.2287078991556304
8114.0,14.37664854,14.37664854,-1.1576576558503835
8115.0,5.9930619599,5.9930619599,-0.7776487677187724
8117.0,10.1428705079,10.1428705079,-0.965658583768513
81184.0,9.303958764,9.303958764,-0.968667776891615
8119.0,10.120199304,10.120199304,-1.0051890654459845
81196.0,38.7291448155,38.7291448155,-1.5880379073653799
81207.0,7.2917635159500005,7.2917635159500005,-0.8129720645457219
8121.0,8.8655705,8.8655705,-0.9464042476489493
81239.0,10.543622656,10.543622656,-1.0220779788436014
8124.0,8.081002456,8.081002456,-0.9022336582218546
81263.0,11.266234564,11.266234564,-1.0517787890429833
8127.0,13.37164748,13.37164748,-1.1261849186602246
81278.0,8.0280241079,8.0280241079,-0.904608667989865
8128.0,9.978208644,9.978208644,-0.9990525807808056
8129.0,7.3226649679,7.3226649679,-0.8646691644221423
8130.0,10.1151318399,10.1151318399,-1.0049715477067167
81313.0,12.126309138,12.126309138,-1.0500575527574594
8133.0,7.90188066395,7.90188066395,-0.8363157055844838
8134.0,6.81885272995,6.81885272995,-0.8336412523698755
81346.0,22.8590330119,22.8590330119,-1.3423995675825204
81364.0,18.5184468359,18.5184468359,-1.2676045590800316
8137.0,7.6917317999,7.6917317999,-0.8860241325796816
8138.0,8.709127526,8.709127526,-0.8802834580895857
8141.0,14.084356668,14.084356668,-1.1487370144798668
81410.0,3.980883364,3.980883364,-0.5999794533657493
8142.0,11.575194399899999,11.575194399899999,-1.063335651189325
8143.0,11.1302274919,11.1302274919,-1.0465040410163942
8144.0,75.7080793523,75.7080793523,-1.879142228653164
8146.0,7.881483804,7.881483804,-0.8966079874420982
8148.0,4.1561631601,4.1561631601,-0.6186925884857651
8149.0,11.274492632,11.274492632,-1.0520970071282167
8150.0,8.063276548,8.063276548,-0.9062687022445783
8151.0,8.2605197439,8.2605197439,-0.9170073735681452
8158.0,21.330474516,21.330474516,-1.3290005168365897
8159.0,9.6343396039,9.6343396039,-0.9838219508325096
8160.0,10.85641366195,10.85641366195,-1.0108663888120242
8163.0,15.621171856,15.621171856,-1.1937136103034225
8164.0,8.14894656,8.14894656,-0.9111014697523471
8170.0,21.97998158,21.97998158,-1.342027324133527
8172.0,7.012514616,7.012514616,-0.8458737794537411
8174.0,12.204375828,12.204375828,-1.0865155730701217
8175.0,19.7701105599,19.7701105599,-1.2960090980147463
81766.0,8.321140348,8.321140348,-0.920182847072866
8177.0,17.089231624,17.089231624,-1.2327225361579075
8178.0,54.81101391345,54.81101391345,-1.6087837241708338
81784.0,10.374462812,10.374462812,-1.0159656182685544
8179.0,5.263042448,5.263042448,-0.7212368727453463
8180.0,14.500255578,14.500255578,-1.1569364028539595
8181.0,13.23519466,13.23519466,-1.1217303331811637
81811.0,11.046090376,11.046090376,-1.0432085921773135
8182.0,14.337049328,14.337049328,-1.1564597794750486
81829.0,17.008305836,17.008305836,-1.2306610565449894
8183.0,13.40876546595,13.40876546595,-1.1210309675037653
8184.0,5.1583544979,5.1583544979,-0.680205755770348
8187.0,30.95325852,30.95325852,-1.4907063749317149
8190.0,10.0798847439,10.0798847439,-1.0034555662985534
8192.0,8.6529641999,8.6529641999,-0.9371649069025925
8193.0,5.2075712159,5.2075712159,-0.7166352178345528
8195.0,199.903598303,199.903598303,-2.3008206115722056
8196.0,5.744992184,5.744992184,-0.7384981381001701
8197.0,8.9891562319,8.9891562319,-0.9537189285488636
81984.0,11.780035288,11.780035288,-1.0711465914154905
8199.0,9.96709452,9.96709452,-0.9979520242495107
8200.0,14.41053348195,14.41053348195,-1.1539763873053364
82029.0,15.480781864,15.480781864,-1.189792891143118
82056.0,5.5224308039,5.5224308039,-0.7421302828644013
82058.0,3.8234296359,3.8234296359,-0.5529066130464477
8207.0,29.18424484,29.18424484,-1.4651484601589757
8208.0,9.9845619319,9.9845619319,-0.9993290151524354
8209.0,14.2057562599,14.2057562599,-1.1307205974694452
8210.0,5.5516321239,5.5516321239,-0.7444206800956525
8211.0,16.91404945595,16.91404945595,-1.00786623529525
8213.0,3.569667092,3.569667092,-0.5526277155942774
82145.0,12.000349618000001,12.000349618000001,-1.0757311629823039
82146.0,7.88038725,7.88038725,-0.84575045330858
82153.0,223.524392804,223.524392804,-2.3493249238085414
82161.0,50.882062422,50.882062422,-1.7065647064206417
82162.0,14.403902992,14.403902992,-1.1584801878047066
82190.0,11.2130886499,11.2130886499,-1.040123219275967
8221.0,10.6029980841,10.6029980841,-1.0254286829327646
82227.0,7.055600728,7.055600728,-0.8485339963680051
8225.0,4.446650504,4.446650504,-0.648032996291969
8226.0,14.594796912,14.594796912,-1.164198056116675
82261.0,8.2481849319,8.2481849319,-0.9163583896667458
82343.0,18.8628145239,18.8628145239,-1.2756064943929435
8246.0,32.4570427829,32.4570427829,-1.5113089479740678
8256.0,3.770997436,3.770997436,-0.5764562371175188
8258.0,4.1763639439,4.1763639439,-0.6207983376810772
8262.0,5.9279080639,5.9279080639,-0.7729014595376461
82646.0,3.9639995279,3.9639995279,-0.5981335940901203
8266.0,8.0586702079,8.0586702079,-0.9062633831179943
8268.0,13.824525752,13.824525752,-1.1255385069764428
82703.0,30.72800964,30.72800964,-1.4875344304041305
82728.0,9.9793116599,9.9793116599,-0.9730730073233766
82751.0,15.22325545,15.22325545,-1.1255644371209779
8285.0,11.40576781795,11.40576781795,-1.053441706872884
8288.0,14.0362689719,14.0362689719,-1.1472516818497756
8289.0,10.9860132459,10.9860132459,-1.0407987690734637
82916.0,7.04549989195,7.04549989195,-0.7892699000421741
8292.0,3.96294602,3.96294602,-0.5980181567712841
8293.0,9.0891923719,9.0891923719,-0.9585252953220965
8294.0,12.126728848,12.126728848,-1.0837436669133034
8295.0,9.0287608959,9.0287608959,-0.955628151974829
8298.0,16.11167018595,16.11167018595,-1.1779245224414916
8303.0,10.519821428,10.519821428,-1.0220083678127354
8305.0,3.281514748,3.281514748,-0.5160743604322308
83063.0,13.30246820395,13.30246820395,-1.0875444576065076
8307.0,16.8938291839,16.8938291839,-1.2277280986506576
8310.0,10.10491726395,10.10491726395,-1.0040654748406135
8313.0,13.4943760959,13.4943760959,-1.1301528100209859
8326.0,11.64920003405,11.64920003405,-1.050084915884991
83268.0,25.2548214479,25.2548214479,-1.4023443023884246
8330.0,10.00710027395,10.00710027395,-1.0001747739910645
8341.0,141.2406412258,141.2406412258,-2.1499596805718473
8343.0,22.867276707949998,22.867276707949998,-1.3592126677055851
8344.0,24.259610248,24.259610248,-1.38488381926334
8345.0,6.818690222,6.818690222,-0.8254236551885484
8346.0,29.258636404,29.258636404,-1.4661471252773992
8348.0,7.7992939959,7.7992939959,-0.8920552914645851
8354.0,21.802469684000002,21.802469684000002,-1.2860670482385532
83572.0,7.6329170699999995,7.6329170699999995,-0.8781486898287678
8359.0,13.558497056,13.558497056,-1.1322115511489557
8360.0,14.56788147395,14.56788147395,-1.160866428647469
8361.0,3.713176584,3.713176584,-0.5697456030460457
8362.0,4.999819004,4.999819004,-0.6989542829386568
8363.0,34.0,34.0,-1.5314789170422551
8364.0,20.8828224,20.8828224,-1.3197891949963745
8365.0,14.065315092,14.065315092,-1.1481494657002316
8369.0,4.9744048959,4.9744048959,-0.6967411321398748
8370.0,8.4623846079,8.4623846079,-0.9274927597441361
8371.0,6.859807288,6.859807288,-0.836311915279086
8373.0,95.96905395865,95.96905395865,-1.4839609217880787
8374.0,9.43479647995,9.43479647995,-0.8971240711759113
8375.0,6.7442638279,6.7442638279,-0.828934551053224
8380.0,17.3588724719,17.3588724719,-1.23952151259537
83823.0,6.63277919395,6.63277919395,-0.7965478115727965
8385.0,14.517619216,14.517619216,-1.1618954010658489
8390.0,21.084206484,21.084206484,-1.2767784248508918
8391.0,16.494350596,16.494350596,-1.2173352214802928
8394.0,8.775364884,8.775364884,-0.9432651836920632
8395.0,15.3983901319,15.3983901319,-1.187475318669008
83975.0,46.15228171055,46.15228171055,-1.6641663611993134
8400.0,9.454913144,9.454913144,-0.9756575436247625
8404.0,8.377962124,8.377962124,-0.9231383926240334
84098.0,15.935123241949999,15.935123241949999,-1.154725650131666
8411.0,9.78285705395,9.78285705395,-0.9577014819603492
8413.0,13.19818486195,13.19818486195,-1.0734806008413806
8416.0,9.2181581641,9.2181581641,-0.9646441554273143
8418.0,11.1511034,11.1511034,-1.047317842883923
8422.0,7.494210332,7.494210332,-0.8747258778083663
8425.0,9.2490719559,9.2490719559,-0.9430289824431172
8427.0,54.027827504600005,54.027827504600005,-1.4660949868453212
8428.0,1.5753071481,1.5753071481,-0.1973652436620504
8430.0,7.91357676,7.91357676,-0.8983728192795428
8432.0,9.210991029950002,9.210991029950002,-0.9627289304058564
8433.0,73.41669379094999,73.41669379094999,-1.8530647789903796
8434.0,15.034414525999999,15.034414525999999,-1.1760119994952096
8437.0,13.88101297795,13.88101297795,-1.1239323851998428
8439.0,10.26167754,10.26167754,-1.0112183633890464
8441.0,14.2671324079,14.2671324079,-1.1543366917850606
8443.0,19.649686636,19.649686636,-1.2933556288416648
8445.0,11.0952472119,11.0952472119,-1.0451369831401724
8446.0,6.92244242,6.92244242,-0.8402593520260963
8449.0,13.487581488,13.487581488,-1.129934081578406
8452.0,9.3814667919,9.3814667919,-0.9722707456100538
8453.0,19.98544606,19.98544606,-1.3007138458277836
8454.0,13.8249530159,13.8249530159,-1.1406636640295358
8455.0,10.7608378601,10.7608378601,-1.03184608767345
8456.0,9.6244216119,9.6244216119,-0.9833746396550482
8458.0,11.749121944,11.749121944,-1.0700054113631134
8461.0,6.5226139719,6.5226139719,-0.8119051337741461
8462.0,14.6195703285,14.6195703285,-1.0209088219463844
84658.0,11.461169479950001,11.461169479950001,-1.053754388189139
8467.0,15.429390940000001,15.429390940000001,-1.183624687319093
8469.0,11.604631716,11.604631716,-0.8333128188072829
84703.0,9.989610462049999,9.989610462049999,-0.9705965470341276
8472.0,8.697216616,8.697216616,-0.9393802869036754
84733.0,7.441294116,7.441294116,-0.8716484702990767
8480.0,9.447074708,9.447074708,-0.9752973497950614
8481.0,8.5394957679,8.5394957679,-0.9314322276347056
8482.0,27.9368398839,27.9368398839,-1.4461772787071834
8486.0,18.964115284,18.964115284,-1.2779325867572793
84872.0,8.1187937799,8.1187937799,-0.9094915103192093
8489.0,12.12344516005,12.12344516005,-1.0814662170634182
8491.0,17.1034775939,17.1034775939,-1.2326165235006334
8494.0,5.77674762795,5.77674762795,-0.6939556020285947
8496.0,15.170252844,15.170252844,-1.1809928192731431
8497.0,9.3757009199,9.3757009199,-0.9704642770274075
8499.0,3.4312554679,3.4312554679,-0.5354530538675822
8500.0,10.082958244,10.082958244,-1.00358796867303
8505.0,12.802976016,12.802976016,-1.1073109319213064
85069.0,9.817121552,9.817121552,-0.9919841683029318
8507.0,31.3368057824,31.3368057824,-1.4960547259622852
8515.0,139.95518527,139.95518527,-2.145988993494794
85192.0,3.036898536,3.036898536,-0.4824302822075564
8520.0,10.0699094039,10.0699094039,-1.0030255633477292
8522.0,7.7519291959,7.7519291959,-0.8894097973282666
85335.0,5.9995468559,5.9995468559,-0.7548627831774399
854019.0,9.545321496,9.545321496,-0.9504145799981568
854026.0,7.7338136439,7.7338136439,-0.8883937029838803
8550.0,22.01868755,22.01868755,-1.2670658717719436
8554.0,11.6007476759,11.6007476759,-1.0644859806970444
85557.0,8.118540016,8.118540016,-0.9094779356445896
85576.0,4.47605024,4.47605024,-0.6508949524837299
8559.0,9.23488175,9.23488175,-0.9649023367443532
8560.0,10.492817604,10.492817604,-1.0208921236140087
8561.0,15.637680928,15.637680928,-1.19417234751858
8569.0,6.165509713950001,6.165509713950001,-0.7530268615218316
8570.0,11.9098428519,11.9098428519,-1.075906031087905
8571.0,7.65368104,7.65368104,-0.883870359449193
8572.0,12.323832037999999,12.323832037999999,-1.0552580973750167
8575.0,5.1780155679,5.1780155679,-0.7141633518236313
85821.0,22.420515,22.420515,-1.3506455841327012
85862.0,12.671404604,12.671404604,-1.1028247583685098
8588.0,23.5070054239,23.5070054239,-1.358892043961056
8593.0,23.87650156595,23.87650156595,-1.3779541880246262
85979.0,7.1632688279500005,7.1632688279500005,-0.8311212667163773
85983.0,5.988122956,5.988122956,-0.6977166588459013
86015.0,14.188621488,14.188621488,-1.151940203122264
8609.0,73.6312363445,73.6312363445,-1.8670620927907882
86102.0,10.384097564,10.384097564,-1.0163687598981064
86132.0,10.066417657999999,10.066417657999999,-0.9392817371196297
86137.0,21.30523114195,21.30523114195,-1.1059649816139578
8614.0,6.695791644,6.695791644,-0.8258019310561515
8615.0,177.3711080395,177.3711080395,-2.248882879075746
86160.0,8.37217148595,8.37217148595,-0.8657104743020385
8617.0,29.55064182175,29.55064182175,-1.4460662316588362
8621.0,5.5624066679,5.5624066679,-0.7452627369856494
86222.0,11.794892928,11.794892928,-1.071694002789242
86233.0,11.321877948,11.321877948,-1.0539184687966041
86266.0,8.38705817995,8.38705817995,-0.9000014745476915
86296.0,21.14928081,21.14928081,-1.2090377423472813
86298.0,10.865148408,10.865148408,-1.0360356627628742
863.0,4.37568864,4.37568864,-0.6410464114193526
8630.0,13.72792190995,13.72792190995,-1.1371318547604892
86302.0,16.5,16.5,-1.2174839442139063
8633.0,26.057084271649998,26.057084271649998,-1.4147942026211449
8635.0,11.76478823995,11.76478823995,-1.0703251177259965
86367.0,24.4335548723,24.4335548723,-1.1973494267527038
86369.0,9.2675022519,9.2675022519,-0.900434397580304
8638.0,9.4601604241,9.4601604241,-0.9758985011703607
864.0,10.137540472000001,10.137540472000001,-1.0037897891190415
8640.0,12.0,12.0,-1.0791812460476249
86412.0,10.830062104,10.830062104,-1.034630947054422
86418.0,7.086711643999999,7.086711643999999,-0.836892717292514
86429.0,6.5753426719,6.5753426719,-0.8179183908708965
86472.0,18.335418406,18.335418406,-1.2528421979354283
8651.0,12.777716124000001,12.777716124000001,-1.0899547433019574
8652.0,9.1952269319,9.1952269319,-0.9635624517965856
8657.0,4.3120300639,4.3120300639,-0.6279731099670463
86583.0,3.2716617599,3.2716617599,-0.514768397871497
86607.0,23.583915836,23.583915836,-1.3721759482445461
8663.0,20.385495464,20.385495464,-1.3093212713273588
8667.0,10.485749728,10.485749728,-1.0205994878383489
867.0,8.70646357795,8.70646357795,-0.9293048305862437
86736.0,10.59607484995,10.59607484995,-1.0184758645009753
86749.0,21.657767651999997,21.657767651999997,-1.3310530241921552
86751.0,15.7578088839,15.7578088839,-1.1974958289030655
8679.0,66.32292640985,66.32292640985,-1.819149039948272
8689.0,118.7692762591,118.7692762591,-2.0747041100322203
8691.0,103.96366897370001,103.96366897370001,-2.0159093206465157
8693.0,20.417755186,20.417755186,-1.2115066108100034
8695.0,32.6399315159,32.6399315159,-1.5137492388594604
8697.0,13.497887395949999,13.497887395949999,-1.0983010648952523
8698.0,10.50615590195,10.50615590195,-0.9529397373903191
87019.0,13.27371460205,13.27371460205,-1.1070559786661225
8706.0,35.232413368,35.232413368,-1.5469423927272916
8708.0,29.167240548,29.167240548,-1.4648953433670306
8712.0,4.6119380999,4.6119380999,-0.6638834696867842
87146.0,22.278545104,22.278545104,-1.343723322999712
87154.0,19.2364765899,19.2364765899,-1.162415098484804
8717.0,9.360424884,9.360424884,-0.9712955624762094
8723.0,6.02274677395,6.02274677395,-0.7783926360336555
87244.0,10.28135999,10.28135999,-1.012041571834922
87250.0,24.042102835949997,24.042102835949997,-1.376681969313639
87329.0,13.371542989950001,13.371542989950001,-1.0962016674447086
8736.0,10.165421072,10.165421072,-1.0071253726896134
87367.0,9.011759916,9.011759916,-0.9548096130844962
8738.0,8.8481953399,8.8481953399,-0.946854701901877
8739.0,3.93713767795,3.93713767795,-0.5666369668870118
87391.0,61.0707006945,61.0707006945,-1.785832902900878
87425.0,7.264910512,7.264910512,-0.8612302690973636
8748.0,8.33429135795,8.33429135795,-0.8307968149651193
8758.0,13.171192816,13.171192816,-1.1196251075319297
876.0,21.7962483599,21.7962483599,-1.33838174787951
8765.0,19.230575444,19.230575444,-1.2839922799958745
8766.0,10.602998404000001,10.602998404000001,-0.9344774284835033
8769.0,9.255986396,9.255986396,-0.957187622271986
87820.0,7.7416718979,7.7416718979,-0.8886200532987845
8783.0,8.5772587439,8.5772587439,-0.9333485113197023
8785.0,15.829085392,15.829085392,-1.1994558219575737
8795.0,35.3573753048,35.3573753048,-1.5484800184182437
8797.0,9.89082929595,9.89082929595,-0.9906657002956398
87984.0,7.2687879959,7.2687879959,-0.8614620022519323
8800.0,13.242715122,13.242715122,-1.1110305320158744
88022.0,20.842776636,20.842776636,-1.3189555743859847
88043.0,7.045607552,7.045607552,-0.847918448844154
88069.0,13.11597702,13.11597702,-1.117800647087299
8809.0,5.01626935195,5.01626935195,-0.6816911927986037
8813.0,7.314875416,7.314875416,-0.8642069337963278
8814.0,12.971567027999999,12.971567027999999,-1.106842096184856
8815.0,6.66413992595,6.66413992595,-0.8196732486285647
8819.0,11.605397154,11.605397154,-1.052215628718061
8820.0,39.2590467523,39.2590467523,-1.5939397503011246
88209.0,10.72199871195,10.72199871195,-1.0300168148075435
8821.0,10.1134171679,10.1134171679,-1.0048979218041005
88267.0,7.364812012,7.364812012,-0.8671616658842818
8830.0,8.7334569679,8.7334569679,-0.9411861847027568
8831.0,24.892541664,24.892541664,-1.3960692427031924
8834.0,5.87003272,5.87003272,-0.7686405220441807
8835.0,25.73532224,25.73532224,-1.4105296105569551
8836.0,18.159764773950002,18.159764773950002,-1.2539507050771395
88365.0,9.0386529921,9.0386529921,-0.9561037134746677
8840.0,31.1311751599,31.1311751599,-1.4931955150232477
8842.0,7.368188442,7.368188442,-0.8671763705478561
8843.0,6.547916218,6.547916218,-0.8068186088824321
8846.0,15.507259616,15.507259616,-1.19053505772326
8855.0,2.0145356359,2.0145356359,-0.3041749541954029
8857.0,16.013774392,16.013774392,-1.204493705712324
8858.0,6.730679528,6.730679528,-0.8280589127177078
8861.0,8.3414126279,8.3414126279,-0.9212396051402385
8863.0,18.73958838,18.73958838,-1.2727600472637164
8868.0,10.738800778000002,10.738800778000002,-1.029608538070038
887.0,15.95543714,15.95543714,-1.2029087073003921
8870.0,23.526014077950002,23.526014077950002,-1.3548585747460828
8872.0,8.216682369900001,8.216682369900001,-0.8963418181493241
8878.0,10.080267304,10.080267304,-1.0034720486881754
88836.0,82.28021794259999,82.28021794259999,-1.751477888751198
88855.0,9.56510807405,9.56510807405,-0.9704976821827082
8888.0,4.826338532,4.826338532,-0.6836177811913234
88898.0,14.79673367995,14.79673367995,-1.147406500346006
8892.0,10.62258884195,10.62258884195,-1.0018212582218062
8896.0,21.67788608,21.67788608,-1.3360169296858952
8900.0,18.221408864,18.221408864,-1.2548105120289008
8902.0,5.1701709039,5.1701709039,-0.713504899262985
8906.0,5.24757442,5.24757442,-0.719958606371382
8907.0,12.795415005999999,12.795415005999999,-1.102352368162176
8908.0,4.6533223559,4.6533223559,-0.667763139045056
8909.0,12.631827592,12.631827592,-1.0700152424324345
8914.0,17.15370364,17.15370364,-1.1094135723350267
8916.0,13.5857986,13.5857986,-1.1327881202835548
892.0,14.158388399949999,14.158388399949999,-1.0860229199403608
8920.0,10.228636032,10.228636032,-1.0098177252791793
8923.0,9.8130537121,9.8130537121,-0.9918041759775088
8925.0,4.9198475759499996,4.9198475759499996,-0.6843015752211179
89385.0,3.774882656,3.774882656,-0.5769034559271242
89440.0,9.729794833949999,9.729794833949999,-0.9742388052528058
8954.0,8.5604172399,8.5604172399,-0.9324949329680536
8955.0,12.7146067839,12.7146067839,-1.104302933585808
89594.0,13.8424760959,13.8424760959,-1.1412137822162853
896.0,12.6222146599,12.6222146599,-1.101135561737769
8961.0,5.779201984,5.779201984,-0.7618678733907112
8969.0,10.350604631949999,10.350604631949999,-1.0145115253197274
89753.0,9.8490994199,9.8490994199,-0.9933965213759024
8980.0,6.276461996,6.276461996,-0.7977149035141453
8981.0,11.2522408599,11.2522408599,-1.0512390198854422
8995.0,7.91662303995,7.91662303995,-0.89433575800833
9001.0,13.77302980595,13.77302980595,-1.1010419737346522
90038.0,9.658627436,9.658627436,-0.9849154142701314
90098.0,3.72092072595,3.72092072595,-0.5521487496942796
9013.0,9.40623862995,9.40623862995,-0.9727193966585843
9015.0,16.5,16.5,-1.2174839442139063
9016.0,14.816818542,14.816818542,-1.1707546244690634
90202.0,13.07386768595,13.07386768595,-0.9781485365960505
90255.0,10.766340824,10.766340824,-1.032068123913592
90258.0,14.6278778515,14.6278778515,-1.165181325152402
90263.0,7.4171228641,7.4171228641,-0.8702354731278394
904.0,16.669560091999998,16.669560091999998,-1.2213558638925779
90462.0,26.3035743359,26.3035743359,-1.4200147678389115
9047.0,5.8716365399,5.8716365399,-0.7121388775386424
90473.0,11.977906646000001,11.977906646000001,-1.0750496257261903
90479.0,7.0637818561,7.0637818561,-0.8490372788828082
904857.0,11.15413756,11.15413756,-1.040367877916653
90509.0,4.0066663079,4.0066663079,-0.6027831740592736
90547.0,72.85217950095,72.85217950095,-1.8606586825120914
90558.0,72.0802848151,72.0802848151,-1.8576675066783466
90571.0,16.958605992,16.958605992,-1.0541860422968397
90592.0,21.54066240205,21.54066240205,-1.2812099986300423
9060.0,5.386423146,5.386423146,-0.6503020960129169
90613.0,8.712534228,8.712534228,-0.94014449727563
9068.0,3.142107132,3.142107132,-0.49722098848347274
9076.0,8.4126985079,8.4126985079,-0.8120052919244546
90818.0,13.00733859595,13.00733859595,-1.0401211596766904
9082.0,4.94023614395,4.94023614395,-0.6936913903941943
90960.0,10.10800770395,10.10800770395,-0.907430987553892
9117.0,13.317547796,13.317547796,-1.1177466129973448
91273.0,15.723883068,15.723883068,-1.1965598054920363
91274.0,15.955647035999998,15.955647035999998,-1.1589646849357802
9128.0,16.900651604,16.900651604,-1.2279034491442191
91410.0,3.8010832239,3.8010832239,-0.5799073784915149
91442.0,29.4919859224,29.4919859224,-1.4697040179265222
91453.0,15.869731519950001,15.869731519950001,-1.160031562693854
91465.0,5.46163776,5.46163776,-0.7373228924258218
9147.0,7.603678356,7.603678356,-0.8810237374452757
91500.0,24.5722427959,24.5722427959,-1.390444797889535
91511.0,9.852940154,9.852940154,-0.9908833736744127
9153.0,21.989512412,21.989512412,-1.3422155995688152
91538.0,3.1034358799,3.1034358799,-0.4918427768542399
9154.0,28.5615875,28.5615875,-1.4461863250244857
9158.0,28.65804906915,28.65804906915,-1.06226650779693
91590.0,4.4711005,4.4711005,-0.650414431913411
91604.0,17.825505048,17.825505048,-1.2510418435142092
9161.0,8.259037674,8.259037674,-0.8943829223399582
91610.0,8.5682892921,8.5682892921,-0.9328941212040163
91650.0,31.927935004,31.927935004,-1.5041708306794723
91664.0,5.2578654839,5.2578654839,-0.7208094710158274
91670.0,174.32517454880002,174.32517454880002,-2.2395656271155477
91673.0,8.4750025819,8.4750025819,-0.8559467145519386
91683.0,11.67513502,11.67513502,-1.0672619117736424
91688.0,10.67966978595,10.67966978595,-1.0131531186240184
91692.0,10.2170166519,10.2170166519,-1.0093241012035044
91697.0,3.107762484,3.107762484,-0.4924478197074346
9171.0,5.2150002879,5.2150002879,-0.7172543367382693
91727.0,12.868247336,12.868247336,-1.1095193997297503
91734.0,7.7994215599,7.7994215599,-0.8920623946572925
91735.0,14.271291749900001,14.271291749900001,-1.139275367222492
91739.0,17.239978328,17.239978328,-1.236536715546935
91741.0,34.82627769215,34.82627769215,-1.5412655519681562
91746.0,6.55669385,6.55669385,-0.8100072997206698
91747.0,16.944885068,16.944885068,-1.2290386274960485
91749.0,12.931381156,12.931381156,-1.1116449128460173
91753.0,43.4852606619,43.4852606619,-1.638342077691937
91757.0,36.3549582879,36.3549582879,-1.5605636506895457
91759.0,10.4394259759,10.4394259759,-1.0186766191305263
91768.0,26.060653846,26.060653846,-1.4132629471203018
91770.0,18.138496372,18.138496372,-1.258601282481017
91773.0,17.9706267799,17.9706267799,-1.2545632247052376
91776.0,25.71553958,25.71553958,-1.4101956413990115
91783.0,10.634972328,10.634972328,-1.0267363642140614
919792.0,37.84706079105,37.84706079105,-1.5684219978980893
9207.0,9.3510891159,9.3510891159,-0.970862195843599
92094.0,18.80250487,18.80250487,-1.272012373373106
92140.0,38.702123724,38.702123724,-1.5877347969648619
92151.0,22.136108501899997,22.136108501899997,-1.321273296751754
92159.0,19.673156992,19.673156992,-1.2888348044174687
9216.0,13.714001184,13.714001184,-1.1371641826242258
92163.0,11.56836356,11.56836356,-1.0632719287765942
9217.0,12.00469894,12.00469894,-1.0793512730697477
92178.0,7.023971109950001,7.023971109950001,-0.8459790445623269
9223.0,13.897648592,13.897648592,-1.1429413261601868
92238.0,7.78760490995,7.78760490995,-0.8815287962246692
92292.0,12.195070884,12.195070884,-1.086184328999121
92299.0,7.587416194,7.587416194,-0.8372892394496736
9237.0,5.0744504500000005,5.0744504500000005,-0.7038354909366245
92386.0,65.59048321915,65.59048321915,-1.8160204847770505
92387.0,19.779204352,19.779204352,-1.2961817564119456
92421.0,15.2776755199,15.2776755199,-1.184057281878767
92425.0,13.1755029199,13.1755029199,-1.1197672015824065
9253.0,33.1602820412,33.1602820412,-1.3777719950243585
92667.0,9.2618657979,9.2618657979,-0.966179465189112
9268.0,8.900757444,8.900757444,-0.9040658734759077
9270.0,6.068427228,6.068427228,-0.7830761482899553
92729.0,25.12128551795,25.12128551795,-1.3998333060930856
9274.0,10.0869452459,10.0869452459,-0.9671274116919784
9275.0,30.98741741795,30.98741741795,-1.491114473779089
9279.0,8.8377827839,8.8377827839,-0.9364514652452702
92806.0,13.0541019499,13.0541019499,-1.0957454393792547
92821.0,10.193450802000001,10.193450802000001,-1.0079466001529478
92839.0,14.684097692,14.684097692,-1.1668472651642423
92876.0,12.255148104,12.255148104,-1.0883185640875896
92877.0,26.3437034519,26.3437034519,-1.4206768289273433
92884.0,23.57722834,23.57722834,-1.3724927495549402
92897.0,6.210194308,6.210194308,-0.7931051888355181
929262.0,7.68484768795,7.68484768795,-0.8585557849575456
92938.0,8.34940897395,8.34940897395,-0.9204856692884104
92942.0,15.619642812,15.619642812,-1.193671098264004
92965.0,7.23004616995,7.23004616995,-0.7847247232528867
9298.0,10.0694408679,10.0694408679,-1.0030053558835692
9300.0,7.88245840995,7.88245840995,-0.8886832271629146
9305.0,8.391765556,8.391765556,-0.9238533423020693
93079.0,8.59393185595,8.59393185595,-0.8963138134741626
93095.0,7.208740724,7.208740724,-0.8542378452899573
931.0,9.173533948,9.173533948,-0.9625366724699062
93128.0,20.45656209995,20.45656209995,-1.264822020740572
93162.0,14.94680742795,14.94680742795,-0.9802922095069724
93184.0,3.2975687959,3.2975687959,-0.5181938648304066
93221.0,11.400572172,11.400572172,-1.0569266482581006
9324.0,34.9400494919,34.9400494919,-1.543323515817028
9330.0,7.715286465949999,7.715286465949999,-0.8862900847271946
93312.0,25.4536408161,25.4536408161,-1.405749911358525
93365.0,5.8746836599,5.8746836599,-0.768984485674205
93375.0,15.796707928,15.796707928,-1.1985665883675407
93502.0,35.028280324,35.028280324,-1.5444188166174366
93504.0,14.366624252,14.366624252,-1.1573547332728875
9351.0,99.4381727599,99.4381727599,-1.9975531352677036
9352.0,35.6862681639,35.6862681639,-1.552501134658811
93528.0,14.844296604050001,14.844296604050001,-1.1575772337458101
93541.0,9.380711652,9.380711652,-0.9722357866533642
93542.0,16.84220926,16.84220926,-1.2263990590457932
936.0,333.0504236794,333.0504236794,-2.522509990467006
9363.0,8.23361209395,8.23361209395,-0.9141801728711496
9370.0,10.430182112,10.430182112,-1.0182918913168686
9373.0,12.6195283039,12.6195283039,-1.1010431220363341
9377.0,3.447700836,3.447700836,-0.5375295741738002
938.0,7.850359824,7.850359824,-0.8948895632415922
9380.0,4.11648113395,4.11648113395,-0.6106153437433886
93858.0,35.7203904639,35.7203904639,-1.5529161975678616
9403.0,9.1316058379,9.1316058379,-0.8740941120324093
94037.0,25.095767456,25.095767456,-1.3996004814211236
9411.0,9.2004879519,9.2004879519,-0.9638108609540343
941361.0,8.857329956,8.857329956,-0.9473028234517563
9414.0,41.60086730745,41.60086730745,-1.6171489071577838
9415.0,9.8504051321,9.8504051321,-0.9934540927328619
94232.0,8.3164471279,8.3164471279,-0.9199378308229077
94280.0,8.5737370119,8.5737370119,-0.9331701579672073
94308.0,24.63981629795,24.63981629795,-1.3720962782064072
94310.0,7.987636948,7.987636948,-0.9024183172072514
94314.0,7.5945510339,7.5945510339,-0.8490112570225041
94355.0,16.92985980595,16.92985980595,-1.1213853313361222
94377.0,5.5690896079,5.5690896079,-0.7457842058415309
94411.0,5.1187260599,5.1187260599,-0.7091618879293748
9443.0,3.367191768,3.367191768,-0.5272678509923581
9445.0,14.78090381995,14.78090381995,-1.0554112577721295
9454.0,50.1597297915,50.1597297915,-1.7003551883015955
94544.0,26.442315872,26.442315872,-1.4222994888765903
9458.0,10.5887511719,10.5887511719,-1.0248447428143688
94617.0,5.775171344,5.775171344,-0.7615648738715071
9462.0,16.845458626000003,16.845458626000003,-1.2240891647053207
94684.0,14.196408324,14.196408324,-1.1521784822442884
9473.0,7.430913596,7.430913596,-0.8710422115142767
94785.0,4.059796744,4.059796744,-0.608504290924757
9481.0,13.513084816,13.513084816,-1.1259429154089913
94866.0,21.4124030359,21.4124030359,-1.330665409315357
949.0,10.053316212,10.053316212,-1.0013277074348401
94932.0,8.3883657359,8.3883657359,-0.9236773576088136
9502.0,22.292449916000002,22.292449916000002,-1.3367005384431354
9509.0,7.2778548199,7.2778548199,-0.8620033879436511
95116.0,15.97899407395,15.97899407395,-1.194832864071636
95170.0,12.1837167119,12.1837167119,-1.085779792503879
9526.0,15.084850156,15.084850156,-1.178541000507324
9528.0,4.8724684,4.8724684,-0.6811561581215739
95286.0,6.963688096,6.963688096,-0.8428393108054848
95337.0,10.802140747949998,10.802140747949998,-1.0321560833229495
95392.0,8.2710466679,8.2710466679,-0.9175604712612085
95402.0,11.890568315949999,11.890568315949999,-1.075130992616454
95416.0,12.319464798,12.319464798,-1.06049300371117
95428.0,4.686808432,4.686808432,-0.6653748793039788
9548595.0,18.2365941599,18.2365941599,-1.260943733352382
9549168.0,12.670737472,12.670737472,-1.1028018927602674
9552079.0,9.907223552,9.907223552,-0.9959519627608603
9554.0,19.992064028,19.992064028,-1.3008576340228835
9562060.0,11.947003644,11.947003644,-1.0772589961587429
9566064.0,10.636604484,10.636604484,-1.02680301055176
9567.0,21.117194421999997,21.117194421999997,-1.3240706777328715
9568.0,14.1202639439,14.1202639439,-1.1498428148679052
9568078.0,41.095129558,41.095129558,-1.6101945384783767
9568512.0,6.328029788,6.328029788,-0.7922790487839124
9568618.0,5.33620565395,5.33620565395,-0.6992749355013225
9568700.0,5.906836544,5.906836544,-0.7713549530787003
957.0,16.357727268,16.357727268,-1.2137229629335764
9570076.0,7.2483749719,7.2483749719,-0.8602406521100847
9570093.0,7.7049784,7.7049784,-0.885438835108808
9570281.0,2.9486651999,2.9486651999,-0.4696254642810847
9570290.0,10.274783352,10.274783352,-1.0117726733682664
9570475.0,107.0045957564,107.0045957564,-2.0294024306644873
9571018.0,17.181174319900002,17.181174319900002,-1.2306177758033945
9571075.0,3.292746868,3.292746868,-0.5175583453319196
95717.0,53.9562615284,53.9562615284,-1.7320418510474482
9574101.0,18.27103933595,18.27103933595,-1.1907832304654489
9574235.0,19.491075732,19.491075732,-1.2898358089267121
9576037.0,12.332262888,12.332262888,-1.0910427740491881
9578.0,8.984701544,8.984701544,-0.9535036551849253
9578507.0,12.5130701479,12.5130701479,-1.0973638792142986
9588170.0,6.492572032,6.492572032,-0.8124167766188735
96088.0,6.5,6.5,-0.8129133566428556
96170.0,17.509897805999998,17.509897805999998,-1.1677635321996516
9635.0,7.800150788,7.800150788,-0.8921029983011677
96359.0,21.751749224,21.751749224,-1.3374941876255633
9639.0,12.82061586,12.82061586,-1.1079088877549876
96393.0,12.6092949239,12.6092949239,-1.1006908027332236
9642.0,214.4576825017,214.4576825017,-2.331341608552867
96509.0,133.95699714025,133.95699714025,-2.122550358880723
967.0,13.23360894,13.23360894,-1.1216782968702617
9677.0,32.8167387001,32.8167387001,-1.516095419041065
9681.0,12.3417735239,12.3417735239,-1.09137757268743
9687.0,17.4952462599,17.4952462599,-1.2429200599119794
9690.0,66.86239952715,66.86239952715,-1.807898431009837
969491.0,9.7022383859,9.7022383859,-0.9867986256201966
969494.0,8.5429111239,8.5429111239,-0.9316058882076792
969516.0,13.0954614999,13.0954614999,-1.1171208080936896
970.0,9.5883094879,9.5883094879,-0.9817420435841822
97004.0,13.202041479950001,13.202041479950001,-1.0970338407417344
9703.0,9.519574996,9.519574996,-0.9786175596226919
9707.0,7.8884274439,7.8884274439,-0.8969904353380146
9709.0,16.07527424,16.07527424,-1.2061583906104305
971.0,2.754904656,2.754904656,-0.4401065730282378
9731.0,15.29600069,15.29600069,-1.1249979008338118
97354.0,20.170403568,20.170403568,-1.20740872040088
9740.0,10.08421113995,10.08421113995,-0.982573087279047
97780.0,8.44502621995,8.44502621995,-0.9209123133264421
978.0,13.71265426995,13.71265426995,-1.1363675299011233
9782.0,191.55068512805002,191.55068512805002,-2.281781349741559
9794.0,15.7344180519,15.7344180519,-1.196850684870952
9795.0,22.49711832,22.49711832,-1.352126892428161
97971.0,6.5568239559,6.5568239559,-0.8166935234549
9799979.0,32.63878331245,32.63878331245,-1.4559795799659438
980.0,17.97091171995,17.97091171995,-1.222398386107478
9800972.0,17.437902856,17.437902856,-1.2414942539433684
9802545.0,22.836530248,22.836530248,-1.358630118460889
9808.0,28.5828894801,28.5828894801,-1.4561061300473903
9809.0,28.68729551445,28.68729551445,-1.4111394859170443
9810771.0,11.324164016,11.324164016,-1.0540061509374927
9811353.0,16.75262032,16.75262032,-1.2240827457916212
9819350.0,16.5646828719,16.5646828719,-1.2191831258019052
9821849.0,9.795653072,9.795653072,-0.9910333955233104
9824131.0,18.6742997719,18.6742997719,-1.271244326101823
98282.0,12.3611555279,12.3611555279,-1.0920590707474416
9828356.0,7.8487677199,7.8487677199,-0.894801476559618
9832750.0,7.0734688,7.0734688,-0.8496324422625939
9833444.0,13.5417049879,13.5417049879,-1.131673348264927
98356.0,6.876264114,6.876264114,-0.8368186933143553
9838712.0,11.408846971900001,11.408846971900001,-1.0221330350606501
9839190.0,8.3398354099,8.3398354099,-0.9207407858872487
9842616.0,13.2855915839,13.2855915839,-1.0463573846608378
9844225.0,25.484144368,25.484144368,-1.4062700567007027
9849425.0,330.7503816843,330.7503816843,-2.519500354033506
9849616.0,25.28320356,25.28320356,-1.4028321012671394
985.0,18.6185788521,18.6185788521,-1.2699465284044262
9850056.0,9.889337868,9.889337868,-0.9951672147619569
9852176.0,9.395781004,9.395781004,-0.9729328857276688
9853654.0,16.481860274,16.481860274,-1.0679383600122556
9857035.0,13.7205268239,13.7205268239,-1.1373707871958145
98613.0,6.025787976,6.025787976,-0.7800138464755403
9862.0,4.6621071039,4.6621071039,-0.6685822464686547
9864.0,16.270707684,16.270707684,-1.2114052070521177
9865.0,13.014797264,13.014797264,-1.1144374073425385
9865514.0,19.548857388,19.548857388,-1.2911213783769822
9867605.0,7.7296086961,7.7296086961,-0.8881575087403176
9868041.0,41.9875086794,41.9875086794,-1.4699137288745299
9869105.0,6.707053816,6.707053816,-0.8265317910429136
9869142.0,12.5168328879,12.5168328879,-1.0974944540094793
98723.0,6.540702672,6.540702672,-0.8156244073731171
9873.0,8.3834111039,8.3834111039,-0.9234207635197543
9878.0,245.07653736695,245.07653736695,-2.3885545460223323
9881626.0,13.909121523949999,13.909121523949999,-1.128433391624005
9882837.0,116.452897549,116.452897549,-2.0661502990011087
9883104.0,6.94645967795,6.94645967795,-0.7870025251625349
9885850.0,13.774809516000001,13.774809516000001,-1.129367341824483
9885981.0,589.1599731336,589.1599731336,-2.7702332336938484
9890250.0,16.982401169950002,16.982401169950002,-1.196246735354398
9899402.0,9.073324972,9.073324972,-0.9577664659328187
9903.0,11.391189696,11.391189696,-1.056569084169184
9904.0,16.556009056,16.556009056,-1.2189556552842764
9906942.0,12.510844344,12.510844344,-1.0899760921622734
9907412.0,17.05502416,17.05502416,-1.2318523389616658
9908126.0,34.107753854,34.107753854,-1.5328531201422912
991.0,11.66959274605,11.66959274605,-1.0662654078291447
9910393.0,13.2861244919,13.2861244919,-1.123398317493752
9915886.0,7.2426955279,7.2426955279,-0.8599002284932366
9920342.0,23.7449710279,23.7449710279,-1.3755716440199182
9920715.0,17.51666328005,17.51666328005,-1.2434048427567759
9926621.0,20.53424681395,20.53424681395,-1.3061650568270076
9927058.0,42.607577172350005,42.607577172350005,-1.6215367713871944
9928181.0,7.73243742995,7.73243742995,-0.8867638760170091
99288.0,12.510250424,12.510250424,-1.0972660032723807
9930121.0,15.70932960395,15.70932960395,-1.1957776655239574
9931156.0,7.543038568,7.543038568,-0.8775463282948591
9932000.0,16.92218498595,16.92218498595,-1.2020166108130184
9934458.0,31.435213544,31.435213544,-1.4943938618808341
994.0,14.483770908,14.483770908,-1.1604523140905605
9940086.0,46.1809733525,46.1809733525,-1.664463082265974
9941647.0,20.347745956,20.347745956,-1.3085163067755103
9948.0,12.86861613,12.86861613,-1.0907541920358725
9949821.0,8.113648096,8.113648096,-0.9092161676178055
995.0,10.82755902,10.82755902,-1.0345305597064713
9951932.0,25.875080684,25.875080684,-1.4086285864554138
9952220.0,24.7701627439,24.7701627439,-1.3939288599788748
9954082.0,11.53229288795,11.53229288795,-1.0619114655946102
9956127.0,9.5805268021,9.5805268021,-0.9302351320378195
9959619.0,13.951114396,13.951114396,-1.1446088998464097
996.0,5.179004532,5.179004532,-0.7142462910568458
9963.0,13.37934379805,13.37934379805,-1.1087244929392654
997.0,11.0523943079,11.0523943079,-1.0434563705161353
998.0,7.0285653880000005,7.0285653880000005,-0.7660265984049662
9983292.0,10.6569769299,10.6569769299,-0.9752347836375914
9985.0,9.9933783079,9.9933783079,-0.9997123283118288
999.0,13.08724632,13.08724632,-1.1168482765098646
9993.0,8.9428706639,8.9428706639,-0.9514769498218765
99953.0,29.612438384,29.612438384,-1.471474170074709
