Chemical_ID,Original_Potency,Potency_uM,pPotency
10005.0,11.453138874,11.453138874,-1.041429626370824
10008.0,11.3051231,11.3051231,-1.0532752956826745
10009.0,12.06375363195,12.06375363195,-1.0549342363623866
10021362.0,10.416131673999999,10.416131673999999,-0.9216835139025751
10026.0,19.0991889201,19.0991889201,-1.2810149245773483
1004.0,12.3447644,12.3447644,-1.043439090942112
10041070.0,26.2110768879,26.2110768879,-1.4184848643981443
10044526.0,10.7437381159,10.7437381159,-1.0311554136400252
10046567.0,21.5175931861,21.5175931861,-1.332793692438042
100524.0,9.8653843719,9.8653843719,-0.9941140107583244
10068207.0,17.23055802,17.23055802,-1.236299342513758
101012.0,23.18328101925,23.18328101925,-1.2637814020092328
10113978.0,21.241324146049998,21.241324146049998,-1.3247503372622593
10114.0,12.024670472,12.024670472,-1.0800731836610078
101150.0,10.15590674405,10.15590674405,-1.001833099502936
10126299.0,24.5846200639,24.5846200639,-1.390663500996052
10127622.0,12.164840876,12.164840876,-1.0851064324507982
10129.0,9.726202576,9.726202576,-0.9879433107516699
10131132.0,33.03406009005,33.03406009005,-1.5142315275997866
10132209.0,22.3200904519,22.3200904519,-1.3486959502423086
10133.0,12.8493808279,12.8493808279,-1.0948496273568837
10133071.0,25.3796230641,25.3796230641,-1.4044851677036414
1013376.0,7.7666836239,7.7666836239,-0.8902356145155615
10134976.0,15.49201898005,15.49201898005,-1.1708960103939672
10140.0,27.56236941895,27.56236941895,-1.4374163909350854
10145345.0,28.487045715900003,28.487045715900003,-1.4514627019388249
101526.0,9.774746304,9.774746304,-0.9901054944359177
10154203.0,9.0705912039,9.0705912039,-0.9576355944717616
101560.0,8.3038917759,8.3038917759,-0.9192816804085591
101576.0,9.2110201519,9.2110201519,-0.9369125292876163
10158453.0,5.91972282395,5.91972282395,-0.7636489553119752
10159191.0,31.63449164795,31.63449164795,-1.4910185383386714
10160166.0,39.8554876185,39.8554876185,-1.595574185957827
10168.0,26.0112252379,26.0112252379,-1.382068960544656
1017.0,7.7111896159,7.7111896159,-0.8871213824306251
10176127.0,9.26083564795,9.26083564795,-0.966458872257454
1018.0,16.002829214000002,16.002829214000002,-1.2035150160264938
10187.0,51.3751348751,51.3751348751,-1.7107529750385742
101925.0,25.450590036,25.450590036,-1.3994301448944604
10194.0,34.051766084,34.051766084,-1.532139641377888
101940.0,10.911982129950001,10.911982129950001,-1.0378483225236497
10197650.0,17.820869844,17.820869844,-1.250928898310825
10197675.0,12.954998216,12.954998216,-1.097341760017965
10198808.0,7.8740818719,7.8740818719,-0.8961999261170936
10201497.0,12.45977780995,12.45977780995,-1.0040818578050956
10204.0,29.55460194195,29.55460194195,-1.4706144280752291
10206.0,30.277001231550003,30.277001231550003,-1.4620660802942376
10207.0,32.9776083718,32.9776083718,-1.5182191562025942
10208.0,19.13306182,19.13306182,-1.2817844747386373
10209.0,7.158485449900001,7.158485449900001,-0.8516405166970427
10226.0,9.53076945195,9.53076945195,-0.9743631505012701
10229.0,77.6361746339,77.6361746339,-1.8900641282578334
102293.0,7.085575539900001,7.085575539900001,-0.8437319292454886
10230.0,10.623641016,10.623641016,-1.0262733870047072
10233356.0,30.083110641,30.083110641,-1.478322740974615
10234.0,27.108165344,27.108165344,-1.4331001259191396
10236.0,14.71860916,14.71860916,-1.1678667731349368
102428.0,13.926363444,13.926363444,-1.1438377250104663
102484.0,18.2695702679,18.2695702679,-1.260910504631799
10250129.0,13.98929908,13.98929908,-1.1457959551412844
10251042.0,23.2910396439,23.2910396439,-1.3671888746030227
10252.0,32.61818075835,32.61818075835,-1.4714095974227774
10255083.0,10.5375559959,10.5375559959,-0.9951845113775634
10257.0,4.0624015119,4.0624015119,-0.60878284516063
102681.0,5.08457412,5.08457412,-0.7062545826118257
102710.0,7.079090228,7.079090228,-0.8499774477537391
10275.0,5.622431656,5.622431656,-0.7499241850320862
102821.0,8.194869772,8.194869772,-0.9135420564115607
10285.0,9.4035168019,9.4035168019,-0.9628462123711645
102861.0,16.441641152,16.441641152,-1.2159451652529674
10287749.0,47.476544705150005,47.476544705150005,-1.675942941467161
10288.0,10.4155984359,10.4155984359,-1.0176842277108122
1030.0,13.78289672,13.78289672,-1.1393405018461904
10308.0,19.4041914241,19.4041914241,-1.2878955503294263
1031.0,15.2256924079,15.2256924079,-1.1825770518528624
10313.0,49.9661985337,49.9661985337,-1.6986762856360471
10313079.0,20.46259139195,20.46259139195,-1.0871875536534426
10314472.0,6.0948191119,6.0948191119,-0.7849608207223364
10315.0,9.5274436439,9.5274436439,-0.9789763885420124
10316.0,16.6099624159,16.6099624159,-1.2203686497550847
10328936.0,7.2190557279,7.2190557279,-0.858480394386556
10329304.0,35.31118531615,35.31118531615,-1.5455337284001431
10332.0,28.7844707239,28.7844707239,-1.459158248249971
10342051.0,13.308884428,13.308884428,-1.12414165374151
10345790.0,29.732388904,29.732388904,-1.4732298048034724
10346.0,62.3234329536,62.3234329536,-1.7946513675101832
10364.0,13.811886516,13.811886516,-1.1402530013544034
10367.0,12.3739243039,12.3739243039,-1.0925074549441176
10374.0,12.157991824,12.157991824,-1.0848618469943938
10377.0,29.640288832,29.640288832,-1.4718824313428043
10382.0,14.842609704,14.842609704,-1.171510267546944
10387.0,13.836414928,13.836414928,-1.1410235772104083
10402.0,8.739252408,8.739252408,-0.9339040229793774
10403199.0,17.96357331595,17.96357331595,-1.2534352290090482
10404.0,14.8771929841,14.8771929841,-1.1725209966322099
10407399.0,11.9501696659,11.9501696659,-1.0260098977291072
10409.0,11.747283232000001,11.747283232000001,-1.0387880396262736
10411334.0,14.309262458,14.309262458,-1.1507473251951903
104143.0,3.165047472,3.165047472,-0.5003802283100974
104150.0,8.356930256,8.356930256,-0.9220467777133341
10423.0,27.0819986441,27.0819986441,-1.4326807120099325
10430.0,18.77312173,18.77312173,-1.2723152836515421
10432339.0,14.9597795479,14.9597795479,-1.1749251936730958
10434.0,12.62679092,12.62679092,-1.1012929892867198
10438.0,10.2935992,10.2935992,-1.0125672541980952
104386.0,15.87273954395,15.87273954395,-1.146807544850307
10439.0,17.095527046,17.095527046,-1.2314260158289874
10442.0,15.78505138995,15.78505138995,-1.1982389502046504
10453.0,7.0237853439,7.0237853439,-0.8465712304914053
10457.0,10.8361671999,10.8361671999,-1.0348756974901203
10458.0,21.7965903359,21.7965903359,-1.3373777769347974
1046.0,17.0092995799,17.0092995799,-1.2306864303176015
104635.0,10.135883,10.135883,-1.0058615887787343
10465.0,7.1888929561,7.1888929561,-0.8566620169372825
10466908.0,34.3909001088,34.3909001088,-1.5350179116644393
10473.0,18.2771538919,18.2771538919,-1.2343862154837424
104741.0,28.0977463119,28.0977463119,-1.448671487038265
104758.0,17.34311522595,17.34311522595,-1.1845808293578313
104762.0,7.3838486599,7.3838486599,-0.8682827867659757
104769.0,10.71857455,10.71857455,-0.9460725826367657
10483134.0,42.3755175439,42.3755175439,-1.6271150154019902
104845.0,4.68963534,4.68963534,-0.6711390738487872
104850.0,13.160097868,13.160097868,-1.119259119017626
10486.0,18.1093978561,18.1093978561,-1.2579040101086114
104865.0,21.626934618,21.626934618,-1.3349949672971513
1049.0,12.2223569919,12.2223569919,-1.0871549644883753
104920.0,20.828373204,20.828373204,-1.3186553507871064
104926.0,8.166648336,8.166648336,-0.9120438548387904
1050.0,7.49897762,7.49897762,-0.8750020574905586
105010.0,12.013538232,12.013538232,-1.079670934823885
105024.0,119.2994013116,119.2994013116,-2.0766382642259082
10509.0,9.91706916,9.91706916,-0.9963833419418539
105104.0,13.571144268000001,13.571144268000001,-1.1041897367738018
10522.0,3.0435426359,3.0435426359,-0.48337939000767505
1053.0,19.310863004,19.310863004,-1.285801682867953
10531.0,27.1256011559,27.1256011559,-1.433379371770765
1054.0,13.232351628,13.232351628,-1.1216370330239986
10541.0,16.833097219949998,16.833097219949998,-1.2254362316091512
10555.0,14.326468628,14.326468628,-1.1530149554268798
10560.0,11.7938244379,11.7938244379,-1.0715162030768814
10560335.0,32.4244221959,32.4244221959,-1.5108722456853978
10567.0,20.803976486,20.803976486,-1.3145446022708283
10568.0,30.246384836,30.246384836,-1.480673473547113
1057.0,32.6871144568,32.6871144568,-1.514376583755617
1060.0,13.169020236,13.169020236,-1.1195534650204761
10601.0,8.25395185795,8.25395185795,-0.9166287387114513
10621.0,30.40693397975,30.40693397975,-1.4811659248742357
10624.0,5.330888824,5.330888824,-0.7267996253824409
10634.0,12.7520717479,12.7520717479,-1.1055807475612436
10635.0,13.6086852532,13.6086852532,-1.1337988470395612
10636633.0,11.77623857695,11.77623857695,-1.0179235079266544
10638.0,18.9272169879,18.9272169879,-1.2770867610503265
106428.0,8.685460188,8.685460188,-0.9387928339304241
10646.0,21.3948706164,21.3948706164,-1.3303096644701768
10648.0,11.95775451995,11.95775451995,-1.064874172448803
10649.0,14.9616382319,14.9616382319,-1.174979149418895
1066.0,22.936399127949997,22.936399127949997,-1.36050133516554
10660.0,18.78911954205,18.78911954205,-1.273714757748095
106701.0,14.058993724,14.058993724,-1.147954237059793
106705.0,10.490912154050001,10.490912154050001,-1.0207945888230125
106729.0,10.953769602000001,10.953769602000001,-1.0384829495176682
10680.0,17.412788248,17.412788248,-1.2408683187201561
10685477.0,33.10250793195,33.10250793195,-1.5196553966191102
10687.0,15.343291645999999,15.343291645999999,-1.1837191564186589
10690.0,10.0745761539,10.0745761539,-1.0032009888771558
10693.0,12.383296704,12.383296704,-1.0928362787518278
10695.0,20.843331392,20.843331392,-1.318967133511123
10698.0,14.37565996395,14.37565996395,-1.1452658449469237
107.0,14.116284195999999,14.116284195999999,-1.110640898428223
10704.0,3.039640788,3.039640788,-0.48282226354065927
10707.0,22.5265783239,22.5265783239,-1.352695229544401
10708.0,12.5900324559,12.5900324559,-1.1000268496789591
107080.0,8.619223892,8.619223892,-0.9354681620432317
10712.0,5.8889817999,5.8889817999,-0.7700402121197681
10718.0,8.95866403395,8.95866403395,-0.9513172202720519
107202.0,9.567158916,9.567158916,-0.9807829879031131
10721.0,12.224055236,12.224055236,-1.0872153036527374
107217.0,18.683685070000003,18.683685070000003,-1.2414691518552814
10722.0,13.14234875805,13.14234875805,-1.0873041263361394
10723.0,14.3505177419,14.3505177419,-1.152840002850526
10724.0,9.118750468,9.118750468,-0.9599353315267455
107377.0,13.2298729159,13.2298729159,-1.1215556724423423
10754.0,29.9831341645,29.9831341645,-1.4768770280854462
10757.0,20.705398178,20.705398178,-1.3136209661361848
10758.0,13.0231522679,13.0231522679,-1.065684255836702
10761.0,15.336498816,15.336498816,-1.15793020471
10762.0,12.758198376,12.758198376,-1.09667010697214
10766.0,17.816777124,17.816777124,-1.1425960365486962
10771.0,17.47216232,17.47216232,-1.242346655728904
107715.0,18.4062991919,18.4062991919,-1.2649664771458877
107770.0,16.6236870359,16.6236870359,-1.2207273540905634
10780.0,15.384731368,15.384731368,-1.1870899174561584
107807.0,11.9929663639,11.9929663639,-1.0789266156374353
10783.0,28.227687954,28.227687954,-1.449413658916602
107867.0,10.563857424,10.563857424,-1.0238225310820368
10788.0,47.8479563649,47.8479563649,-1.6798633933479608
107882.0,16.27421234,16.27421234,-1.1183100449760959
10789.0,5.668001224,5.668001224,-0.7450292818059976
107921.0,11.9248001919,11.9248001919,-1.076451110875065
107926.0,15.377353688,15.377353688,-1.1717574506160537
10793.0,40.502147426,40.502147426,-1.6074780501415329
10795.0,17.01796131595,17.01796131595,-1.2071611845458166
10797.0,7.043015748,7.043015748,-0.847758659464581
107999.0,18.0607066739,18.0607066739,-1.250118067090271
1080.0,12.372628672,12.372628672,-1.0924619790521166
10800.0,41.647889729599996,41.647889729599996,-1.619585726603423
108005.0,21.93835074,21.93835074,-1.3412039754975862
108013.0,19.649274152,19.649274152,-1.2887397137832495
108092.0,33.9315254689,33.9315254689,-1.5306033847801959
108143.0,22.0676502039,22.0676502039,-1.3437560913034647
108150.0,41.0538780662,41.0538780662,-1.6110739412485495
108173.0,9.44347265,9.44347265,-0.9488591874750371
108188.0,7.3373957479,7.3373957479,-0.8655419437025664
10824.0,16.8049788997,16.8049788997,-1.2159753185475934
108242.0,19.65620791195,19.65620791195,-1.2909888089801576
10830.0,18.54403178195,18.54403178195,-1.2502052224318854
10832.0,8.7439350659,8.7439350659,-0.9363468685175627
108381.0,7.22284724,7.22284724,-0.858708429822688
10850.0,15.172732033900001,15.172732033900001,-1.1698498782381856
10855.0,20.297492147299998,20.297492147299998,-1.3061146941578219
10857465.0,17.346001637999997,17.346001637999997,-1.2294840767786965
10867.0,8.695885706,8.695885706,-0.9359300380354496
108675.0,16.3305541858,16.3305541858,-1.21300092299454
10868.0,24.75937741825,24.75937741825,-1.3277638611127518
10870.0,14.168880792,14.168880792,-1.1513355464326893
10883.0,10.23681266,10.23681266,-1.0003630650749593
10886.0,14.0094052399,14.0094052399,-1.1464196979900994
10887985.0,11.9575852601,11.9575852601,-1.0776434861661175
10890.0,23.3505736579,23.3505736579,-1.1560040880625932
10891.0,14.057809664,14.057809664,-1.1479176588814382
108938.0,10.76692713395,10.76692713395,-1.013474456690056
108956.0,25.439952342,25.439952342,-1.4055162933904564
10898.0,5.2025737880000005,5.2025737880000005,-0.7034162572202926
10900.0,13.488085057900001,13.488085057900001,-1.1146991178970045
109029.0,20.2652472845,20.2652472845,-1.3067519075417422
10907.0,10.30250501405,10.30250501405,-0.9688003257291189
10908.0,15.658963144,15.658963144,-1.1947630019270776
1091.0,42.711493164,42.711493164,-1.6305447543242853
10913.0,7.0341860359,7.0341860359,-0.8472138500907328
10914.0,18.9406143121,18.9406143121,-1.2773940606244159
10921.0,6.5332141199,6.5332141199,-0.8151268920130441
10928.0,21.269156584,21.269156584,-1.3277502685497822
10931.0,26.89293102,26.89293102,-1.4296381379035803
10935.0,51.2709926714,51.2709926714,-1.709871726013403
10941.0,17.3416712624,17.3416712624,-1.2390909492568245
10943.0,14.65540718795,14.65540718795,-1.1659860128862372
10944.0,21.97119538595,21.97119538595,-1.3188714659680012
10949.0,21.8404644544,21.8404644544,-1.3388872273078325
10953.0,27.37988103395,27.37988103395,-1.4315132324052122
10958.0,15.298109284,15.298109284,-1.1846377590355244
10958189.0,7.832702156,7.832702156,-0.893911612503926
10963.0,14.559381032000001,14.559381032000001,-1.1548930637219006
10967.0,16.0218337519,16.0218337519,-1.2047122210337975
10976.0,12.7734582939,12.7734582939,-1.100347383109062
10982.0,8.594817844,8.594817844,-0.9275294997044112
11.0,70.3928893614,70.3928893614,-1.8323869630264975
11002.0,14.747176588,14.747176588,-1.1687088806786423
11005.0,48.2138540399,48.2138540399,-1.683171848789822
11006.0,19.58518798,19.58518798,-1.2919277442926118
11007.0,11.2879788759,11.2879788759,-1.052616188016964
11009532.0,10.66013786,10.66013786,-1.0277628211492902
11011.0,12.1541282679,12.1541282679,-1.0847238153375465
11033.0,63.1162965158,63.1162965158,-1.8001415077878786
11040.0,23.130206392,23.130206392,-1.3641795080195083
11043.0,24.51096918,24.51096918,-1.389360483883834
11048.0,33.785695533500004,33.785695533500004,-1.5222944032916814
11048104.0,30.69531848,30.69531848,-1.4870721437723204
11048796.0,31.3414127961,31.3414127961,-1.4961185695327293
11051686.0,5.29171492595,5.29171492595,-0.6834482890262226
11057.0,15.822570185950001,15.822570185950001,-1.1979153257339832
11061.0,11.6693784839,11.6693784839,-1.0670477259510625
110632.0,11.19292992,11.19292992,-1.0489437846099
110635.0,3.4049137799,3.4049137799,-0.532106119071785
11065.0,23.59127629545,23.59127629545,-1.372211944465858
11074.0,10.6883622699,10.6883622699,-1.0288725518349904
11074431.0,12.5234621161,12.5234621161,-1.0977244063557547
110747.0,21.03872381995,21.03872381995,-1.3213111444248944
11075478.0,29.7369050479,29.7369050479,-1.4732957661172426
11082.0,7.9786266919,7.9786266919,-0.9019281455542684
110823.0,23.000611003899998,23.000611003899998,-1.3509678046451545
11087.0,17.2208310119,17.2208310119,-1.236054105025563
11088.0,17.208370828,17.208370828,-1.2357397562136043
11089.0,13.75622510595,13.75622510595,-1.1366310051180724
11093.0,14.89041894,14.89041894,-1.172906916742824
11097730.0,50.65755471595,50.65755471595,-1.6952922876585688
1110.0,11.86161876195,11.86161876195,-1.0667829665660042
11101.0,13.0179669439,13.0179669439,-1.1145431644174137
11102.0,25.59931952,25.59931952,-1.4082284210682217
111032.0,5.694834008,5.694834008,-0.7554810698619577
111037.0,18.016100612,18.016100612,-1.2556607933186372
11104.0,28.59717918195,28.59717918195,-1.4288254243877399
11107.0,35.3347222839,35.3347222839,-1.5482016822916431
11112.0,24.2670326919,24.2670326919,-1.3850166752062965
11123.0,14.6268499879,14.6268499879,-1.1651508073166346
11124.0,7.91688067395,7.91688067395,-0.8978667600039476
11127402.0,6.7217687719,6.7217687719,-0.8274835687084202
111332.0,17.269084356,17.269084356,-1.040638792309106
11137.0,39.1917231604,39.1917231604,-1.5931943587218176
11138.0,15.732513412,15.732513412,-1.196798110656619
11147.0,12.2533090239,12.2533090239,-1.0882533863951271
11159638.0,15.104555747949998,15.104555747949998,-1.1767110598932562
11164.0,12.728221309999999,12.728221309999999,-1.1014170308674265
11167.0,23.4032258039,23.4032258039,-1.3692757228921317
11169.0,8.327031236,8.327031236,-0.9204901937680604
11171745.0,5.8143436241,5.8143436241,-0.764500694727249
11171853.0,17.795253464,17.795253464,-1.2503041781916555
11173.0,22.923909272,22.923909272,-1.3602886809431134
11174.0,30.0881169579,30.0881169579,-1.4783950085980657
1118.0,21.478204312,21.478204312,-1.3319979692999226
11181836.0,13.9880128921,13.9880128921,-1.1457560239063886
11192.0,8.2745341119,8.2745341119,-0.9177435506861902
112039.0,4.2822556139,4.2822556139,-0.6208185161583889
11210.0,6.623819098,6.623819098,-0.7947753596411545
11212667.0,11.684024208,11.684024208,-1.0675924481123582
11219835.0,44.51206445895,44.51206445895,-1.6480795740950764
11224.0,17.45686284,17.45686284,-1.241958315309574
112264.0,10.266851508,10.266851508,-1.011437280759528
11229.0,24.4132586239,24.4132586239,-1.3876257518844248
1123.0,29.12550250795,29.12550250795,-1.4627997021014285
11230.0,16.72995511005,16.72995511005,-1.212968376384619
112322.0,16.99491187995,16.99491187995,-1.177344012827617
11236.0,20.4223306079,20.4223306079,-1.3092113713057596
11241.0,29.76323855775,29.76323855775,-1.4498749796633406
112412.0,6.7988582559,6.7988582559,-0.8324359870011205
11243457.0,10.8362025321,10.8362025321,-1.0348771135401122
11245.0,11.66694823085,11.66694823085,-1.0317825882952683
11251.0,22.699942976,22.699942976,-1.3560247662134028
11254899.0,19.528949251950003,19.528949251950003,-1.289770412587014
11258643.0,24.427486835899998,24.427486835899998,-1.3770527655932554
11262.0,13.83675094,13.83675094,-1.1410341237563406
11273.0,31.641516612,31.641516612,-1.500257291527203
11284883.0,23.691389466399997,23.691389466399997,-1.2744082059495478
11285653.0,28.073329024,28.073329024,-1.4482939156991896
11289.0,15.57096267375,15.57096267375,-1.1911005137904473
11292.0,16.279089808,16.279089808,-1.2116301190781469
11296583.0,14.10002598,14.10002598,-1.1492199128653264
113027.0,21.0029986799,21.0029986799,-1.3189300533272887
11302979.0,24.034245898050003,24.034245898050003,-1.3109019218310416
113033.0,13.282946573,13.282946573,-1.1135058589339146
11304.0,22.52894626595,22.52894626595,-1.3007985814963292
11309.0,14.485456932,14.485456932,-1.1609321992233366
11310.0,29.646468844,29.646468844,-1.471972972476259
113124.0,18.676421738,18.676421738,-1.2097227373799426
11313.0,11.62578356395,11.62578356395,-0.9927345543891923
11317.0,14.3612812499,14.3612812499,-1.1536228645081965
11321106.0,12.65066364195,12.65066364195,-0.9203090586620205
1133.0,17.136372268000002,17.136372268000002,-1.2225848242331154
11333.0,18.19868562595,18.19868562595,-1.259010521810033
11334.0,12.2425166761,12.2425166761,-1.087870704263323
11335.0,16.66667031995,16.66667031995,-1.1364200117465024
11344909.0,4.806752572,4.806752572,-0.6818517673583764
11345.0,14.569290018,14.569290018,-1.1046917893142139
11346.0,12.192513028,12.192513028,-1.0860932283181857
11350.0,41.2940922165,41.2940922165,-1.6158879232956467
11355992.0,12.4113023279,12.4113023279,-1.0938173547578316
11356.0,13.3929696879,13.3929696879,-1.1268768859044327
11357.0,14.402224648,14.402224648,-1.1222339303054722
1136.0,8.115728808,8.115728808,-0.9093275263902744
113606.0,30.7559842954,30.7559842954,-1.4816277497800543
11366.0,23.0,23.0,-1.3617278360175928
11368.0,15.772394484,15.772394484,-1.197897630693977
11369.0,15.3903067839,15.3903067839,-1.1872472769612368
11387.0,6.780911072,6.780911072,-0.8312880488759136
11391.0,7.1682541199,7.1682541199,-0.844261998269982
1140.0,11.86321563605,11.86321563605,-1.0638431167603941
11402127.0,20.57741137795,20.57741137795,-1.3098247270821846
114129.0,8.49782184,8.49782184,-0.9293076217033689
11424151.0,14.26374123525,14.26374123525,-1.08727569015795
11424880.0,8.883782461900001,8.883782461900001,-0.9394075300130827
11432.0,16.960160952000003,16.960160952000003,-1.1964487730802746
11442.0,20.18465200795,20.18465200795,-1.305020391300479
11443.0,20.729332259899998,20.729332259899998,-1.3099931463675856
11448496.0,14.237083248,14.237083248,-1.1534210244801024
11450.0,7.528428086,7.528428086,-0.876280009955564
1146.0,13.96694896795,13.96694896795,-1.135303061331832
11460221.0,24.2465419239,24.2465419239,-1.3846498076616134
11461044.0,12.587352544,12.587352544,-1.0999343959984393
11463.0,18.2370864059,18.2370864059,-1.2457233398250223
114644.0,8.626280324,8.626280324,-0.9358235670939822
11472813.0,10.78540280795,10.78540280795,-1.019377069707853
11474.0,12.2207651319,12.2207651319,-1.0870983975726238
114750.0,33.6085784219,33.6085784219,-1.5179550067553749
1148.0,11.142017964,11.142017964,-1.0469638543262407
114809.0,9.3487352599,9.3487352599,-0.9707528614822863
114811.0,6.0272085879,6.0272085879,-0.7801162216664203
11485.0,13.9101151639,13.9101151639,-1.1433307255951553
11487.0,15.356570516,15.356570516,-1.186294238333884
11492381.0,10.9512263559,10.9512263559,-1.039462755685538
11492406.0,17.6774575819,17.6774575819,-1.2316663609293925
114948.0,16.07975748995,16.07975748995,-1.1568196615308337
11499271.0,20.09150552595,20.09150552595,-1.2694994343242114
114994.0,9.32507342005,9.32507342005,-0.9538769122492722
11505.0,6.209056088,6.209056088,-0.7930255829574152
115089.0,19.609034716,19.609034716,-1.2924562153999204
11509.0,19.382307928,19.382307928,-1.2874054889540414
115157.0,54.4528004996,54.4528004996,-1.7360202203681345
115224.0,40.29253952915,40.29253952915,-1.3824273259391078
115227.0,20.071821379699998,20.071821379699998,-1.29380877183536
11524680.0,9.7483828079,9.7483828079,-0.9889325750976585
115268.0,6.77349459195,6.77349459195,-0.830569831725464
115305.0,20.998323918,20.998323918,-1.2942594199612758
11534.0,6.236594388,6.236594388,-0.7949474995775699
115366.0,36.365501712,36.365501712,-1.5606895836371395
115367.0,24.687323948,24.687323948,-1.3924740159098874
11545.0,10.748734184,10.748734184,-1.0313573229239688
11548.0,13.7599278,13.7599278,-1.138616155109968
11552.0,16.3105556384,16.3105556384,-1.195441971753699
11556711.0,41.9753485708,41.9753485708,-1.6229943112840932
11556911.0,13.09301388,13.09301388,-1.1170396282766868
11568.0,53.86011487125,53.86011487125,-1.7299669083293676
11569.0,13.9326364919,13.9326364919,-1.1440333063407362
11571.0,47.43396584395,47.43396584395,-1.6755639567283516
11579.0,10.221754222,10.221754222,-1.009511798951757
11595.0,7.9236389079,7.9236389079,-0.8989246758670517
11597.0,13.7951095279,13.7951095279,-1.0902635776615721
11598.0,12.852964464,12.852964464,-1.109003306801476
11604.0,21.1588924219,21.1588924219,-1.2994273791215734
11622.0,13.5910060761,13.5910060761,-1.133251606631404
11626384.0,13.5268468721,13.5268468721,-1.1311965737123122
11643980.0,16.2243474799,16.2243474799,-1.21016723911941
11647992.0,22.408852952,22.408852952,-1.3504196267552175
116529.0,3.7844524759,3.7844524759,-0.5780030558583716
11658860.0,20.220371117950002,20.220371117950002,-1.305714025028712
11659.0,14.540928968,14.540928968,-1.1625921529321412
11660.0,8.1401434159,8.1401434159,-0.9106320565090178
11666.0,7.520303428,7.520303428,-0.8762353637894559
11671.0,12.5088240819,12.5088240819,-1.0906364498071415
11673.0,13.36295980605,13.36295980605,-1.1237876335831787
11674.0,11.39714474595,11.39714474595,-1.050725721653899
11674455.0,18.872602391999997,18.872602391999997,-1.2758201979006132
116814.0,7.193859892,7.193859892,-0.8569619752223022
11683.0,7.7426973239,7.7426973239,-0.8888922822353353
11684.0,20.38686982595,20.38686982595,-1.2919478623796068
11693.0,10.0780325079,10.0780325079,-1.0033757548908373
11696.0,7.9833882959,7.9833882959,-0.9021872529921614
11700495.0,10.59207148395,10.59207148395,-0.9885644578849558
11701.0,22.12941176595,22.12941176595,-1.3360083853857951
11705034.0,8.923150948,8.923150948,-0.9505182397672322
11723708.0,38.113149715,38.113149715,-1.5810748408561328
11729.0,13.30493173595,13.30493173595,-1.0119765417418218
11731903.0,18.77764652195,18.77764652195,-1.25954351918688
11733.0,6.4437309839,6.4437309839,-0.8091374009826671
11734.0,10.8122314119,10.8122314119,-1.0339153322390175
1174.0,10.72273081,10.72273081,-1.0175057631069606
11741.0,17.2113858779,17.2113858779,-1.235802880632491
11742.0,7.25135395395,7.25135395395,-0.8600991239280193
11746.0,34.944102836,34.944102836,-1.5433738947633047
11748.0,10.450594304,10.450594304,-1.0191409885914497
11750.0,31.272750856,31.272750856,-1.4951660849217203
11750474.0,10.218588836,10.218588836,-1.0093909248541095
117549.0,14.4114272,14.4114272,-1.1587069922221878
1176.0,14.113920736050002,14.113920736050002,-1.1282505656644264
11761.0,13.117081872,13.117081872,-1.117827804123754
11764.0,19.13999894595,19.13999894595,-1.1628907046564079
117640.0,20.0478967239,20.0478967239,-1.3020688164016774
11767.0,23.69615362,23.69615362,-1.3746421505757471
11769.0,8.7732530079,8.7732530079,-0.9152709763401408
11769095.0,13.5145553679,13.5145553679,-1.1307856274736459
117734.0,16.6500119439,16.6500119439,-1.2214145493839605
11774.0,7.6784536979,7.6784536979,-0.8842679216006706
117746.0,24.54210655795,24.54210655795,-1.3697872739446093
11776.0,34.212088976,34.212088976,-1.5341795928360855
117822.0,14.807386232,14.807386232,-1.1704784045576595
11783.0,23.964167832,23.964167832,-1.379562352491364
11784975.0,12.421269528,12.421269528,-1.0941659856013086
117915.0,12.425534826,12.425534826,-1.0864005473946077
11796.0,32.81542556475,32.81542556475,-1.5160577925389258
117965.0,11.5313652639,11.5313652639,-1.0618807289318848
11803.0,14.178354676000001,14.178354676000001,-1.039983036854568
11807.0,27.9285325,27.9285325,-1.4460481163706784
11808.0,22.1363325479,22.1363325479,-1.3450288728133595
11813.0,13.7889645,13.7889645,-1.1395316534984432
11818.0,13.0571967,13.0571967,-1.1158499465866725
118193.0,10.6061296439,10.6061296439,-1.0255569314084412
118264.0,16.3477052939,16.3477052939,-1.0767073564965464
11826859.0,6.8121552401,6.8121552401,-0.8332845364060344
118285.0,19.12422083595,19.12422083595,-1.1968295963059896
1183.0,23.01999241795,23.01999241795,-1.3618521106605894
11830.0,13.686424965899999,13.686424965899999,-1.1343322227630683
11831.0,14.277955668,14.277955668,-1.154666029172312
11832800.0,9.427276992,9.427276992,-0.9743862676977216
118379.0,12.372158684,12.372158684,-1.0924454815819993
11843.0,30.8582449555,30.8582449555,-1.489371222186739
11850.0,8.338316768,8.338316768,-0.9210783897086398
11852.0,34.7083276214,34.7083276214,-1.5404336882235465
11855.0,4.923541488,4.923541488,-0.6922776018337509
11858.0,10.62822706195,10.62822706195,-1.0022424406102044
11859.0,42.6129471873,42.6129471873,-1.6295415718188244
11860.0,32.35679214,32.35679214,-1.5099654590170783
11867.0,7.12086824,7.12086824,-0.852532949936301
11868.0,12.616287239950001,12.616287239950001,-1.100926018894342
118703.0,11.769860832,11.769860832,-1.0707713277328332
11872.0,55.6095557524,55.6095557524,-1.745149425646008
11875.0,6.942023324,6.942023324,-0.7781429180360397
11876.0,19.6359762281,19.6359762281,-1.2930524976582634
11876263.0,15.9147737079,15.9147737079,-1.201800467769524
11883.0,16.18487238345,16.18487238345,-1.073585920834511
11888.0,16.882471520000003,16.882471520000003,-1.2152944796295335
11895.0,3.391199516,3.391199516,-0.5260713013368429
11899.0,24.4457738201,24.4457738201,-1.3882037892161503
119.0,11.057009239900001,11.057009239900001,-1.0383473255400357
119020.0,7.1031146339,7.1031146339,-0.8509527535448864
11906.0,14.559366646,14.559366646,-1.159095449458508
11907.0,13.25707472195,13.25707472195,-1.1207840492362584
11909.0,10.6182401959,10.6182401959,-1.0260525453198934
11910.0,6.650266799900001,6.650266799900001,-0.8024763496704121
11914.0,16.778426436,16.778426436,-1.0854968314908677
119171.0,2.623156036,2.623156036,-0.41882412496254273
119175.0,26.720727448,26.720727448,-1.4268482772448188
119182.0,12.222298444,12.222298444,-1.087152884112977
119193.0,21.0170062079,21.0170062079,-1.3225708525110647
11921.0,51.42945608935,51.42945608935,-1.6933613599816417
11933.0,22.672503292,22.672503292,-1.355499473628171
11937.0,159.3639377928,159.3639377928,-2.2009083018787052
119442.0,29.3995933161,29.3995933161,-1.4683413228681015
11945.0,8.4349819399,8.4349819399,-0.9260841570602751
119525.0,35.5110210264,35.5110210264,-1.5453279164087914
11953895.0,13.846460988,13.846460988,-1.1413387864124893
11954.0,19.8691060159,19.8691060159,-1.2981783270445983
11954008.0,45.4422604776,45.4422604776,-1.653289068648117
11954009.0,21.8740820199,21.8740820199,-1.3399298362288747
11954258.0,15.05327659005,15.05327659005,-1.1750451296977569
11954316.0,7.52411683195,7.52411683195,-0.8481888470114041
11955.0,21.090891659999997,21.090891659999997,-1.3240836820088675
11956149.0,8.91819303195,8.91819303195,-0.8764765391461051
11957.0,29.5211240761,29.5211240761,-1.4701328901006359
119570.0,36.174497475,36.174497475,-1.5584025067475258
11957572.0,20.843763272,20.843763272,-1.3189761321281945
11957593.0,26.800150184,26.800150184,-1.4281372277563902
11957635.0,26.7059090999,26.7059090999,-1.426607366441085
11957654.0,12.9765026799,12.9765026799,-1.1131576607633695
11957669.0,18.404014132,18.404014132,-1.2649125580771783
11957707.0,6.4725300279999995,6.4725300279999995,-0.8102909606693386
11957725.0,21.606054445999998,21.606054445999998,-1.3187854863655475
119583.0,16.58992536195,16.58992536195,-1.203180009118816
119607.0,11.1357351639,11.1357351639,-1.0467188937621295
11966.0,8.81243975195,8.81243975195,-0.9365976549636651
11972.0,28.1476100441,28.1476100441,-1.4494415256980935
11982778.0,23.4832657641,23.4832657641,-1.370758493116597
11990.0,26.5145328921,26.5145328921,-1.4234839805335808
11995188.0,24.573856096,24.573856096,-1.3904733107256353
12001.0,14.1673666959,14.1673666959,-1.1512891349533847
12002.0,12.85210954795,12.85210954795,-1.1022276016980825
12004215.0,6.8921198559,6.8921198559,-0.838352821344677
120081.0,7.549762884,7.549762884,-0.8779333119222378
120101.0,17.773042981899998,17.773042981899998,-1.2467149348763256
1201518.0,10.5380798219,10.5380798219,-1.0221856135915655
1201549.0,11.916301997949999,11.916301997949999,-1.0432245252517385
12017.0,6.13702572,6.13702572,-0.7879579433964734
12021.0,11.470537456,11.470537456,-1.0595837673961788
12025.0,15.376303887999999,15.376303887999999,-1.1748592072516106
12035.0,10.247543377949999,10.247543377949999,-1.0086848651393185
12036651.0,16.732354016,16.732354016,-1.2235570446229624
12038941.0,3.708968216,3.708968216,-0.56925311165836
12040508.0,22.695674496000002,22.695674496000002,-1.342070874491636
12040509.0,7.6052544079499995,7.6052544079499995,-0.8753481537960219
12046.0,16.644762904,16.644762904,-1.2212776132374834
12051.0,2.861036564,2.861036564,-0.45652340811702974
12053.0,14.3410404599,14.3410404599,-1.1565806610668652
12056759.0,11.6616305279,11.6616305279,-1.0667592776753085
12056760.0,15.462140784,15.462140784,-1.1892696232377427
12059.0,8.4607874999,8.4607874999,-0.9274107875005113
12059921.0,24.162418992,24.162418992,-1.3745247531646756
12062.0,11.0740238359,11.0740238359,-1.0443054539590735
12069.0,40.0659198037,40.0659198037,-1.5398159123873056
12076.0,18.6682993479,18.6682993479,-1.2711047562209827
12077313.0,13.1719266679,13.1719266679,-1.1196493041978546
12078.0,19.525742912,19.525742912,-1.205638178352916
12087.0,22.48875453395,22.48875453395,-1.2197215306180091
12088.0,8.8649001479,8.8649001479,-0.9476738481760496
12089.0,30.962581989950003,30.962581989950003,-1.4812242606562993
12091.0,18.283273412,18.283273412,-1.262053953843006
12095229.0,31.8487902241,31.8487902241,-1.5030929403141882
12100.0,12.77066358395,12.77066358395,-1.0724680625546426
12101.0,12.7284295927,12.7284295927,-1.0404328383499086
12104.0,14.185503548,14.185503548,-1.1518447567153256
121097.0,22.5781457912,22.5781457912,-1.333467118173363
12111.0,34.44499907185,34.44499907185,-1.536946965133808
12113.0,6.8560949999,6.8560949999,-0.8360768266582149
12124.0,24.923034046,24.923034046,-1.3962934035920243
12127.0,22.747021196,22.747021196,-1.3429769011867656
12130.0,22.41961467595,22.41961467595,-1.3475988011899374
121396.0,4.238678488,4.238678488,-0.6272304757371361
12148.0,48.9111582981,48.9111582981,-1.6894079477633543
12148754.0,16.29938977595,16.29938977595,-1.2042339896421272
12150.0,37.994323809549996,37.994323809549996,-1.5797145518171785
12160.0,4.6572228739499995,4.6572228739499995,-0.665978814892001
12161.0,15.048256519999999,15.048256519999999,-1.1756890139291694
12163.0,9.063843056,9.063843056,-0.9573123769410345
121639.0,16.078395112,16.078395112,-1.2062426968510491
12164.0,37.751718706000005,37.751718706000005,-1.5762268263778685
12170.0,24.9930375559,24.9930375559,-1.3978190417846241
121752.0,27.75960702055,27.75960702055,-1.2279758268400491
12180.0,5.3114697079,5.3114697079,-0.7252147089749729
12184311.0,30.600056636,30.600056636,-1.485722230294636
12184591.0,24.86569794455,24.86569794455,-1.3829589147749064
12185.0,30.43248809195,30.43248809195,-1.4828585409462032
12195864.0,15.490189663999999,15.490189663999999,-1.1691456310598225
12198.0,16.28685236395,16.28685236395,-1.2117501837346119
122077.0,28.347148784,28.347148784,-1.4525093831708231
122087.0,4.5170111399,4.5170111399,-0.6548511616242972
12209.0,8.884826992,8.884826992,-0.9486489755120283
122125.0,12.9965173159,12.9965173159,-1.1138269897589224
12228.0,10.7875195919,10.7875195919,-1.0329215974737953
12232.0,13.685598144,13.685598144,-1.1362637834751685
12244.0,10.404029484,10.404029484,-1.0172015742735814
12248306.0,12.383340674,12.383340674,-1.0674529496386331
122499.0,94.2388153937,94.2388153937,-1.974229818283298
12251.0,17.326705664050003,17.326705664050003,-1.238714101291673
12252.0,21.38291022,21.38291022,-1.3300668124946098
12257.0,11.1952262519,11.1952262519,-1.0490328749546902
12259684.0,10.25929540395,10.25929540395,-1.0102887686013604
122600.0,6.413214016,6.413214016,-0.8070757330432281
122612.0,12.809851204,12.809851204,-1.107544085118844
12262.0,7.03336554595,7.03336554595,-0.845665937576479
12266.0,7.4220957319,7.4220957319,-0.8705265516791323
12276.0,22.0771686879,22.0771686879,-1.3439433760288355
122820.0,12.62101219205,12.62101219205,-1.0840268327789846
122824.0,11.820547908,11.820547908,-1.0726376075017574
122903.0,12.089072284,12.089072284,-1.0823929743596523
12296.0,21.2313182559,21.2313182559,-1.3086952630977506
12301.0,9.733275404,9.733275404,-0.9881959630085926
123015.0,21.217495364050002,21.217495364050002,-1.2781436334740222
12302.0,9.02508311195,9.02508311195,-0.947796348630403
12305037.0,18.4843154799,18.4843154799,-1.2668033722038683
12305761.0,10.586502362000001,10.586502362000001,-1.0243415872521497
12308.0,15.454696936,15.454696936,-1.1890604930412927
12309460.0,21.199189392,21.199189392,-1.3263192548291312
12328.0,16.858635112,16.858635112,-1.1575209344986161
12329.0,10.6182221879,10.6182221879,-1.0260518087777246
12332.0,19.7797183959,19.7797183959,-1.296220104249164
12336279.0,14.174972044,14.174972044,-1.1412145308295623
12338093.0,19.7110500679,19.7110500679,-1.294709761090559
12342.0,14.73132302,14.73132302,-1.168241752578079
12344.0,11.93025664595,11.93025664595,-1.074532425851125
123458.0,17.241750877900003,17.241750877900003,-1.236339433581627
12348.0,18.926155656,18.926155656,-1.2767033839457067
123504.0,41.318880246350005,41.318880246350005,-1.6161335579033098
12358480.0,16.9663337959,16.9663337959,-1.2295880070657048
12358742.0,13.4102899879,13.4102899879,-1.1274381692597344
123596.0,12.497654188,12.497654188,-1.0968285035030036
123608.0,6.565474816,6.565474816,-0.8172661397951819
123631.0,6.5582697679,6.5582697679,-0.8167892769720667
12364.0,14.983306684,14.983306684,-1.175607668913409
12366.0,16.72458464,16.72458464,-1.0747624337536692
12368.0,8.1228001599,8.1228001599,-0.9097057686941136
123698.0,28.8921561879,28.8921561879,-1.460779953944026
12375.0,15.5121958119,15.5121958119,-1.1906732782451541
12377.0,9.740997306,9.740997306,-0.9763430449484309
123879.0,23.935289654,23.935289654,-1.3790386874842595
12388.0,26.80149057195,26.80149057195,-1.3917118897959495
12389.0,9.822409488,9.822409488,-0.9922180355451053
12391.0,14.126796523900001,14.126796523900001,-1.1467866080354345
123924.0,23.13273541565,23.13273541565,-1.3576729682382287
12394.0,10.572440416,10.572440416,-0.9602815866686316
12395.0,8.36953325195,8.36953325195,-0.921895837861616
12397.0,12.7428157519,12.7428157519,-1.1052654036975795
12398.0,19.232321787900002,19.232321787900002,-1.2288947239257721
12418.0,20.76636577295,20.76636577295,-1.2627990938643068
124246.0,31.298110369999996,31.298110369999996,-1.4937989577848645
12433.0,10.31567862595,10.31567862595,-0.9632514535151497
12447.0,22.22183098595,22.22183098595,-1.3396577656848199
12449.0,33.8699737603,33.8699737603,-1.5298148601887303
12456.0,16.2379248341,16.2379248341,-1.2104786890418118
12463.0,21.1314236819,21.1314236819,-1.282340285825765
12468.0,10.934554098,10.934554098,-1.0385152621665368
12471.0,22.819265216,22.819265216,-1.3583016559553653
12472902.0,28.5377842079,28.5377842079,-1.4554202496602036
12478.0,8.261899192,8.261899192,-0.9170798916058027
12484.0,10.7674744039,10.7674744039,-1.0310463983675624
124886.0,23.0631933519,23.0631933519,-1.343555870080193
125098.0,6.2825584239,6.2825584239,-0.7981365359529389
12521030.0,18.1483483366,18.1483483366,-1.2588371064553074
12525.0,17.83175534395,17.83175534395,-1.2506461371343178
12527.0,26.3612533389,26.3612533389,-1.4209660548304808
1252759.0,12.62268908995,12.62268908995,-1.1005035997423034
12530.0,8.54044947,8.54044947,-0.8615217130560651
1254.0,10.981712868,10.981712868,-1.0406700842947396
12542.0,27.096927947250002,27.096927947250002,-1.432188287052093
125564.0,9.13260687395,9.13260687395,-0.9447892281399389
12560.0,16.9986021932,16.9986021932,-1.230413210511286
12561739.0,10.69468073995,10.69468073995,-0.975970725158655
12566.0,10.5545519639,10.5545519639,-1.0156176286176395
12570.0,8.1670012199,8.1670012199,-0.9120626204588095
12572.0,11.5789543259,11.5789543259,-1.0278201996835334
12573.0,12.8567888439,12.8567888439,-1.1091325112383783
12574.0,6.963055796,6.963055796,-0.8427998752556929
12576.0,5.4265644,5.4265644,-0.7345249613861892
12580.0,16.314347866000002,16.314347866000002,-1.1827845793454255
12582.0,20.336870069950002,20.336870069950002,-1.299130659651388
12586.0,18.2060392319,18.2060392319,-1.2602154742503482
12589.0,9.565934712,9.565934712,-0.9804968329368116
12613.0,16.0648333479,16.0648333479,-1.2058762246610923
12620.0,10.0649089439,10.0649089439,-1.0028098502290794
12628.0,18.288040116,18.288040116,-1.2621671657053146
12635.0,14.0234375039,14.0234375039,-1.1468544833872494
126565.0,33.8802571359,33.8802571359,-1.5299466977707914
12675.0,13.8558281399,13.8558281399,-1.1416324879558948
12679.0,13.9809071309,13.9809071309,-1.145535350892004
12681.0,15.6572097119,15.6572097119,-1.1703865435354726
12682.0,12.5294584999,12.5294584999,-1.0979323019927834
12694.0,12.723414862,12.723414862,-1.0419785856533694
126941.0,50.6019910319,50.6019910319,-1.7003630144869843
1269845.0,14.998387968,14.998387968,-1.1760445834407334
12699.0,15.449871916,15.449871916,-1.1889248833462904
12703.0,94.5274154096,94.5274154096,-1.97555778347608
12713.0,11.4711554859,11.4711554859,-1.040402929713861
12715.0,14.1960930441,14.1960930441,-1.1521688371398253
12733.0,22.9462661,22.9462661,-1.3356289967516404
12734.0,13.07317102,13.07317102,-1.1163809425502
12736.0,29.0048289559,29.0048289559,-1.4624703087373232
127404.0,30.5129010799,30.5129010799,-1.4844835010903024
12742.0,18.3033874,18.3033874,-1.262531471860975
12744.0,11.40076666,11.40076666,-1.056934057039297
12749.0,7.44083369795,7.44083369795,-0.8711641037172317
12756.0,19.0,19.0,-1.2787536009528289
12769.0,3.484846784,3.484846784,-0.5421836885097535
12777.0,15.2488979719,15.2488979719,-1.1832384586325395
12793.0,15.828466832,15.828466832,-1.199438850513107
127998.0,22.396662056,22.396662056,-1.350183296964478
12810.0,9.8932371719,9.8932371719,-0.9953384206020004
12813.0,10.13527810395,10.13527810395,-1.0047237951245336
12837.0,8.026863099949999,8.026863099949999,-0.9001365182581809
12860.0,13.38697378595,13.38697378595,-1.109522087190493
12867.0,6.15381702,6.15381702,-0.7890832197532383
12868.0,8.5570340519,8.5570340519,-0.9320084935768121
128798.0,4.097918388,4.097918388,-0.6125633049694726
128918.0,19.546753704,19.546753704,-1.2910746407341507
12898.0,17.1506958599,17.1506958599,-1.234281745485721
12901.0,30.501454352,30.501454352,-1.4843205476087502
12902.0,28.67838097595,28.67838097595,-1.4571787440642014
129209.0,13.61942063165,13.61942063165,-1.100888738884899
12922658.0,25.286475876,25.286475876,-1.4025734671068606
12938.0,5.1580578999,5.1580578999,-0.7124862128437839
12942137.0,24.675670008,24.675670008,-1.387396442611072
12947.0,10.0095693839,10.0095693839,-1.0004153943405867
129491.0,60.9395862009,60.9395862009,-1.7848995008995217
12955.0,5.1794297601,5.1794297601,-0.7142819478389957
12958.0,14.9756127659,14.9756127659,-1.1661585543268904
12967.0,6.13907461995,6.13907461995,-0.7628899936912321
12968.0,21.135773016,21.135773016,-1.3250181362645848
12971.0,23.584714804,23.584714804,-1.3726306289472947
12971008.0,6.3101839799,6.3101839799,-0.8000420217307485
12977.0,27.1922710199,27.1922710199,-1.4344454801223885
129791.0,23.70073377,23.70073377,-1.3310547695512867
12989.0,37.793669968,37.793669968,-1.5774190662875656
12991988.0,20.889040412,20.889040412,-1.3199184900834577
12998.0,11.435621144,11.435621144,-1.0582597589808371
129991.0,7.526226566,7.526226566,-0.8691988943174297
13.0,12.9070432001,12.9070432001,-1.1108267636486464
13000.0,4.263437,4.263437,-0.6297598498795371
130313.0,13.9814395279,13.9814395279,-1.145551888637003
13032.0,21.415103792,21.415103792,-1.3307201836209201
13065.0,13.269861528,13.269861528,-1.0581148310767827
13075.0,10.15255143195,10.15255143195,-1.0006682617283928
13081.0,3.901455822,3.901455822,-0.5784302755779671
130881.0,36.7812518269,36.7812518269,-1.5656265060946435
13089.0,21.86846746795,21.86846746795,-1.3088575156929432
130990.0,14.824080664050001,14.824080664050001,-1.1618445943619577
13101.0,13.661577988,13.661577988,-1.1355008656632843
13109.0,14.680752346,14.680752346,-1.1640120211438345
13118.0,15.90359164795,15.90359164795,-1.1056720063137946
131204.0,10.36311703805,10.36311703805,-1.0098419415573903
13132266.0,5.038646948,5.038646948,-0.7023139289239224
13134.0,14.07885982,14.07885982,-1.1485674847824623
13144.0,20.1632727868,20.1632727868,-1.3045610256846232
13150.0,17.6721264559,17.6721264559,-1.247288810542367
131535.0,25.29738606995,25.29738606995,-1.401829617316472
13165.0,30.0667419044,30.0667419044,-1.4780863695836386
13166.0,10.428869252,10.428869252,-1.0182372226893923
131746.0,8.596237930000001,8.596237930000001,-0.8896242059225831
1318.0,19.90974158805,19.90974158805,-1.296503515359773
13192.0,6.7553955039,6.7553955039,-0.8296507804688014
13195.0,17.9176919199,17.9176919199,-1.253282064979566
13203.0,4.37328333,4.37328333,-0.6331357873513381
13205.0,32.2028035791,32.2028035791,-1.492362988290388
13214.0,45.5680640743,45.5680640743,-1.6586605782926045
13218777.0,25.693983788,25.693983788,-1.4098314457615513
13218779.0,12.332209642,12.332209642,-1.086468944832986
13220.0,14.337377239950001,14.337377239950001,-1.1409158907519013
13223.0,13.4408062939,13.4408062939,-1.0661212695369702
13232.0,29.082937976,29.082937976,-1.463638277094639
13233.0,13.5,13.5,-1.130333768495006
13240377.0,16.8074830039,16.8074830039,-1.2255026807587603
13246.0,29.6508283127,29.6508283127,-1.4720368301323286
132519.0,6.2708112319,6.2708112319,-0.7973237275528814
13254.0,23.7835502072,23.7835502072,-1.3664130614114247
13263.0,18.167436408,18.167436408,-1.2592936486944966
13266.0,24.195869352,24.195869352,-1.3837412308254495
13271.0,31.99391419045,31.99391419045,-1.5042490756703937
13282.0,10.822572317999999,10.822572317999999,-1.0343050881664375
13283.0,12.90690394195,12.90690394195,-1.1055383515715418
13286.0,12.763233632,12.763233632,-1.1059607191045444
132932.0,9.4466509599,9.4466509599,-0.9752778690992143
133264.0,22.854971761999998,22.854971761999998,-1.3548769594927152
13345.0,13.7191807599,13.7191807599,-1.1373281782746976
13360.0,12.25190012405,12.25190012405,-1.0845667841338344
133621.0,11.330369630500002,11.330369630500002,-1.0061575413285486
13363.0,21.0766696319,21.0766696319,-1.3238019881935583
13379149.0,9.5758929039,9.5758929039,-0.9811792803071521
13381.0,12.391488016,12.391488016,-1.055086798658445
13382.0,18.11382474,18.11382474,-1.2580101614182728
13387.0,26.3530915259,26.3530915259,-1.4094710004964521
133914.0,6.7717071079,6.7717071079,-0.8306981655955418
13398.0,10.559027215999999,10.559027215999999,-0.955184855027271
13400.0,9.6675207899,9.6675207899,-0.9818294512716057
134018.0,32.2393655661,32.2393655661,-1.5068678310471748
13404.0,14.0163446359,14.0163446359,-1.1466347674505413
13428.0,32.7784505827,32.7784505827,-1.5148482419088591
13432.0,18.5812260839,18.5812260839,-1.2690743675641791
13436.0,23.0535557559,23.0535557559,-1.3627379200106506
134601.0,15.376906024,15.376906024,-1.1868689601808224
13493.0,10.86044154,10.86044154,-1.0358474822037895
134976.0,22.7421443439,22.7421443439,-1.333560281589845
1349907.0,26.887293696,26.887293696,-1.429547091102352
135.0,18.491763556000002,18.491763556000002,-1.266863746527497
13501022.0,16.125997448,16.125997448,-1.2075265867345977
13514.0,24.081518009899998,24.081518009899998,-1.248259921007284
13521.0,12.820556512,12.820556512,-1.107906877354797
13522.0,13.60889822795,13.60889822795,-1.1279300995881525
135242.0,9.7255538679,9.7255538679,-0.9879143436659352
13530.0,48.1414011071,48.1414011071,-1.6825187258274037
13539.0,15.289616568,15.289616568,-1.1843965943403916
13542.0,11.1678403279,11.1678403279,-1.0398129039546031
1355.0,11.5,11.5,-1.0606978403536116
13551.0,9.7010022,9.7010022,-0.9868166030751511
13578.0,19.491775836000002,19.491775836000002,-1.2640804870881102
13583.0,11.516228021949999,11.516228021949999,-1.06087479705685
13586.0,210.11592606595002,210.11592606595002,-2.3192312150682515
1359.0,8.405042804,8.405042804,-0.9245399294939513
13591.0,33.9986682359,33.9986682359,-1.5314619055973282
13594.0,10.088791528,10.088791528,-1.0038391479858637
13602.0,11.0,11.0,-1.0413926851582251
13610.0,15.99930846,15.99930846,-1.2041012114998895
13613.0,8.7818244319,8.7818244319,-0.9435847503475983
13617.0,12.3919627239,12.3919627239,-1.0931400983575985
13618.0,29.67495214895,29.67495214895,-1.4720150878559521
13619.0,25.248605372,25.248605372,-1.402237394495393
13622.0,50.9629151072,50.9629151072,-1.7072542619246653
13624.0,21.291980656,21.291980656,-1.3282160629395547
13636.0,38.627786371,38.627786371,-1.586899820896425
13638937.0,8.06609173395,8.06609173395,-0.8645006042468746
13662.0,25.826194041,25.826194041,-1.412060409704908
13671.0,9.4611780999,9.4611780999,-0.9759452178425636
13676.0,21.352564185,21.352564185,-1.3186672751401471
13689.0,6.2783084079,6.2783084079,-0.7978426456359802
13690.0,16.1897727199,16.1897727199,-1.209240751953737
13708.0,14.991973198,14.991973198,-1.1758480852095317
13709.0,9.44404394995,9.44404394995,-0.9749549878631727
13728.0,27.9458173521,27.9458173521,-1.446316816271326
13745.0,5.4731980559,5.4731980559,-0.7382411640255996
13754.0,11.7410892019,11.7410892019,-1.064815540583552
13755.0,24.1036566481,24.1036566481,-1.3820829322689525
137601.0,8.2466791999,8.2466791999,-0.9162791006110232
13764.0,31.243936196,31.243936196,-1.4947657422512373
13765.0,15.7080134639,15.7080134639,-1.1961212648478694
13769.0,14.51748252,14.51748252,-1.1618913117866696
137829.0,9.48344701205,9.48344701205,-0.9456998446835766
13783.0,44.2545005824,44.2545005824,-1.6459574440442446
13789.0,26.2956436587,26.2956436587,-1.4195946236727552
137895.0,17.1775988948,17.1775988948,-1.1698739102485938
13816.0,18.0,18.0,-1.255272505103306
13831.0,16.187257598,16.187257598,-1.1788128508689972
13836.0,8.4524288999,8.4524288999,-0.9269815262569767
13838.0,8.707397992,8.707397992,-0.9397086332096829
138477.0,15.115937184,15.115937184,-1.0739393747457724
13848.0,9.404123629899999,9.404123629899999,-0.9334666687236428
13849.0,40.6171468954,40.6171468954,-1.4478783134721813
13878.0,14.621269684,14.621269684,-1.1649850875884806
13888.0,11.9876242265,11.9876242265,-0.9969746446804242
13916.0,27.8434765919,27.8434765919,-1.4447234611975663
13930.0,14.148725176,14.148725176,-1.150717310957821
13931.0,27.5146490132,27.5146490132,-1.4106555980568638
13953.0,7.61197414405,7.61197414405,-0.8791065322809237
13961743.0,36.52637531045,36.52637531045,-1.5612086013585085
14007922.0,15.78670864795,15.78670864795,-1.1982025789754855
14010333.0,17.13553096,17.13553096,-1.2338975659835985
14012.0,18.39515865395,18.39515865395,-1.2642444259280525
14025.0,11.609794668,11.609794668,-1.0251934624475707
14051.0,6.9288670119,6.9288670119,-0.8406622258517739
14075.0,3.179022264,3.179022264,-0.5022935694682445
14079.0,15.1973949799,15.1973949799,-1.1817691509176396
14090.0,4.392564924,4.392564924,-0.6427181892741206
14106.0,18.792271713650003,18.792271713650003,-1.2738407149134756
14127.0,5.276245776,5.276245776,-0.7223250174798063
14130.0,14.48150116,14.48150116,-1.1608135833882538
14138.0,26.579701606,26.579701606,-1.4242753152268635
14145.0,17.453435732,17.453435732,-1.2418809311563113
14184.0,20.63693972795,20.63693972795,-1.3070641293478151
14205677.0,10.311688918,10.311688918,-0.995545122859816
14210.0,18.6887870359,18.6887870359,-1.2715811151450167
14215.0,15.46908398995,15.46908398995,-1.183949725404407
14218.0,20.0205709799,20.0205709799,-1.3014764592513794
14219.0,23.6946160439,23.6946160439,-1.3746496756280955
14220.0,21.1885277125,21.1885277125,-1.32477194590475
14223.0,5.02348785595,5.02348785595,-0.6629672033966839
14228.0,5.259780556,5.259780556,-0.7209676252742067
14231.0,37.08323279545,37.08323279545,-1.5645972557978522
14233.0,11.93738583595,11.93738583595,-1.0755973294895191
14235.0,8.138137982,8.138137982,-0.8845585462833325
14236.0,16.141330068,16.141330068,-1.2079393183286218
14240.0,5.9641488119,5.9641488119,-0.7755484710285648
14242.0,13.333914497950001,13.333914497950001,-1.0564755257131586
142482.0,4.8521422979499995,4.8521422979499995,-0.6854320569269641
14249.0,10.6038608959,10.6038608959,-1.025464021914763
14250.0,12.11288500595,12.11288500595,-1.0647936667362996
14257.0,17.2914211601,17.2914211601,-1.2378306888566357
14257662.0,5.519866156,5.519866156,-0.7419285472191697
14260.0,5.896865016,5.896865016,-0.7706211865403465
14264.0,24.5180116759,24.5180116759,-1.3894852475267176
142752.0,6.022103878,6.022103878,-0.7796537417957445
14276.0,5.4948039039,5.4948039039,-0.7399521981291596
142766.0,25.8235490519,25.8235490519,-1.412015929167231
14284.0,6.648271186,6.648271186,-0.6749672728229339
14286.0,16.1145755139,16.1145755139,-1.2070751969207578
142891.0,9.35843308995,9.35843308995,-0.9202598255124685
14295.0,5.3831792959,5.3831792959,-0.7310388449695489
14296.0,10.961279474000001,10.961279474000001,-1.0337304590255902
14300.0,16.09864558,16.09864558,-1.206789339269391
14306122.0,31.3315289559,31.3315289559,-1.4959815886547152
14310.0,14.20696080395,14.20696080395,-1.1500882704013367
14337.0,9.1899991319,9.1899991319,-0.9633154703620571
14347.0,26.46699000105,26.46699000105,-1.4201944629847558
14357.0,8.713961716,8.713961716,-0.9402156475705328
14369.0,15.408480532,15.408480532,-1.1877598139874805
14385.0,22.79224162,22.79224162,-1.3577870402010814
14425.0,9.331416548,9.331416548,-0.9699475764670252
14456.0,11.0961320479,11.0961320479,-1.045171616354079
14465.0,11.373775034,11.373775034,-0.93434620758754
14489.0,11.223128695949999,11.223128695949999,-1.0301839424344819
14493.0,5.8190159879,5.8190159879,-0.7648495504306008
14500.0,16.88733327395,16.88733327395,-1.22704565072655
14503.0,18.270636596,18.270636596,-1.261753679553604
14511.0,17.62884589595,17.62884589595,-1.2450964110889629
14520.0,12.00321905995,12.00321905995,-1.079278427271917
14525.0,8.727769166,8.727769166,-0.9244464071057541
14529.0,9.504288392,9.504288392,-0.9779196057888436
14552708.0,5.8816126959,5.8816126959,-0.7694964228280646
14569.0,9.74142461995,9.74142461995,-0.9320971632709117
145815.0,31.25695626,31.25695626,-1.4949466850124946
14586.0,127.7112411204,127.7112411204,-2.1062291254677956
14589.0,39.39695682825,39.39695682825,-1.5827275021481502
14642.0,13.1129158119,13.1129158119,-1.1176992729423554
146540.0,14.13530694,14.13530694,-1.1503052433809662
146571.0,7.39350452,7.39350452,-0.8688503427153027
14668.0,13.21545881515,13.21545881515,-1.0901881130658355
14676.0,35.7163607612,35.7163607612,-1.5528672010046594
14708.0,32.8134339719,32.8134339719,-1.5160516822912065
14709.0,10.454683676,10.454683676,-1.004170159872531
14710.0,38.40469462715,38.40469462715,-1.5835435925474317
14716.0,10.408507124,10.408507124,-1.0173884437946377
14720269.0,19.5492782639,19.5492782639,-1.2911307283921631
1474.0,13.257990258,13.257990258,-1.1029007708915142
14743.0,29.739585796949996,29.739585796949996,-1.4701756151634078
14759.0,83.94755821055,83.94755821055,-1.8887250130579283
14776.0,12.386527338,12.386527338,-0.9518900133292996
14782.0,17.1561376599,17.1561376599,-1.2344195223359264
147912.0,13.9969726319,13.9969726319,-1.1460341134329346
1480.0,16.771183455950002,16.771183455950002,-1.218051149293758
14802.0,6.0300818799,6.0300818799,-0.7803232092790104
148121.0,8.7949892399,8.7949892399,-0.94423531246262
148124.0,11.54526284995,11.54526284995,-0.9869143170078223
148192.0,17.111116824,17.111116824,-1.233278356395069
1483.0,51.6808588376,51.6808588376,-1.7133297221954513
14855.0,38.4133579435,38.4133579435,-1.5842529006839914
1486.0,27.4674393921,27.4674393921,-1.4388181749023754
148673.0,17.82304123,17.82304123,-1.2509321304818082
14868.0,28.4442632761,28.4442632761,-1.4539946897554712
14869.0,17.794216228,17.794216228,-1.2502788636323066
14871.0,76.7054229926,76.7054229926,-1.8848260691967698
1488.0,16.89772419995,16.89772419995,-1.1708530890125741
1489.0,29.523913012,29.523913012,-1.4701712060400833
14896.0,6.5985454479,6.5985454479,-0.8194482122736159
14899.0,12.40402194,12.40402194,-1.0935625257378545
1491.0,9.986865787900001,9.986865787900001,-0.9980016618100849
1493.0,44.960325992,44.960325992,-1.652829451493689
14982.0,18.732978046,18.732978046,-1.2693458724345899
14985.0,8.67813131795,8.67813131795,-0.9313181101480956
14994.0,26.1108328599,26.1108328599,-1.4168207247792834
15004.0,15.2509327879,15.2509327879,-1.1832964071089596
15008.0,18.37652215795,18.37652215795,-1.2639057152085456
15008962.0,14.5564605099,14.5564605099,-1.163055786522939
15032.0,6.2374754439,6.2374754439,-0.7950088488759803
15037.0,18.01433141195,18.01433141195,-1.2387801539659686
15046.0,14.6453531105,14.6453531105,-1.1656998473110896
15069.0,7.348383036,7.348383036,-0.8661917859143328
15074.0,18.74351147,18.74351147,-1.2447005963729718
150762.0,24.36834709195,24.36834709195,-1.3831320372115332
15088.0,15.0661213799,15.0661213799,-1.1780014619953074
15098.0,22.464155657950002,22.464155657950002,-1.3489684943096771
15103.0,14.87412326195,14.87412326195,-1.1237154899018535
15106.0,19.05346869795,19.05346869795,-1.2701343889643795
15109.0,30.0788401999,30.0788401999,-1.4782610864244479
151166.0,15.1155279479,15.1155279479,-1.1794233206078142
151170.0,9.072483212,9.072483212,-0.9577261732415654
151173.0,28.696889538,28.696889538,-1.4528522827587316
151194.0,19.56369928795,19.56369928795,-1.1891722154334328
15122.0,7.633216656,7.633216656,-0.8827075892740287
151318.0,8.9185249019,8.9185249019,-0.9455752729279682
15132.0,19.909138204,19.909138204,-1.299052461366049
15133.0,7.826209032,7.826209032,-0.8935514433898312
15139.0,15.67817560195,15.67817560195,-1.186691268825626
15144.0,28.731885657200003,28.731885657200003,-1.4111659667871903
15158.0,13.5413672599,13.5413672599,-1.1316625168935486
15165.0,20.635947072,20.635947072,-1.314624405304788
151932.0,18.534402712,18.534402712,-1.267978595056052
15206.0,9.850391332000001,9.850391332000001,-0.9906909127824151
15209.0,10.608331945949999,10.608331945949999,-1.025512652090829
15232.0,8.002855324,8.002855324,-0.9032449657685805
15250.0,6.5361415399,6.5361415399,-0.8153214482569124
15260.0,12.319968412,12.319968412,-1.0906095943128482
15277.0,23.140552487950004,23.140552487950004,-1.3637282063638487
15278.0,29.971251600000002,29.971251600000002,-1.4766808310652697
15284.0,13.427205854,13.427205854,-1.1099785879169441
15286.0,6.59100029595,6.59100029595,-0.8184399029608109
15287.0,9.6228684119,9.6228684119,-0.9833045470664373
15294.0,15.624769749350001,15.624769749350001,-1.1937979040775177
152943.0,6.7270328799,6.7270328799,-0.8278235504008397
15295.0,22.28419077195,22.28419077195,-1.3382721932558794
1533.0,13.5525852719,13.5525852719,-1.132022148511136
15331.0,12.8072480019,12.8072480019,-1.1072356615760723
15348.0,19.1972822759,19.1972822759,-1.2832397507805313
15359.0,8.19161188395,8.19161188395,-0.8406793649071744
153751.0,33.226202202,33.226202202,-1.516165148751256
15376.0,8.053679072,8.053679072,-0.9059943195802721
15387.0,6.53320041195,6.53320041195,-0.8101235741640218
1539.0,27.291659332,27.291659332,-1.436029941563022
153909.0,7.71229448,7.71229448,-0.8871836039597842
153939.0,12.5907619859,12.5907619859,-1.0880797094069925
15394.0,16.44597600795,16.44597600795,-1.2110138545761955
153941.0,5.931664392,5.931664392,-0.7731765710775717
153974.0,29.60367508195,29.60367508195,-1.46096402795986
154058.0,20.8296143319,20.8296143319,-1.3186812288974208
15406.0,11.2713776639,11.2713776639,-1.0519770016950276
15407.0,54.0995392376,54.0995392376,-1.7331935662633173
15413.0,16.7450427399,16.7450427399,-1.223886260366721
15415.0,5.1981008959,5.1981008959,-0.7158447049663311
15424.0,10.930419988,10.930419988,-1.0386368495038292
154256.0,28.74574841995,28.74574841995,-1.4574690287094456
15427.0,21.301594068,21.301594068,-1.3284121043322674
15432.0,14.9680684219,14.9680684219,-1.1581884189755103
15436.0,12.883513357150001,12.883513357150001,-1.1095749680893263
15439.0,44.67813859185,44.67813859185,-1.6494366582170703
15458.0,32.81059774245,32.81059774245,-1.4822811422155966
15459.0,5.247827052,5.247827052,-0.7199795139438776
15461361.0,16.1361569437,16.1361569437,-1.2044905516266162
1547484.0,8.97170634395,8.97170634395,-0.9455595083054822
1548887.0,23.587474413899997,23.587474413899997,-1.368037810458993
1548943.0,22.644532419,22.644532419,-1.3549633574789153
1549008.0,20.1803860241,20.1803860241,-1.304929469459517
1549018.0,27.915855988,27.915855988,-1.445850949226226
1549025.0,3.0415007679,3.0415007679,-0.4830879304470403
1549026.0,8.37265253795,8.37265253795,-0.919555199902645
154914.0,21.7591065839,21.7591065839,-1.3376410595165924
154915.0,14.129596536000001,14.129596536000001,-1.0694705144471353
1549158.0,6.7167586079,6.7167586079,-0.8271597405659536
1549517.0,9.18437904695,9.18437904695,-0.9616337450258496
1549520.0,86.3600099248,86.3600099248,-1.936312683572865
1549521.0,6.2016066199,6.2016066199,-0.7925042146221954
1549992.0,24.7647680159,24.7647680159,-1.393834264081592
1550489.0,24.427454538,24.427454538,-1.3859309388870682
1550823.0,17.164552316,17.164552316,-1.2346324806877043
15510.0,13.5946640959,13.5946640959,-1.0584394365900291
15512.0,20.5372486719,20.5372486719,-1.3125422617224924
1551245.0,6.5374165999,6.5374165999,-0.815406161464737
15513.0,10.058866048,10.058866048,-1.0025490247702353
155143.0,12.559609772,12.559609772,-1.0989761460492793
155166.0,22.8728930081,22.8728930081,-1.3593210984936535
155290.0,25.604468588,25.604468588,-1.408315766630318
15530.0,31.6607062279,31.6607062279,-1.5005205980645286
15531.0,47.4833111483,47.4833111483,-1.676540995945904
15533.0,47.2322708379,47.2322708379,-1.6742388261327297
15538.0,9.160686550000001,9.160686550000001,-0.9479148373491082
155434.0,8.9498822079,8.9498822079,-0.9518173194728189
15546.0,10.839780061899999,10.839780061899999,-1.0154182025468117
15553.0,17.55894745605,17.55894745605,-1.2442818290483486
15558682.0,12.479463344,12.479463344,-1.0961959097253549
15559221.0,13.395025752,13.395025752,-1.1269435528782141
15560.0,28.4850768155,28.4850768155,-1.4546173949530565
15575641.0,11.414463104,11.414463104,-1.0574554886292467
15580.0,7.382794528,7.382794528,-0.8682207816559016
15583.0,21.199653248,21.199653248,-1.3263287574517815
15595.0,23.028571432,23.028571432,-1.3622669975194743
15600.0,7.6317097019,7.6317097019,-0.8760651065319116
15605556.0,15.863095816,15.863095816,-1.20038794745841
15612.0,23.3330175359,23.3330175359,-1.3679709074369886
15615.0,8.9091628399,8.9091628399,-0.9498368969557079
15624.0,29.72233702,29.72233702,-1.3860117222882782
15625.0,11.76726578645,11.76726578645,-1.0021574446403343
15627.0,8.435422368,8.435422368,-0.9261068329238831
15629.0,9.3794565041,9.3794565041,-0.972177673761921
15630.0,23.75973842,23.75973842,-1.3758416550222905
156328.0,28.29184511595,28.29184511595,-1.4512259854810354
156391.0,13.02822607,13.02822607,-1.1120645037072516
156395.0,9.546511624,9.546511624,-0.979844705698135
156422.0,13.1065481439,13.1065481439,-1.1174883271248495
15659.0,15.12486395405,15.12486395405,-1.1775179727872154
15660.0,28.681406728,28.681406728,-1.4576004482239893
15666.0,11.8382690879,11.8382690879,-1.0732882074099466
15684.0,17.184028664,17.184028664,-1.2351249884495503
15723.0,13.4652054699,13.4652054699,-1.1223040275893057
15730.0,22.70672261795,22.70672261795,-1.3561368550864352
157313.0,21.6437532614,21.6437532614,-1.334391439967145
157355.0,10.24398278,10.24398278,-1.0083735117019008
15752.0,22.952915176,22.952915176,-1.360837851722911
15763.0,15.977109604,15.977109604,-1.2034982144916024
15765.0,26.8726772,26.8726772,-1.4293109353303834
15766.0,11.140295988,11.140295988,-1.0468967298186274
15767.0,16.492007532000002,16.492007532000002,-1.0107915499406501
157672.0,12.2189908,12.2189908,-1.0870353378140292
157690.0,12.030121026,12.030121026,-1.0769546707264044
15787.0,18.9181091439,18.9181091439,-1.2768777267059626
157882.0,13.664252548,13.664252548,-1.1355858802176781
157917.0,23.752251324,23.752251324,-1.3757047799083366
157920.0,16.803254447,16.803254447,-1.2253934038385228
157921.0,7.172582178000001,7.172582178000001,-0.8551405605356261
15797.0,28.6151722199,28.6151722199,-1.4565963640458117
15816.0,8.748368888,8.748368888,-0.9419270874251708
15817.0,13.7740071759,13.7740071759,-1.1240798037808746
1584822.0,34.27474999905,34.27474999905,-1.5170928712912035
158629.0,15.89910300995,15.89910300995,-1.1979106695636896
158793.0,31.7654902,31.7654902,-1.5019555616864662
15895902.0,5.071237696,5.071237696,-0.705113967014421
159055.0,11.37459167795,11.37459167795,-1.003964722168859
15906.0,8.80828198,8.80828198,-0.9448912092786124
15909.0,21.271297444,21.271297444,-1.3277939805273131
15910.0,23.188753131200002,23.188753131200002,-1.3652005942766916
15927.0,40.9818921846,40.9818921846,-1.6125920064409514
159278.0,5.799448992,5.799448992,-0.7633867330281947
15932798.0,13.352402909999999,13.352402909999999,-1.122788570206512
15965.0,18.27514639675,18.27514639675,-1.2538465824419511
159678.0,15.7773441879,15.7773441879,-1.198033899911977
15969.0,18.9584126161,18.9584126161,-1.277801971138706
159747.0,14.1769111,14.1769111,-1.1515816160121861
15981450.0,27.435671335949998,27.435671335949998,-1.4188309767285068
15984075.0,7.940006424,7.940006424,-0.8998208538007264
159924.0,6.65588906395,6.65588906395,-0.7865805399773884
159977.0,13.74317421195,13.74317421195,-1.0676680978799549
15998.0,9.73306533005,9.73306533005,-0.9822758856547325
16002.0,15.31371353595,15.31371353595,-1.1850522645640764
160024.0,10.42759594,10.42759594,-1.0181841943002632
16003.0,20.41831664,20.41831664,-1.310019934416199
16004.0,19.924868952,19.924868952,-1.2993954736761586
16004722.0,10.272923312,10.272923312,-1.011694046091409
160157.0,11.0390656319,11.0390656319,-1.0429323154146584
160243.0,15.481207468,15.481207468,-1.1898048307808915
16036578.0,37.573880136,37.573880136,-1.5484490228235128
16043.0,27.9885170359,27.9885170359,-1.4459193099414265
16051918.0,17.058674754000002,17.058674754000002,-1.2241883923591343
16051930.0,7.42435379595,7.42435379595,-0.8419363259180885
16051931.0,3.726467324,3.726467324,-0.5712973174168777
16051933.0,46.955679226,46.955679226,-1.6716881271101165
16051941.0,7.153495968,7.153495968,-0.8545183367036611
16051942.0,9.12819610395,9.12819610395,-0.9569532195049417
16051947.0,9.697846516,9.697846516,-0.9866753064260578
16051951.0,28.5924907359,28.5924907359,-1.4562519890670145
16051969.0,42.3147148149,42.3147148149,-1.6263148142604886
16051987.0,18.433227654,18.433227654,-1.2387540111644055
16052011.0,14.34094370795,14.34094370795,-1.0857738385823767
16052015.0,18.1359061199,18.1359061199,-1.2585392590089044
16052038.0,19.31472424,19.31472424,-1.2858885120199925
16069365.0,13.548912535900001,13.548912535900001,-1.10244415008002
16078.0,34.8237771197,34.8237771197,-1.5418758745722063
160796.0,19.94820024195,19.94820024195,-1.2316540613187401
16096.0,24.620436895900003,24.620436895900003,-1.2628464177218945
16097.0,16.8238865429,16.8238865429,-1.2259263308885233
161104.0,21.4419320319,21.4419320319,-1.3312639150221097
16114800.0,11.73358433995,11.73358433995,-1.0607825894158103
16115.0,16.515937746,16.515937746,-1.2155047329456719
16116.0,10.4223195859,10.4223195859,-1.010218253757691
16124.0,5.1410339359,5.1410339359,-0.7110504706488789
16125.0,5.6729376439,5.6729376439,-0.7520799483056346
16129666.0,24.0390351639,24.0390351639,-1.3809170327398925
16129710.0,7.3671753559,7.3671753559,-0.867301007196188
16129778.0,6.5086295399,6.5086295399,-0.8134895529436551
16135.0,12.769070064000001,12.769070064000001,-1.1029851157366908
16143.0,24.429658186,24.429658186,-1.3835400424396722
16158.0,13.814172608,13.814172608,-1.140324878210855
16161315.0,40.540803384,40.540803384,-1.6078923507156715
16180.0,19.881965942,19.881965942,-1.2984593255114407
161803.0,17.09516442995,17.09516442995,-1.2213579336365274
16181.0,13.9011222799,13.9011222799,-1.1430498635844943
16183.0,12.952738056000001,12.952738056000001,-1.0904554075346937
161929.0,28.8988923199,28.8988923199,-1.4383596821259281
162012.0,25.055127546,25.055127546,-1.3204784003069157
16204922.0,24.488247264,24.488247264,-1.3889184300220063
162071.0,9.8197128561,9.8197128561,-0.9920987885166289
16210995.0,12.9520735519,12.9520735519,-1.1123393020125814
16211009.0,16.77469271145,16.77469271145,-1.2040553290265348
16211101.0,9.8915894839,9.8915894839,-0.9952660841776888
16211115.0,8.769514883949999,8.769514883949999,-0.9428742000097037
16211135.0,19.4239599641,19.4239599641,-1.288337774245433
16211197.0,46.77307908015,46.77307908015,-1.6586216551638309
16211409.0,8.9683122841,8.9683122841,-0.9527107223456289
16211417.0,26.310299586,26.310299586,-1.4151710990786301
16211610.0,22.4915929217,22.4915929217,-1.3206661131192208
16211849.0,15.626145852,15.626145852,-1.1938518736292056
16212198.0,4.29219772,4.29219772,-0.6326797195211179
16212317.0,19.952659704,19.952659704,-1.3000007956508266
16212360.0,20.41431656205,20.41431656205,-1.3042518427150456
16212480.0,14.831316826,14.831316826,-1.169790783309102
16212515.0,11.41356227195,11.41356227195,-1.030641363037428
16212746.0,23.53847021795,23.53847021795,-1.3553298223764148
16213711.0,9.70041389195,9.70041389195,-0.9497514141104855
16217215.0,8.932957388,8.932957388,-0.9509952623218844
16218600.0,24.649222704,24.649222704,-1.391803228656407
16218739.0,14.4587314539,14.4587314539,-1.1601301915243256
16218793.0,11.2334683399,11.2334683399,-1.0505138656402155
16219127.0,10.3567137959,10.3567137959,-1.0152219748390843
16219349.0,8.49396872,8.49396872,-0.9291106573190817
16219385.0,8.250106539899999,8.250106539899999,-0.8965225752748133
16219444.0,20.763008684,20.763008684,-1.2727624638540225
16219744.0,24.1115843159,24.1115843159,-1.3822257477912683
16220111.0,8.946321592,8.946321592,-0.951644505631935
16220118.0,25.281800044,25.281800044,-1.402807992131936
16221.0,11.400611132,11.400611132,-1.0453583267626954
162268.0,19.854468188,19.854468188,-1.2978582587577354
16230.0,9.711760652,9.711760652,-0.9872979706013898
16231.0,55.97156149,55.97156149,-1.747967422987327
16237.0,15.4841777639,15.4841777639,-1.1898881485315531
162381.0,16.674396305949998,16.674396305949998,-1.2158970741721546
16241.0,13.219801399949999,13.219801399949999,-1.060191837255278
162461.0,9.1869972639,9.1869972639,-0.9631735870323422
16247.0,16.83875730795,16.83875730795,-1.2263086360660191
16258.0,36.8089796759,36.8089796759,-1.565953779216081
16278.0,17.07069875,17.07069875,-1.215148173985947
162834.0,12.9500941999,12.9500941999,-1.1122729275175003
162839.0,12.70049298195,12.70049298195,-1.0793196108674146
16303.0,12.39473864995,12.39473864995,-1.012567925881785
16305.0,10.3658110401,10.3658110401,-1.0156032877574341
16306.0,12.355911284,12.355911284,-1.0918747813866503
16315.0,18.9347834255,18.9347834255,-1.2184040933667095
16316.0,15.1447120279,15.1447120279,-1.1802610197697
163263.0,6.864560099949999,6.864560099949999,-0.818743001795929
16329.0,14.088028352,14.088028352,-1.1476991625634407
16331.0,18.035846244,18.035846244,-1.256136524279965
16351.0,31.2033349319,31.2033349319,-1.494201012772333
16362.0,24.365537164,24.365537164,-1.3867759903033805
16363.0,6.4397099959,6.4397099959,-0.8088663099038724
163701.0,28.4019151719,28.4019151719,-1.453347625981706
163727.0,12.804776138000001,12.804776138000001,-1.1047454330351778
163751.0,41.838943336,41.838943336,-1.6215807076675521
1639.0,10.751983206,10.751983206,-1.0218458472745013
163934.0,19.1496968019,19.1496968019,-1.2788034868558302
16402.0,18.02926152,18.02926152,-1.255977938349844
164072.0,13.519968532,13.519968532,-1.1309756807776097
16420.0,13.1855155001,13.1855155001,-1.1200971136116236
16421.0,18.4774075439,18.4774075439,-1.266641037860356
16422.0,54.381896097449996,54.381896097449996,-1.7353454704270828
164282.0,8.480523496,8.480523496,-0.9284226617386527
164333.0,23.0837708159,23.0837708159,-1.363306753823938
164457.0,7.3043887839499995,7.3043887839499995,-0.8618787554626035
164486.0,13.4742468719,13.4742468719,-1.1295045001282609
16449.0,23.883772756,23.883772756,-1.378102930401019
164512.0,25.664060452,25.664060452,-1.4093253695910979
16463.0,29.855545068,29.855545068,-1.475025004436364
164652.0,22.903869290899998,22.903869290899998,-1.152127622410045
164739.0,8.602999968,8.602999968,-0.934649921285295
164877.0,18.6333882279,18.6333882279,-1.270291832614289
165286.0,16.885024436,16.885024436,-1.22750169348267
16533.0,27.393042768,27.393042768,-1.437640275552862
16541.0,7.6623853521,7.6623853521,-0.8843639894745529
165457.0,44.24843002395,44.24843002395,-1.6386154670075734
16551.0,19.09981600995,19.09981600995,-1.2684858043347331
16560.0,15.2074116359,15.2074116359,-1.1820553016332334
16562.0,19.862153821950002,19.862153821950002,-1.2979152712967288
16564.0,16.26339121945,16.26339121945,-1.190337428653613
165675.0,16.18764088,16.18764088,-1.2091835610787864
16574.0,10.951926578,10.951926578,-1.0314148617381775
165746.0,17.401338892,17.401338892,-1.2405826650088674
16584.0,35.328113568,35.328113568,-1.5481204478259836
16590.0,20.2888168459,20.2888168459,-1.2765656030871857
16591.0,11.9518119,11.9518119,-1.0774337495119128
166033.0,17.666369168,17.666369168,-1.2471473014971357
16637.0,7.80271260595,7.80271260595,-0.8381806432697645
16640.0,29.7043162975,29.7043162975,-1.4075906203020039
16653.0,20.009562192,20.009562192,-1.301237586403397
16654936.0,13.87943302,13.87943302,-1.1423717253901111
166589.0,16.1903078319,16.1903078319,-1.2092551062224641
16659.0,25.516214628,25.516214628,-1.4063390222691905
16666.0,12.822942524,12.822942524,-1.1079876956430417
16666638.0,9.250851336,9.250851336,-0.9661817017675483
16667700.0,22.86098663,22.86098663,-1.3439785547692096
16667738.0,14.185364952,14.185364952,-1.1518405135263647
16678.0,8.750197568,8.750197568,-0.9278704659264578
16678045.0,3.807102288,3.807102288,-0.5805945454556035
16682734.0,9.56807665995,9.56807665995,-0.9610713009428282
16682738.0,14.3911356319,14.3911356319,-1.1580950662929297
16682839.0,13.846027828699999,13.846027828699999,-1.067401658447952
16682987.0,12.1685535,12.1685535,-1.080923142847709
16682993.0,15.1229747119,15.1229747119,-1.1796372259466466
16682999.0,18.44098336395,18.44098336395,-1.2515620822293132
16683.0,17.63123549595,17.63123549595,-1.2294910972275532
16683083.0,9.18921395995,9.18921395995,-0.9017150230663995
16683978.0,17.4141057479,17.4141057479,-1.2409011774032657
16684434.0,13.510395277899999,13.510395277899999,-1.1244109294028806
16684880.0,12.178255469949999,12.178255469949999,-1.0029683548705315
16685.0,23.538563974000002,23.538563974000002,-1.339302079693352
16698.0,9.4276057561,9.4276057561,-0.9744014128923537
16700.0,11.3274158199,11.3274158199,-1.0541308433880798
16700308.0,9.65909449005,9.65909449005,-0.9717163337677581
167180.0,7.6360290599,7.6360290599,-0.8475449838396452
16719.0,49.931626074,49.931626074,-1.6983757095252934
16719897.0,3.7941120039,3.7941120039,-0.5791101473111407
1672.0,8.222535612,8.222535612,-0.9150057630986385
16720.0,17.5563342779,17.5563342779,-1.244390538814372
16724.0,18.573073586,18.573073586,-1.2664876897198558
16726.0,35.306930356,35.306930356,-1.5478599609105572
16726630.0,9.523358752,9.523358752,-0.9787901448340927
1674.0,33.12311601395,33.12311601395,-1.516877960498535
16741.0,7.9774527239,7.9774527239,-0.9018642391507008
16749605.0,9.65899391205,9.65899391205,-0.9829633870665455
16759173.0,13.1565884479,13.1565884479,-1.1191432897088103
16760141.0,21.35568670595,21.35568670595,-1.314545775326724
16760153.0,6.6850294959,6.6850294959,-0.825103327810172
16760189.0,11.991849714,11.991849714,-1.0773091858018833
16760467.0,29.032269612,29.032269612,-1.4628809883442004
16760569.0,19.499373886,19.499373886,-1.2883990384904935
16760703.0,6.544690912,6.544690912,-0.8158891408206852
16773.0,8.114340352,8.114340352,-0.9092532200179857
1678.0,16.94479789195,16.94479789195,-1.202334012639367
167980.0,14.8115577639,14.8115577639,-1.1706007366230757
168088.0,16.308567012,16.308567012,-1.2124158024797722
16821.0,22.7465905507,22.7465905507,-1.1625153601088785
16834.0,13.020478312,13.020478312,-1.114626938490752
16837.0,16.926900632,16.926900632,-1.221811085798448
16846.0,12.269824904,12.269824904,-1.0887004867834777
16850.0,252.4885318031,252.4885318031,-2.402241656958681
16854.0,17.98096986,17.98096986,-1.254813113063868
1687.0,17.167700456,17.167700456,-1.2347121270682182
16872.0,15.386982264,15.386982264,-1.1871534531906691
16887.0,7.682115652,7.682115652,-0.885480841054534
168870.0,23.30955350205,23.30955350205,-1.3573561841884179
168884.0,5.28106088,5.28106088,-0.722721174058398
16891.0,10.418285099999999,10.418285099999999,-1.0121686309749158
16907.0,38.34840000795,38.34840000795,-1.5832267174076446
169132.0,15.5484495759,15.5484495759,-1.180627259713222
16932.0,24.084310538,24.084310538,-1.3793141392101036
169371.0,29.0552982747,29.0552982747,-1.4630799749052952
16945.0,15.1889062859,15.1889062859,-1.1792843462052587
16949.0,13.9219947319,13.9219947319,-1.1437014650872324
169664.0,14.331212151949998,14.331212151949998,-1.1401885444300497
169743.0,12.89007388,12.89007388,-1.0972580750161427
16976.0,19.05665869795,19.05665869795,-1.2722890199291528
169794.0,26.3777916,26.3777916,-1.421238432753887
169870.0,25.4037354039,25.4037354039,-1.404897580636687
16993.0,17.44065976245,17.44065976245,-1.1674579170134454
17016.0,13.53245184995,13.53245184995,-1.131369839332613
170249.0,9.639797188,9.639797188,-0.9840678968635136
170286.0,9.3376025479,9.3376025479,-0.97023538438089
170327.0,28.3889136359,28.3889136359,-1.4531487736121158
170364.0,15.3790375839,15.3790375839,-1.1869291582820871
17038.0,14.3937515401,14.3937515401,-1.1581740017768705
17043.0,18.782492222000002,18.782492222000002,-1.125306966496718
17046.0,27.9791817837,27.9791817837,-1.4343223867520907
17049.0,23.5747186105,23.5747186105,-1.3689864452408127
170530.0,62.416068827,62.416068827,-1.795296411870078
17090.0,35.9503983528,35.9503983528,-1.5557037069988569
17092.0,21.2722580979,21.2722580979,-1.3277548120251237
17095.0,18.0917695839,18.0917695839,-1.2574810479508431
17100.0,10.04376679195,10.04376679195,-1.0017736047816126
171018.0,11.85035989995,11.85035989995,-1.0494479528979646
17110.0,19.96255677995,19.96255677995,-1.2166810910821988
17111.0,6.55285914195,6.55285914195,-0.8093153621156646
17113.0,14.149934689999998,14.149934689999998,-1.1506961009837906
171144.0,7.592500770000001,7.592500770000001,-0.8721099734923036
1711973.0,8.1456941079,8.1456941079,-0.9109280971635024
1712094.0,13.3185887619,13.3185887619,-1.0992027377402205
171257.0,23.0247514639,23.0247514639,-1.362194950988785
17134.0,45.5809296149,45.5809296149,-1.4284019408172188
17142.0,18.8980363001,18.8980363001,-1.2764166788643694
17151.0,8.699180314,8.699180314,-0.8860607492733172
171548.0,17.231376166,17.231376166,-1.2112983689826438
17159.0,21.7938961199,21.7938961199,-1.3383348765114385
17162.0,35.596886044,35.596886044,-1.551412008280244
17163.0,13.05150700795,13.05150700795,-1.0990688325502134
171660.0,16.98357676,16.98357676,-1.2300291584373326
17168.0,39.279343017900004,39.279343017900004,-1.591993511392023
17170.0,36.26826407085,36.26826407085,-1.5541491999288368
17181.0,13.0,13.0,-1.1139433523068367
17185.0,14.0539318879,14.0539318879,-1.147797844406774
172306.0,23.1458736161,23.1458736161,-1.3644735774062045
17231.0,13.31515488795,13.31515488795,-1.0889172580058208
17234.0,12.664346905950001,12.664346905950001,-1.0464052932153003
17236.0,12.358502316,12.358502316,-1.091965843300752
17244.0,38.247097552,38.247097552,-1.5825984835425129
17258.0,10.153418442,10.153418442,-1.000285008139803
17259.0,11.296487528,11.296487528,-1.0529434271701246
1727.0,10.082166712,10.082166712,-1.0035538743660741
17275.0,20.6621419079,20.6621419079,-1.3048039412170984
17276.0,40.3335967775,40.3335967775,-1.6056669522573055
17279.0,24.60847630995,24.60847630995,-1.3883995305498131
17291.0,16.55063030195,16.55063030195,-1.2048373157995957
1730.0,20.0553003399,20.0553003399,-1.3022291701812698
17304.0,3.6646398919,3.6646398919,-0.5640313048585949
17305.0,8.09572881395,8.09572881395,-0.8582524036769058
17317.0,24.23884574395,24.23884574395,-1.3600646281726045
17318.0,13.1959564079,13.1959564079,-1.1204408722082748
1732.0,26.67610665595,26.67610665595,-1.4258846893979134
17321.0,17.44578234995,17.44578234995,-1.2337599701039625
17349.0,11.12111992,11.12111992,-1.0461485238095152
17355.0,12.973718307950001,12.973718307950001,-1.1128087827385569
17356.0,12.227818513949998,12.227818513949998,-0.9930877747772902
173604.0,14.3557233919,14.3557233919,-1.1570250816945815
174.0,15.248823189949999,15.248823189949999,-1.1822123067862442
17406.0,21.584555772,21.584555772,-1.3341431149448286
174174.0,12.6150220519,12.6150220519,-1.10088801402998
174223.0,50.3291202935,50.3291202935,-1.7018193393973862
17429.0,8.9380710359,8.9380710359,-0.9512438019216545
17432.0,16.591891099949997,16.591891099949997,-1.2183437825526853
17434.0,12.241897424,12.241897424,-1.087848736184455
17435.0,15.20180912395,15.20180912395,-1.1775204952353828
17499.0,12.7758385439,12.7758385439,-1.1063894147196274
17513.0,5.0888955441,5.0888955441,-0.7066235365312723
17516.0,31.886319762,31.886319762,-1.5034785482822515
17517.0,6.8889639460000005,6.8889639460000005,-0.8376307372056859
1752.0,22.2853527239,22.2853527239,-1.3480195123208316
17525.0,7.49803206795,7.49803206795,-0.8741108064680344
17531.0,15.5039745681,15.5039745681,-1.1904430473135728
175468.0,11.60689160395,11.60689160395,-1.0625784783194665
17549.0,18.856124014000002,18.856124014000002,-1.1136641211376435
175533.0,14.00437809,14.00437809,-1.145565142265286
17569.0,8.0833386001,8.0833386001,-0.9075907711869031
17570.0,43.960463848,43.960463848,-1.6430622662256127
175804.0,10.323450872,10.323450872,-1.0138248953678715
17581.0,10.0341498519,10.0341498519,-1.001480582576456
175854.0,13.36632420995,13.36632420995,-1.0805237600598685
17593.0,31.7460362359,31.7460362359,-1.5016895076330328
17595.0,17.547619179999998,17.547619179999998,-1.1814016942410124
175956.0,38.8058038304,38.8058038304,-1.5887224727901759
175967.0,17.13299599275,17.13299599275,-1.233758113569258
175989.0,9.615325019899998,9.615325019899998,-0.9823622561103089
17599.0,425.71259649005,425.71259649005,-2.3851342009839676
176.0,9.6461789481,9.6461789481,-0.9843553143401153
176015.0,15.48963198,15.48963198,-1.1887076378879136
17617.0,8.69127656195,8.69127656195,-0.9055178854930747
17652.0,17.685118219099998,17.685118219099998,-1.0603965619530595
17671.0,14.5563385279,14.5563385279,-1.1630521471539161
17683.0,8.5269902479,8.5269902479,-0.9307957662921265
176870.0,29.893134136,29.893134136,-1.475571450891198
176879.0,21.2125491519,21.2125491519,-1.3265928616368325
17693.0,24.52277042,24.52277042,-1.3895695323289408
177.0,14.3622128559,14.3622128559,-1.1572213589221205
17701.0,40.0681658909,40.0681658909,-1.6027994631790976
17719.0,15.185699674,15.185699674,-1.1281950871333783
17722.0,16.330946056050003,16.330946056050003,-1.2129513372037906
17739.0,18.8919140379,18.8919140379,-1.2760600903055597
1775.0,17.583400974,17.583400974,-1.2451027630065399
17756.0,30.349525758,30.349525758,-1.4740029369361891
17756783.0,21.8702343879,21.8702343879,-1.3398534374878484
17756794.0,11.756553167949999,11.756553167949999,-1.0693643643818649
17756939.0,11.993325696,11.993325696,-1.060825250808389
17756940.0,14.275895636,14.275895636,-1.154603364383442
17777.0,28.6258980119,28.6258980119,-1.4567591196447303
177843.0,22.017064952,22.017064952,-1.3427594236226148
178.0,17.9655297999,17.9655297999,-1.254440028987393
178019.0,11.95382606995,11.95382606995,-1.031574205061988
178144.0,24.72528583965,24.72528583965,-1.3888607556051604
17816.0,17.505815348,17.505815348,-1.24318234320107
17818.0,30.3501648,30.3501648,-1.4821317357759682
17819.0,27.516985872,27.516985872,-1.4394942957322385
17841257.0,10.341639152,10.341639152,-1.0145893799812773
17857.0,18.346698108,18.346698108,-1.2635579147730107
17858.0,8.4406423759,8.4406423759,-0.9263754999067565
17869.0,26.2267240472,26.2267240472,-1.4187440467064014
1787910.0,19.093382772,19.093382772,-1.2808828791041762
17880.0,17.7220702199,17.7220702199,-1.2485144530229917
17888.0,10.83355321595,10.83355321595,-1.0329901474733696
17891.0,16.37277641595,16.37277641595,-1.118032765072945
179.0,20.530296828,20.530296828,-1.3123952284660898
17913.0,8.3115108319,8.3115108319,-0.9196799752062406
17931.0,6.9466959359,6.9466959359,-0.8417782897695922
17946.0,7.2312719759,7.2312719759,-0.8592146961226325
1796220.0,9.504488632,9.504488632,-0.977928755575487
179651.0,13.272453134,13.272453134,-1.1227367450381884
180.0,12.16953114795,12.16953114795,-1.0815167442952816
180089.0,20.712217388,20.712217388,-1.3162265956497483
18016.0,7.077298452,7.077298452,-0.8498675103323596
180494.0,33.315648484,33.315648484,-1.5226482711620664
18050.0,11.1949932679,11.1949932679,-1.0490238367524978
18055.0,21.991406861,21.991406861,-1.3079514097104443
180559.0,21.74916480555,21.74916480555,-1.3040838616568569
18056.0,16.47313041995,16.47313041995,-1.1852832644120164
18062.0,12.835764128000001,12.835764128000001,-1.0327147908946812
1807.0,15.1159147639,15.1159147639,-1.179434434338371
18137.0,11.4356530839,11.4356530839,-1.0582609719716118
18170.0,7.22934857195,7.22934857195,-0.8551284175175324
18173271.0,11.66447509195,11.66447509195,-0.9920571587036713
18177.0,33.1650088125,33.1650088125,-1.5206801170337503
18196.0,10.6924777799,10.6924777799,-1.0290783564199084
181978.0,8.533138296,8.533138296,-0.931108784271214
18198.0,47.2105301885,47.2105301885,-1.6740388777167237
18205.0,16.470403504,16.470403504,-1.2167042389641705
18273.0,12.626766309899999,12.626766309899999,-1.0918527491683339
18283.0,28.93587228,28.93587228,-1.4614365788260806
18290.0,9.913384721949999,9.913384721949999,-0.9537874549207788
182951.0,32.5432974792,32.5432974792,-1.512461556113595
18303.0,13.3125925439,13.3125925439,-1.1242626398374913
18340.0,10.561453918,10.561453918,-1.0234099705864759
18370.0,29.0990817889,29.0990817889,-1.4638792851953413
18374068.0,13.5070121401,13.5070121401,-1.1305592902079893
18430.0,11.767361595899999,11.767361595899999,-1.0690680840315328
18480.0,13.749906387949999,13.749906387949999,-1.0688945525157583
18484.0,7.20756758795,7.20756758795,-0.8550836314743795
18487.0,13.13871739795,13.13871739795,-1.1137077632141494
18502.0,13.21144316195,13.21144316195,-1.1037713128831432
18510.0,30.0364648549,30.0364648549,-1.4776488170020905
18522.0,19.19898180405,19.19898180405,-1.2806329370029161
18542136.0,30.6076064079,30.6076064079,-1.4858293680002554
185457.0,11.955834724,11.955834724,-1.0775799027748278
18551400.0,29.8295602519,29.8295602519,-1.474646851029479
18555.0,8.9749127819,8.9749127819,-0.9454090515911384
18603.0,14.9608098919,14.9608098919,-1.1749551043615025
18617.0,14.911157332,14.911157332,-1.1735113526008982
18635.0,6.0901093079,6.0901093079,-0.784625087606894
18637.0,13.451807698,13.451807698,-1.1202825634164273
18689.0,9.996761216,9.996761216,-0.9998476955660992
18692.0,13.253768187950001,13.253768187950001,-1.122259688004291
18725.0,9.29457777195,9.29457777195,-0.9476459912636355
18730.0,28.0,28.0,-1.4471580313422192
18732.0,13.05815438595,13.05815438595,-1.0371447745666722
18745.0,6.607769932,6.607769932,-0.8200549133979353
18752.0,17.616381884,17.616381884,-1.2459167162687008
18756.0,12.741592722,12.741592722,-1.1052236578063366
18783.0,8.27756013,8.27756013,-0.9158561937357814
18815.0,27.0974934479,27.0974934479,-1.432929119948514
18827.0,14.72384740395,14.72384740395,-1.0736961991179919
18831.0,30.365274851899997,30.365274851899997,-1.4682714227827447
1892.0,13.375029068,13.375029068,-1.126294734548091
18938.0,11.320342191199998,11.320342191199998,-0.9884473472180004
18980.0,5.6681015519,5.6681015519,-0.7534376226330635
189821.0,10.5223377239,10.5223377239,-1.0221122367571271
18992283.0,30.944822408,30.944822408,-1.4905879946246658
190.0,21.6706963759,21.6706963759,-1.3358728673581846
19003.0,11.668472193949999,11.668472193949999,-1.0670138818515922
19004.0,22.75373080595,22.75373080595,-1.3300165124183772
19022.0,36.4915822843,36.4915822843,-1.5621926948922444
19042.0,13.22592780005,13.22592780005,-1.1199258524772557
19079.0,20.693832928,20.693832928,-1.3158409384815561
19113.0,38.290826966750004,38.290826966750004,-1.5705236151798623
19137.0,34.577488392,34.577488392,-1.536044645222538
19165.0,16.367679863950002,16.367679863950002,-1.2103601833644744
19188.0,9.044818328,9.044818328,-0.9563998481511133
192160.0,16.03299171595,16.03299171595,-1.1973405538218638
192197.0,8.658964232,8.658964232,-0.9374659456859792
19223.0,12.571649158,12.571649158,-1.0158125715022472
1923.0,43.83061596745,43.83061596745,-1.6417504011557582
192826.0,5.506267136,5.506267136,-0.7408572773218278
19283.0,14.1190953639,14.1190953639,-1.1498068715704373
19309.0,16.113276592,16.113276592,-1.2071838620289643
1935.0,40.475870669,40.475870669,-1.6071961995545114
193581.0,9.6550453639,9.6550453639,-0.9847543186379577
19379.0,7.688994076,7.688994076,-0.885869526301032
193943.0,2.825061752,2.825061752,-0.45102794534474433
193949.0,14.167014228,14.167014228,-1.1511474849994339
19395.0,18.060636932,18.060636932,-1.256733062210891
19402.0,13.527404748,13.527404748,-1.1312144845699765
19458.0,11.359015544,11.359015544,-1.0553406938455114
19463.0,12.834767024,12.834767024,-1.1083879897889566
194699.0,16.256270552049997,16.256270552049997,-1.2110070877649561
19499.0,12.22254123595,12.22254123595,-0.9770051460403388
19518.0,27.64656466835,27.64656466835,-1.3444228763344293
19529.0,6.7749443799,6.7749443799,-0.7739323637669195
19539.0,31.6911441982,31.6911441982,-1.5007658983726304
19571.0,4.8352630599,4.8352630599,-0.6844201066207148
19587.0,8.794072992,8.794072992,-0.9441900660018209
19592.0,20.7125717439,20.7125717439,-1.3162340257328087
19596.0,5.3356088759,5.3356088759,-0.6987480517564673
196.0,24.640761592,24.640761592,-1.3916541267915579
19601.0,9.818466528,9.818466528,-0.9920436639140259
19602.0,19.55548091795,19.55548091795,-1.2730474133610468
19604.0,12.83659987995,12.83659987995,-1.0854967916119267
19633.0,11.664890929999999,11.664890929999999,-1.066189584626566
19646.0,16.736880492,16.736880492,-1.2236745151053412
19648.0,14.47537878,14.47537878,-1.1098267013883345
19658.0,33.9460379351,33.9460379351,-1.4650240180578056
19665.0,10.28813169395,10.28813169395,-0.9725022966022913
1967.0,20.8041467039,20.8041467039,-1.3181499076133503
19675.0,33.73594640745,33.73594640745,-1.355949117287208
19700.0,42.688909808700004,42.688909808700004,-1.630088645889154
197006.0,9.4266713079,9.4266713079,-0.9743583642306799
197059.0,42.648343638200004,42.648343638200004,-1.6298945016288091
197066.0,19.94228666,19.94228666,-1.2997749547219954
19707.0,37.57249652715,37.57249652715,-1.5446288535537902
19731.0,16.672651116,16.672651116,-1.2220046624258238
19756.0,18.5579822161,18.5579822161,-1.2685307542076365
197701.0,21.211126544,21.211126544,-1.3265637349404311
197835.0,4.1935114759,4.1935114759,-0.6225778358388065
197861.0,3.98104315595,3.98104315595,-0.594826400713075
197873.0,85.7436175502,85.7436175502,-1.9332018025819755
197883.0,15.21237554395,15.21237554395,-1.0780818976550375
1979.0,14.30657084,14.30657084,-1.1555355496414508
197942.0,16.4014999679,16.4014999679,-1.2148835674375487
19800.0,9.049339424,9.049339424,-0.9382328911420732
1981.0,15.741110129950002,15.741110129950002,-1.1965287348385456
198165.0,12.505178632,12.505178632,-1.0970898998520306
1982.0,11.543093962,11.543093962,-1.0622985580793367
1983.0,13.324931716,13.324931716,-1.1241069362848015
19838382.0,6.144752408,6.144752408,-0.7885043884420568
1984.0,25.450924524,25.450924524,-1.3993968353034725
1985.0,16.212114993,16.212114993,-1.209839675543887
1986.0,9.18775644595,9.18775644595,-0.9582553803094762
19861.0,5.9953768639,5.9953768639,-0.7778164876463805
19871.0,14.801837544,14.801837544,-1.1703156333464557
19876500.0,9.88789483595,9.88789483595,-0.9590023653817596
1988.0,15.492982628,15.492982628,-1.1901303673795214
1989.0,13.712137748,13.712137748,-1.1371051673924113
1990.0,12.1331338199,12.1331338199,-1.0839729875863529
19910.0,31.572841184,31.572841184,-1.4993136650411847
19917.0,22.7641615039,22.7641615039,-1.3572516581172644
19918.0,18.239246462,18.239246462,-1.241215023418768
19920.0,28.538690336,28.538690336,-1.4554340391045204
19958.0,16.383336078,16.383336078,-1.2022693836225482
19988.0,19.039576496000002,19.039576496000002,-1.2752934586661269
1999.0,3.4317982399,3.4317982399,-0.535521747162159
19996.0,38.88508685,38.88508685,-1.5794958968601973
19999.0,10.40533395195,10.40533395195,-1.0168769115158365
2000.0,10.259213904,10.259213904,-1.0111140849245088
20039.0,14.7855288759,14.7855288759,-1.134442776639772
200391.0,22.424866256,22.424866256,-1.350729861550939
2005.0,13.3544151199,13.3544151199,-1.125624872083162
20054835.0,12.3931908319,12.3931908319,-1.093183137068399
20054849.0,14.51427722735,14.51427722735,-1.1393245133219276
20054868.0,79.5132695846,79.5132695846,-1.9004396120082983
20054942.0,15.944114848649999,15.944114848649999,-1.0531971527363582
20054964.0,22.767279964,22.767279964,-1.3573111479981874
20054967.0,12.882333052,12.882333052,-1.1099945229503083
20055082.0,5.7484036459,5.7484036459,-0.758891555916559
20055083.0,33.5130136679,33.5130136679,-1.5200393651286432
20055424.0,27.4163238039,27.4163238039,-1.43800922074106
20055509.0,16.572092595949997,16.572092595949997,-1.2191430316448741
20055515.0,8.0646341399,8.0646341399,-0.906584669973381
20055528.0,11.577060991949999,11.577060991949999,-1.0546343908332205
20055558.0,12.746347432,12.746347432,-1.023055832172175
20056549.0,26.3544196919,26.3544196919,-1.3797377104817523
20056587.0,32.118535228,32.118535228,-1.506755730974566
20056828.0,15.1224460899,15.1224460899,-1.178319371432865
20083.0,33.4262835298,33.4262835298,-1.5240880926492661
20084.0,4.7303268279,4.7303268279,-0.6748911480633809
20087.0,13.96490960395,13.96490960395,-1.143786807423179
20113.0,10.5964212,10.5964212,-1.0251592128566172
20129.0,17.9969849,17.9969849,-1.2551997522714182
20138.0,22.83803224,22.83803224,-1.358658681704943
201412.0,14.4549937339,14.4549937339,-1.1190471776964022
20169.0,11.41065627405,11.41065627405,-1.0490003179989544
20179.0,15.738686588050001,15.738686588050001,-1.1922657463172843
2018.0,5.251368358,5.251368358,-0.6780920025674645
202195.0,15.6208639199,15.6208639199,-1.193705049084815
2022.0,10.672541,10.672541,-1.0282678318797844
20239.0,23.103151838,23.103151838,-1.3568803253138073
20240.0,13.2131495719,13.2131495719,-1.1210063511996726
20250.0,14.723137524,14.723137524,-1.1680003687081795
20279.0,12.667066456,12.667066456,-1.1004245841540783
20282.0,34.3454093239,34.3454093239,-1.5358686966056474
202877.0,8.80945953795,8.80945953795,-0.8602676401452958
20298.0,10.7910923439,10.7910923439,-1.0330654089939804
20352.0,15.7795957801,15.7795957801,-1.198095873859426
20353.0,17.14742316005,17.14742316005,-1.225073100879143
20392.0,23.6382649839,23.6382649839,-1.373615596762061
20393.0,14.59993563995,14.59993563995,-1.1642982713346666
204.0,19.742650424,19.742650424,-1.2872918733861085
20417.0,18.13006044,18.13006044,-1.258399251901065
20473.0,16.6367018025,16.6367018025,-1.2210672323543794
2052.0,58.0680566929,58.0680566929,-1.7639372921660583
20525.0,13.330197259950001,13.330197259950001,-1.1245916342341946
205586.0,18.577081682,18.577081682,-1.252984840383336
2061.0,47.3027879036,47.3027879036,-1.6748867376821879
206311.0,32.21944862,32.21944862,-1.4893989974626556
20653.0,14.99709824,14.99709824,-1.1699757342140382
20686.0,19.105160556,19.105160556,-1.2054768719872726
20691.0,11.483475464,11.483475464,-1.0600733468083579
20701.0,8.225976884,8.225976884,-0.9151874847543198
20725980.0,7.2468077639,7.2468077639,-0.860146740939532
2075.0,17.15495980415,17.15495980415,-1.1434018137859048
20750.0,9.632901661950001,9.632901661950001,-0.9240351404220332
20769.0,14.554765528,14.554765528,-1.1630052135044087
2078.0,15.874473865999999,15.874473865999999,-1.2004687031176542
207841.0,10.0502730519,10.0502730519,-1.0021778610920833
20803.0,17.789303676,17.789303676,-1.2501589488939684
2081.0,18.9053391279,18.9053391279,-1.27658447223305
20812.0,7.9522388479,7.9522388479,-0.9004894157513271
2082.0,14.6583499759,14.6583499759,-1.1660850864925492
2083.0,17.1375486279,17.1375486279,-1.2316798926348436
20835958.0,29.944080192,29.944080192,-1.4763109771739737
20838960.0,24.0370425399,24.0370425399,-1.3337700704960902
20848883.0,8.260993146,8.260993146,-0.9064949887794496
20849290.0,10.595672252,10.595672252,-1.0251285161267725
2086.0,9.897549188,9.897549188,-0.9955276687494652
20861.0,10.48008849595,10.48008849595,-1.0164294127998446
208836.0,13.144162538,13.144162538,-1.1052927186914305
208898.0,7.723955612,7.723955612,-0.8878397693125805
208908.0,2.66006742,2.66006742,-0.42489264406073274
208947.0,24.977866232,24.977866232,-1.3975553354292882
208953.0,7.7489126839,7.7489126839,-0.8892407672145618
20906.0,29.8171014864,29.8171014864,-1.4744465480259679
20933.0,21.48299048,21.48299048,-1.3320947359923074
20936.0,8.2437119339,8.2437119339,-0.8836920722974009
2094.0,10.3435810319,10.3435810319,-1.0146709210739095
20949.0,19.124968692,19.124968692,-1.2787015410112663
20965.0,15.65429278,15.65429278,-1.194633452107433
2097895.0,31.6892690161,31.6892690161,-1.5009122213318091
20993.0,16.724924904,16.724924904,-1.2233641764337841
21013.0,27.665576412,27.665576412,-1.4419397231654991
210301.0,3.62999806,3.62999806,-0.5599063929337654
210320.0,33.684068697949996,33.684068697949996,-1.5269362471091323
21058.0,11.6230048879,11.6230048879,-1.0653184204405393
21059.0,17.1486441359,17.1486441359,-1.23422978807705
21070.0,13.763277276,13.763277276,-1.138721859292837
21080.0,15.209709744000001,15.209709744000001,-1.0124221990779865
21088.0,30.0136383079,30.0136383079,-1.4773186445841144
21096.0,7.1029413419,7.1029413419,-0.849628969858637
21102.0,25.84114726595,25.84114726595,-1.4103992116771227
21118222.0,5.578637416,5.578637416,-0.7465281353218863
21124389.0,9.441279388,9.441279388,-0.9750308495417255
21138.0,4.1531322399,4.1531322399,-0.6183757597023454
21158559.0,23.362163,23.362163,-1.368513049719323
2118.0,10.13777859205,10.13777859205,-0.9716641175165887
2119.0,14.444159963899999,14.444159963899999,-1.1431260829865166
2120.0,12.127968844,12.127968844,-1.0837880726138145
21202.0,28.5587674,28.5587674,-1.455739459304057
21208.0,15.5665543969,15.5665543969,-1.192192493620584
21209.0,8.3680072219,8.3680072219,-0.9194252395704015
21210.0,7.755353204,7.755353204,-0.8896015817827753
21220.0,49.52854828155,49.52854828155,-1.6784377111506876
2123.0,14.8183729969,14.8183729969,-1.1708005223168645
2126.0,6.555340056,6.555340056,-0.8165952254866267
21265.0,4.5530299519,4.5530299519,-0.6583005073040401
21277.0,6.669075797950001,6.669075797950001,-0.8116739204302941
212930.0,21.7864933,21.7864933,-1.338187332907225
2130.0,49.00927587845,49.00927587845,-1.6758633153323501
213013.0,10.4086021559,10.4086021559,-1.017392408978201
213016.0,22.480546192,22.480546192,-1.3518068587337675
213021.0,19.10331792595,19.10331792595,-1.2048434974928366
213027.0,7.427712039899999,7.427712039899999,-0.8577208683991503
213031.0,23.253485480000002,23.253485480000002,-1.366305349104049
213032.0,16.0,16.0,-1.2041199826559248
213037.0,28.729242,28.729242,-1.4583241676014138
213039.0,15.0632601878,15.0632601878,-1.1628536536260743
21307.0,25.76867755395,25.76867755395,-1.4107335465971609
21322.0,14.0184558759,14.0184558759,-1.1467001790009692
21330.0,11.633390754050001,11.633390754050001,-1.0081639672769964
21387.0,31.5,31.5,-1.4983105537896004
2140.0,17.79161568,17.79161568,-1.250215388727392
2141.0,7.8952528159,7.8952528159,-0.8973660412211183
21414.0,13.564064238,13.564064238,-1.131309398662409
2145.0,16.445426222000002,16.445426222000002,-1.212492775772453
21453.0,5.573106368,5.573106368,-0.7460973320557714
21467.0,15.5570937999,15.5570937999,-1.191928470253325
2148.0,17.082501328,17.082501328,-1.2221865404937067
2149.0,7.382629156,7.382629156,-0.8682110535033472
21499.0,25.2413498617,25.2413498617,-1.269006954898852
21501.0,17.2504717099,17.2504717099,-1.2330650214271486
2151.0,7.612336334,7.612336334,-0.8800374065950387
21517.0,10.795925896,10.795925896,-1.033259894866626
2153.0,24.4335399276,24.4335399276,-1.3879863920512343
21531.0,20.9744751999,20.9744751999,-1.3216911032009113
21534.0,29.823859276,29.823859276,-1.4745638414584616
2157.0,24.790613724,24.790613724,-1.394287278427658
21575.0,19.94850473,19.94850473,-1.1728021619358862
21576.0,6.87485506,6.87485506,-0.8372635465305559
21583.0,5.3940273999,5.3940273999,-0.7319131481968041
2159.0,3.9838443559,3.9838443559,-0.600302362709947
2161.0,17.08538608995,17.08538608995,-1.1883447052581428
21619272.0,15.86263378195,15.86263378195,-1.1934830397182496
21622.0,31.167322866,31.167322866,-1.4936865128374874
21630.0,6.764059797950001,6.764059797950001,-0.8286783934378585
216326.0,21.4036155879,21.4036155879,-1.3304871423791653
2164.0,7.9591438779,7.9591438779,-0.8947604772224843
21648.0,13.921635344,13.921635344,-1.143690253892326
21651.0,18.703803428,18.703803428,-1.2719299295222397
21653.0,12.3902342276,12.3902342276,-1.0741814114692603
21660.0,26.25463275005,26.25463275005,-1.3937783048533303
21685.0,20.970903676,20.970903676,-1.3216171454412213
21694.0,11.10108840405,11.10108840405,-1.0070383547096675
2170.0,9.70318908395,9.70318908395,-0.9716527267447459
21700.0,19.47603968595,19.47603968595,-1.2831734022410632
217048.0,9.970812824,9.970812824,-0.9987305635863825
21718.0,10.832232088,10.832232088,-1.0347179564978188
21743.0,19.497593717,19.497593717,-1.2793602023375161
2176.0,19.826527863949998,19.826527863949998,-1.2466215446996076
21768.0,16.9920417239,16.9920417239,-1.2302455658112907
21798.0,21.11534105625,21.11534105625,-1.3245116836445825
21800.0,6.32969942,6.32969942,-0.8013830870576679
21803.0,52.7617090195,52.7617090195,-1.7223188544580559
21804.0,45.1930131399,45.1930131399,-1.6550712978792699
21826.0,16.137029844,16.137029844,-1.207823602191229
21845.0,17.8561591719,17.8561591719,-1.251771837996245
21847.0,11.2668131959,11.2668131959,-1.0518010937612758
21859.0,67.5144101334,67.5144101334,-1.8293964776235976
2187.0,15.38884762595,15.38884762595,-1.1464577468987396
219050.0,20.4074540559,20.4074540559,-1.292324356651131
219081.0,42.5030063639,42.5030063639,-1.6284196500756085
21917397.0,25.885372176,25.885372176,-1.4130544135837089
21921.0,19.9724570799,19.9724570799,-1.3004314965482469
21932259.0,11.184265406,11.184265406,-1.0412330348612326
2194.0,7.9693104959,7.9693104959,-0.9014207478980437
21954.0,13.92307857395,13.92307857395,-1.1437136843815683
2197.0,30.01764942,30.01764942,-1.4773766811153917
21977262.0,10.18662411795,10.18662411795,-1.0055629569621694
21984.0,13.6211535999,13.6211535999,-1.1342138903120758
21988023.0,8.754608704,8.754608704,-0.9422367396266264
2201.0,7.6789084439,7.6789084439,-0.8852994894998863
2202.0,13.891214576,13.891214576,-1.1427402198624361
2206.0,13.749867532,13.749867532,-1.1382985141372957
22078297.0,14.3525185159,14.3525185159,-1.1569281158147318
22086.0,5.081202444,5.081202444,-0.7059664983073871
221071.0,7.523871839950001,7.523871839950001,-0.8578368663225046
221511.0,44.9915936573,44.9915936573,-1.6531313766799807
22188.0,13.02788803,13.02788803,-1.114873090927878
22206.0,20.453666696,20.453666696,-1.3107711745974082
222284.0,18.54934935,18.54934935,-1.2681087270305955
222285.0,12.97067439595,12.97067439595,-1.0744753666483184
22239085.0,6.90358566195,6.90358566195,-0.8310372284487537
2225.0,26.0,26.0,-1.414973347970818
222536.0,25.86754256,25.86754256,-1.4127551723066096
222757.0,11.08849505395,11.08849505395,-1.039763729616646
22278.0,12.8727796119,12.8727796119,-1.109672333988213
222786.0,33.8447472119,33.8447472119,-1.5294912746783087
2230.0,23.4109895399,23.4109895399,-1.369419770921556
22311.0,19.282686386,19.282686386,-1.2843003942756988
223368.0,46.0890741081,46.0890741081,-1.6635979835903045
22344.0,18.5010146839,18.5010146839,-1.2671955478372927
223866.0,7.1586173599,7.1586173599,-0.854829149270025
22420.0,33.778091948,33.778091948,-1.5286351135636205
224246.0,5.510510084,5.510510084,-0.7411918014676308
2244.0,15.1127931399,15.1127931399,-1.1793447378758617
22456.0,18.8342132,18.8342132,-1.274160805213374
22463.0,47.6377441851,47.6377441851,-1.6778103670650482
2247.0,15.10467882605,15.10467882605,-1.177458193752885
22475.0,7.6415996039,7.6415996039,-0.8831842782657151
2249.0,10.8019629379,10.8019629379,-1.019242526830672
22522.0,9.64669576995,9.64669576995,-0.9439687657474936
22529.0,18.7642831599,18.7642831599,-1.2733319779872394
22544.0,16.4963293359,16.4963293359,-1.2173873183647763
22549.0,19.8586486279,19.8586486279,-1.2979496916208684
2256.0,8.233690364,8.233690364,-0.9155945308986951
22563.0,13.777717538000001,13.777717538000001,-1.1361474735830421
22571.0,14.556581352,14.556581352,-1.1630593918526368
22574.0,16.4178194241,16.4178194241,-1.2153154746489574
22576.0,21.84191808,21.84191808,-1.3358998498453416
22584.0,35.5937683199,35.5937683199,-1.5513739692880284
22586.0,16.309369456,16.309369456,-1.2124371709070267
22628.0,21.5457006881,21.5457006881,-1.3333606223523122
2264.0,25.88814246,25.88814246,-1.4131008898202215
2265.0,8.219196886,8.219196886,-0.9071974481070312
2266.0,13.49713191595,13.49713191595,-1.1268283231614635
2268.0,10.3474047479,10.3474047479,-1.0148314372325635
22697.0,5.5113900119,5.5113900119,-0.7412611448347325
227.0,7.412070516,7.412070516,-0.8699395424013133
22704.0,22.47553958,22.47553958,-1.3517101268258942
2272.0,9.49061008995,9.49061008995,-0.9649042132893694
2273.0,3.3273683159,3.3273683159,-0.5221008768260094
22772.0,30.87219259645,30.87219259645,-1.4848238445728397
22833.0,14.482420791900001,14.482420791900001,-1.1540111648786198
22833294.0,35.142422712,35.142422712,-1.4699146734262056
22833295.0,17.207188287199997,17.207188287199997,-1.235043437776024
22833303.0,33.4178675604,33.4178675604,-1.5239787335197092
22833317.0,30.166980310400003,30.166980310400003,-1.2668808386049952
22833320.0,11.632064664,11.632064664,-1.0656568078151962
22833321.0,18.28116933995,18.28116933995,-1.2316827159293078
22833326.0,11.83515730195,11.83515730195,-1.017087692494464
22833331.0,11.8153693679,11.8153693679,-1.0724473029411619
22833395.0,11.00186306995,11.00186306995,-1.0413375875487616
22833454.0,10.3876874959,10.3876874959,-1.0165188758005776
22833466.0,9.037831088,9.037831088,-0.9061833344244589
22833489.0,25.5657830519,25.5657830519,-1.407659099230015
22833502.0,19.51365639995,19.51365639995,-1.2903321685412805
22833506.0,47.2732509725,47.2732509725,-1.6746154696790323
2284.0,8.191456512,8.191456512,-0.9133611299514074
22842.0,27.990374204,27.990374204,-1.4470087045985658
2286.0,18.7167862047,18.7167862047,-1.2721536054717117
22873.0,19.57269158195,19.57269158195,-1.1718349070738427
22879.0,15.352717524,15.352717524,-1.1861852593714919
22882.0,20.5,20.5,-1.3117538610557542
228987.0,16.8625219559,16.8625219559,-1.2269225281548315
2292.0,18.75266700995,18.75266700995,-1.2651852441347624
229295.0,15.834961284,15.834961284,-1.196681341025891
22932.0,15.277229666,15.277229666,-1.181244763722069
2294.0,12.48900768,12.48900768,-1.096527932671905
229455.0,8.52914004,8.52914004,-0.9309052451522728
22985.0,9.579403859,9.579403859,-0.923767191625424
23017.0,53.740851024950004,53.740851024950004,-1.7262219629361395
23019.0,15.604704348,15.604704348,-1.1932555447893354
23064738.0,8.382428376,8.382428376,-0.9233698512698568
23079882.0,14.919769676,14.919769676,-1.1737621187657157
23082568.0,30.28466755795,30.28466755795,-1.4128074306439504
230976.0,25.3027255439,25.3027255439,-1.2561888444601643
2310.0,5.415405164,5.415405164,-0.7336309547576254
231084.0,13.265557476,13.265557476,-1.1226896412636467
2314.0,21.66076726805,21.66076726805,-1.335661787185986
2315.0,16.06592554,16.06592554,-1.2059057498275565
23160050.0,18.908315649949998,18.908315649949998,-1.2748917587064712
23160059.0,21.1621872959,21.1621872959,-1.3255605537906614
23173.0,6.27322174,6.27322174,-0.7974906388455485
2319.0,5.3048615041,5.3048615041,-0.7246740501053553
23194.0,13.77555025995,13.77555025995,-1.1206097851501902
23235.0,15.335782535949999,15.335782535949999,-1.1676903551801263
2328.0,11.111990704,11.111990704,-1.0457918694103374
23284.0,15.3085002119,15.3085002119,-1.184932644545323
23294.0,10.1228033479,10.1228033479,-1.0053008000460426
2331.0,22.577775074,22.577775074,-1.2646249711654467
23327.0,29.3984156335,29.3984156335,-1.440599145104525
2333.0,28.534807729949996,28.534807729949996,-1.4516185347533832
23347.0,26.6464076919,26.6464076919,-1.4256386683440785
23354.0,5.7919221559,5.7919221559,-0.7628227162605228
2336.0,119.8115954819,119.8115954819,-2.078498851526656
23360.0,38.1122899705,38.1122899705,-1.5810650440666685
23368.0,39.18574388565,39.18574388565,-1.5931173745280498
2337.0,21.32297284595,21.32297284595,-1.3022535844893972
23392.0,26.884184824,26.884184824,-1.4294968724365011
23394.0,12.742814211999999,12.742814211999999,-1.1045994036371956
23418.0,9.8883435359,9.8883435359,-0.9951235460491534
23421.0,37.340079031,37.340079031,-1.5721752328067091
234237.0,20.6607515354,20.6607515354,-1.315146114944537
2343.0,30.6335523959,30.6335523959,-1.4861973623462224
234310.0,6.6831873879,6.6831873879,-0.8249836383479966
23435.0,14.637277616,14.637277616,-1.1654603098991911
2345.0,11.9741974839,11.9741974839,-1.078246416450453
2346.0,30.9491508559,30.9491508559,-1.4906487378906774
2347.0,12.490777952,12.490777952,-1.09658948799297
23479.0,6.06550661195,6.06550661195,-0.7818455640032844
2348.0,10.653710664,10.653710664,-1.027500897936467
2351.0,39.51139825945,39.51139825945,-1.5876322264736937
235227.0,19.732510648,19.732510648,-1.293599823620288
23535.0,27.84596521635,27.84596521635,-1.2824311619702229
23537.0,18.147767844,18.147767844,-1.2588232149010854
23540.0,12.902407232,12.902407232,-1.1106707451862572
235414.0,26.328587667999997,26.328587667999997,-1.4199689932692205
2355.0,24.5321483599,24.5321483599,-1.3896979287946576
23565.0,15.712978564,15.712978564,-1.1962585180314456
23581791.0,4.98927414,4.98927414,-0.6980373672822064
23603.0,32.7036090159,32.7036090159,-1.5145956819937172
2361.0,28.76930182205,28.76930182205,-1.4584848860117212
23616254.0,24.1177153839,24.1177153839,-1.3823361656920667
23617864.0,13.22104279995,13.22104279995,-1.1126558845510397
23625795.0,7.7880524439,7.7880524439,-0.7974848338535194
2365.0,15.2376471619,15.2376471619,-1.1829179129688496
23654.0,11.29570433595,11.29570433595,-1.0292990194186469
23661867.0,28.42935142625,28.42935142625,-1.4312161292737797
23661868.0,17.282621378,17.282621378,-1.2269316917316708
23661960.0,6.72623158,6.72623158,-0.8277718157268699
23661981.0,14.933468758,14.933468758,-1.1630405426097155
23662264.0,50.2178427378,50.2178427378,-1.7008580523197028
23662274.0,18.5236598399,18.5236598399,-1.267272291978836
23662354.0,9.76202568395,9.76202568395,-0.986362998380808
23662369.0,18.4590889679,18.4590889679,-1.2662102629966463
23662382.0,7.31635691995,7.31635691995,-0.8632464835061167
23662383.0,9.593511208,9.593511208,-0.9819775872718254
23663400.0,17.198258288,17.198258288,-1.228142200894986
23663403.0,18.52277078,18.52277078,-1.2677059523490484
23663404.0,28.04911017145,28.04911017145,-1.446265499720148
23663624.0,36.597613768,36.597613768,-1.5634527695153222
23663938.0,10.972219704,10.972219704,-1.0402944951847297
23663939.0,10.702868328,10.702868328,-1.0295001825531045
23663953.0,10.58288594995,10.58288594995,-1.0066645978200148
23663954.0,10.5945661999,10.5945661999,-1.025083178994276
23663959.0,34.55129296295,34.55129296295,-1.5384326124855905
23663963.0,8.2886067679,8.2886067679,-0.918294905368559
23663974.0,9.6813750659,9.6813750659,-0.9761755237935634
23663976.0,33.3178051839,33.3178051839,-1.522676384453948
23663985.0,9.813705714000001,9.813705714000001,-0.9874106969262921
23663992.0,26.7296103479,26.7296103479,-1.4269926278552907
23663996.0,12.68524928,12.68524928,-1.1032990060366392
23664054.0,11.093066832,11.093066832,-1.045051629475158
23664361.0,15.9310897859,15.9310897859,-1.2021082274759798
23664644.0,7.745748024,7.745748024,-0.8890633648981521
23665410.0,13.424263384,13.424263384,-1.110978178375713
23665583.0,35.474436682000004,35.474436682000004,-1.5458087784498409
23665706.0,16.8494802919,16.8494802919,-1.2265865099645767
23665719.0,14.643514264,14.643514264,-1.1656453145851322
23665728.0,9.67624152,9.67624152,-0.9857066998608027
23665731.0,10.64209167005,10.64209167005,-1.025426982458451
23665759.0,10.96331552795,10.96331552795,-0.9371578604050868
23665760.0,11.078328032,11.078328032,-1.0444742205667843
23665761.0,19.114962559949998,19.114962559949998,-1.0709216146323801
23665770.0,16.9958529561,16.9958529561,-1.2303429650257012
23665771.0,12.799663976,12.799663976,-1.1071985684537642
23665772.0,4.0044801359,4.0044801359,-0.6025461437000559
23665884.0,11.661993208,11.661993208,-1.066772784149939
23665888.0,33.2294477159,33.2294477159,-1.5215231232248354
23666110.0,7.6736071519,7.6736071519,-0.8849995618509356
23666711.0,6.979688298,6.979688298,-0.8438180107486599
23667299.0,17.4996356799,17.4996356799,-1.2430290073230912
23667300.0,2.9012576359,2.9012576359,-0.46258629649710475
23667548.0,37.49688827195,37.49688827195,-1.5733427613335627
23667629.0,5.330832172,5.330832172,-0.7245675474027108
23667631.0,9.8351423,9.8351423,-0.9927806479012827
23667638.0,13.1471233959,13.1471233959,-1.1188307391413197
23667639.0,10.6909201199,10.6909201199,-1.0290150846099697
23667648.0,13.723897246049999,13.723897246049999,-1.1300648252482026
23668192.0,11.916288618,11.916288618,-1.0561305701096004
23668193.0,11.329665276,11.329665276,-1.054217079242609
23668194.0,20.349025758000003,20.349025758000003,-1.307940918531521
23668195.0,31.9272539696,31.9272539696,-1.5041615669223158
23668196.0,6.027337676,6.027337676,-0.7801255230948249
23668197.0,11.0222685919,11.0222685919,-1.0422709897559368
23668198.0,18.11438504,18.11438504,-1.2580235948835037
23668353.0,8.586964,8.586964,-0.9338396421657387
23668542.0,9.4373785239,9.4373785239,-0.9748513745191576
23668568.0,17.1563431639,17.1563431639,-1.2344247244810975
23668817.0,11.0178743559,11.0178743559,-0.9429587843762235
23669238.0,10.37713312,10.37713312,-1.0160773879887806
23669619.0,30.97346689695,30.97346689695,-1.4664818712034164
23669624.0,10.4295099519,10.4295099519,-1.0182639028478546
236702.0,9.320521272,9.320521272,-0.9694402019701275
23670359.0,12.96809894605,12.96809894605,-1.106029950938437
23670523.0,21.7864565121,21.7864565121,-1.3381865995723445
23670844.0,5.1127926,5.1127926,-0.7086581759648672
23671691.0,5.216805116,5.216805116,-0.7174046131021558
23671932.0,7.1028120559,7.1028120559,-0.851430323166294
23672293.0,21.995971936,21.995971936,-1.3423431569069084
23672301.0,8.5946819519,8.5946819519,-0.9342298101573958
23672325.0,20.77150728595,20.77150728595,-1.2979974778239622
23672329.0,10.2696032959,10.2696032959,-1.0115536675769123
23672566.0,14.683681266,14.683681266,-1.126434998542495
23672568.0,17.81950511615,17.81950511615,-1.208018040786091
23672589.0,13.258110917949999,13.258110917949999,-1.1200206809427846
23673604.0,5.347488856,5.347488856,-0.728149888188353
23673837.0,16.6225811639,16.6225811639,-1.2206984621797732
23674.0,12.20785226,12.20785226,-1.086639264790441
23674215.0,8.671899428,8.671899428,-0.9151540145308192
23674746.0,16.3583795039,16.3583795039,-1.2137402793248133
23674889.0,20.6774868399,20.6774868399,-1.3154977530926555
23675081.0,4.9057808999,4.9057808999,-0.6907081480103491
23675274.0,14.5780557319,14.5780557319,-1.1636992588672501
23675317.0,4.7237346999,4.7237346999,-0.6742854982545732
23675320.0,16.6690656815,16.6690656815,-1.1987497162943597
23675339.0,13.801674875900002,13.801674875900002,-1.139880355662347
23675737.0,11.489406752,11.489406752,-1.0601576902799459
23675786.0,20.27355179395,20.27355179395,-1.2382505233427117
23675796.0,9.2481915619,9.2481915619,-0.9574694514711524
23676704.0,19.080080119999998,19.080080119999998,-1.2804566610681603
23676735.0,11.259901075950001,11.259901075950001,-1.0431598044296662
23676736.0,12.02338912795,12.02338912795,-1.0763928413832355
23676745.0,16.56585558,16.56585558,-1.219213870889714
23676814.0,14.43373631595,14.43373631595,-1.1592353538214728
23677323.0,7.8333114239,7.8333114239,-0.8939453928508859
23677829.0,44.3173516051,44.3173516051,-1.646573799155896
23677927.0,19.0973560919,19.0973560919,-1.2809732460865895
23677960.0,5.763745536,5.763745536,-0.7607047988680942
23677963.0,14.53314652395,14.53314652395,-1.1127131991591424
23677979.0,5.03200539195,5.03200539195,-0.6997167228672925
23678596.0,55.8480886305,55.8480886305,-1.7470083142209856
23678874.0,10.533753289900002,10.533753289900002,-1.0137243609419713
23678979.0,12.7800682039,12.7800682039,-1.1065331715452589
23679004.0,16.451335706000002,16.451335706000002,-1.2011239960302533
23679813.0,10.8419327319,10.8419327319,-1.0351067083997252
23680486.0,8.20091687195,8.20091687195,-0.8948511871934457
23681045.0,11.11709549995,11.11709549995,-1.021763950237478
23681059.0,6.9921121799,6.9921121799,-0.8446083874067712
23681107.0,10.295497762,10.295497762,-1.0051855767991558
23681217.0,11.9862596439,11.9862596439,-1.078683681060425
23681233.0,20.8457936999,20.8457936999,-1.3190184354625363
23681382.0,11.748079468,11.748079468,-1.0691480588150302
23681451.0,8.28433427205,8.28433427205,-0.9024016279867281
23682187.0,8.94736266805,8.94736266805,-0.780521216864673
23682559.0,26.2030916004,26.2030916004,-1.4181384495221252
23682789.0,9.192859272,9.192859272,-0.9556871198454451
23683016.0,8.2309364899,8.2309364899,-0.9006155371927047
23683938.0,10.218142392,10.218142392,-1.0093719503749183
23684123.0,5.4255443559,5.4255443559,-0.7344433183552912
23684677.0,2.22906404,2.22906404,-0.3481225457431812
23685849.0,16.51497050595,16.51497050595,-1.216995111048289
23686673.0,9.46400406195,9.46400406195,-0.9630146927899639
23687810.0,6.85155146,6.85155146,-0.8357889239340072
23688977.0,10.5303571239,10.5303571239,-1.022443099989773
23688987.0,13.2008337359,13.2008337359,-1.1206013611654093
23689980.0,12.769120013950001,12.769120013950001,-1.1051926746231269
2369.0,5.314927153899999,5.314927153899999,-0.7140727818853818
23690437.0,25.2797589561,25.2797589561,-1.4027729286081818
23690438.0,33.4124853679,33.4124853679,-1.5239087815770387
23690996.0,15.91319934795,15.91319934795,-1.2017178505983064
23691974.0,13.1337429399,13.1337429399,-1.11838851180878
23692768.0,11.134520485949999,11.134520485949999,-1.0403547386243988
23694214.0,27.182691925950003,27.182691925950003,-1.4174464529863864
23694217.0,17.7433307479,17.7433307479,-1.2490351481707604
23695324.0,33.76162336555,33.76162336555,-1.505083933971214
23695542.0,5.33788998,5.33788998,-0.7273696182391796
23695982.0,13.7466397679,13.7466397679,-1.1378642104664967
23697816.0,22.46667592,22.46667592,-1.351538820688244
23700088.0,28.7164731444,28.7164731444,-1.4581311003341795
23700091.0,23.370206876,23.370206876,-1.3686625568384219
23700188.0,31.9103146639,31.9103146639,-1.5039310867419793
23702.0,9.415018216,9.415018216,-0.9738211646182842
23702555.0,16.6337867959,16.6337867959,-1.2209911305994812
23702994.0,11.202521812,11.202521812,-1.0493157981840113
23703451.0,7.23659342995,7.23659342995,-0.8585222811670006
23703979.0,23.3517761479,23.3517761479,-1.368319918816299
23703990.0,23.1082176639,23.1082176639,-1.3637664496511595
23704140.0,16.582627398,16.582627398,-1.1689932740673825
23704143.0,8.9868605539,8.9868605539,-0.896142977251535
23705.0,19.2225014201,19.2225014201,-1.283809901660302
23706211.0,39.98383675545,39.98383675545,-1.5710875918415215
23706212.0,14.584662668,14.584662668,-1.1638963886774711
23707968.0,12.009420744,12.009420744,-1.0795220603794837
23714647.0,4.8066050459500005,4.8066050459500005,-0.6760719154741988
23716429.0,15.87723396395,15.87723396395,-1.1829358362559574
23724801.0,13.391971267999999,13.391971267999999,-1.1231839180312453
23725082.0,6.53133089595,6.53133089595,-0.7971835219579186
237332.0,15.14822006195,15.14822006195,-1.1783241216795515
2374.0,16.49512589,16.49512589,-1.1201516572352275
23741.0,8.551431084,8.551431084,-0.9320388000938287
2377.0,20.509869211850003,20.509869211850003,-1.2386292447913472
23892.0,29.419056276,29.419056276,-1.468628737028515
23894.0,6.531298265949999,6.531298265949999,-0.8095538429159106
2391.0,15.58718378,15.58718378,-1.1927676559657263
240.0,6.703164356,6.703164356,-0.8262798680627975
24007.0,12.184737722,12.184737722,-1.0336103175120546
240119.0,12.6245899,12.6245899,-1.0887687744780024
2406.0,37.7279889705,37.7279889705,-1.5766002732424222
24066.0,18.108332841950002,18.108332841950002,-1.256940344909518
241.0,47.008239647950006,47.008239647950006,-1.6661866422120657
24114.0,8.57435388395,8.57435388395,-0.9327766416689893
24116.0,5.463093426,5.463093426,-0.737153738257126
24180680.0,13.882159682000001,13.882159682000001,-1.1368553453142498
24180685.0,8.541268896,8.541268896,-0.9315223945291574
24180686.0,11.038895052,11.038895052,-1.042925604476963
24180709.0,9.5395662,9.5395662,-0.9795286261475181
24188465.0,21.0,21.0,-1.3222192947339193
24191.0,16.967036573949997,16.967036573949997,-1.201610827917173
24194381.0,18.217376132,18.217376132,-1.260485825246548
24194514.0,8.05801923995,8.05801923995,-0.8127626946318343
24210.0,25.3167273799,25.3167273799,-1.4034075649823923
24233.0,15.5544479459,15.5544479459,-1.1918546018604128
24244.0,19.969707179,19.969707179,-1.300371696744671
24261.0,12.449293111949999,12.449293111949999,-1.0473377743564503
24268.0,8.4908359039,8.4908359039,-0.9289504476739778
24287.0,19.60647434,19.60647434,-1.2923995053279747
24290.0,10.897270856,10.897270856,-1.0373177455932732
243.0,22.25358582,22.25358582,-1.3474000007715503
24314.0,13.7392409119,13.7392409119,-1.0259750895271769
24321.0,15.55035648395,15.55035648395,-1.1389451650294289
243274.0,7.91132814,7.91132814,-0.8982493982200622
2435.0,10.448452819949999,10.448452819949999,-0.9921231069691117
24350.0,24.5902747039,24.5902747039,-1.3907633803744044
24351.0,49.8256910739,49.8256910739,-1.6974533310052393
24361.0,8.497527672,8.497527672,-0.9292925875272168
243694.0,22.5357039119,22.5357039119,-1.3528711279840744
24385.0,6.145733108,6.145733108,-0.7885736961351909
24393.0,28.80261694795,28.80261694795,-1.45576039545592
244.0,12.84724266595,12.84724266595,-1.1040243165709587
24403.0,12.783966071950001,12.783966071950001,-1.1020138628876706
24412.0,13.58220810795,13.58220810795,-1.0695143910006792
24433.0,9.850382711950001,9.850382711950001,-0.922571847820882
24434.0,30.433709467950003,30.433709467950003,-1.4742897238730337
24436.0,26.38589848395,26.38589848395,-1.4075400269505995
24451.0,18.1648997219,18.1648997219,-1.2486468921284852
2446.0,10.0913691919,10.0913691919,-0.9943395770241998
2447.0,17.192142624,17.192142624,-1.2353300053544467
2448.0,19.905811192,19.905811192,-1.2989798804396326
24482.0,14.801766189950001,14.801766189950001,-1.1588811131145031
2449.0,17.83710821595,17.83710821595,-1.250979699866697
2450.0,22.537833326,22.537833326,-1.3039057847393671
245005.0,9.84446367795,9.84446367795,-0.9793726971929659
24502.0,20.4618735521,20.4618735521,-1.3109453965357813
2451.0,13.721456249949998,13.721456249949998,-1.1107882260556643
24512.0,12.3459316519,12.3459316519,-1.09152386834753
2453.0,19.311820784,19.311820784,-1.2858232224673887
24603.0,8.17590694595,8.17590694595,-0.9121659903199093
24608.0,8.8413587399,8.8413587399,-0.9465190125126012
2461.0,19.80856664,19.80856664,-1.2968530508610967
24633.0,13.821955263900001,13.821955263900001,-1.139841015147664
24639.0,8.767399148,8.767399148,-0.9428707788627501
24648.0,19.29337786,19.29337786,-1.2854082700250213
2466.0,12.99925054,12.99925054,-1.1139183141741416
246724.0,11.175136428,11.175136428,-1.0482528337785522
246728.0,26.215399884,26.215399884,-1.4185564867337037
24685.0,12.922522244,12.922522244,-1.111347288407006
24699.0,15.6451078919,15.6451078919,-1.1943785624771144
247.0,25.2240421817,25.2240421817,-1.318646648025263
24705.0,8.4780288219,8.4780288219,-0.9282948796937981
24721009.0,16.893280024,16.893280024,-1.2277139810111277
24728612.0,10.212009861950001,10.212009861950001,-1.0063809492761058
24730.0,7.4916059719,7.4916059719,-0.8625489168973438
24733.0,11.465109582,11.465109582,-1.0591558184985725
24743.0,43.877991623149995,43.877991623149995,-1.63425587237553
24744.0,28.4848936532,28.4848936532,-1.4546146023809163
24750.0,40.2996209655,40.2996209655,-1.6053009614422031
24752.0,16.144456732,16.144456732,-1.2080234354006092
24762.0,15.4740696879,15.4740696879,-1.1814826969358097
24764.0,14.8856733159,14.8856733159,-1.1727684836429026
24769.0,10.97644784595,10.97644784595,-1.0207413820900881
2477.0,26.0501521799,26.0501521799,-1.4158102647064754
24771.0,13.658710746050001,13.658710746050001,-1.1269166500621182
24773.0,18.324402176,18.324402176,-1.2630298149148311
2478.0,18.6267409791,18.6267409791,-1.2701368753682596
24781.0,19.466556148,19.466556148,-1.2892891267531823
247839.0,16.86431770395,16.86431770395,-1.214875659086868
24798733.0,9.86706146,9.86706146,-0.9941878333463051
2480.0,27.639329804,27.639329804,-1.4415275080960321
24802109.0,16.319392112,16.319392112,-1.212703977498668
248057.0,3.9978229039,3.9978229039,-0.6018235517724689
24809526.0,33.6701459514,33.6701459514,-1.527244998946754
24812.0,18.722260171949998,18.722260171949998,-1.2723557129600604
24813.0,14.760203038,14.760203038,-1.1622754429611026
24814.0,5.4957054679,5.4957054679,-0.7400234494711884
24819.0,6.53360079795,6.53360079795,-0.8066544051060528
2482.0,8.853803664,8.853803664,-0.9471298871270385
248271.0,24.3948619907,24.3948619907,-1.301004574312136
2484.0,19.146308672449997,19.146308672449997,-1.2789367839938446
24842.0,10.688620184,10.688620184,-1.028921644857781
24846.0,32.987975874499995,32.987975874499995,-1.5182296467480558
24847.0,12.87101149795,12.87101149795,-1.1093544540684706
24860538.0,17.4232548719,17.4232548719,-1.241129289641857
24868287.0,13.578049188,13.578049188,-1.0715299650089976
24871267.0,7.79260184795,7.79260184795,-0.8571931586171956
24871329.0,6.079557416,6.079557416,-0.7838719643409594
24884197.0,10.3621335142,10.3621335142,-0.8087109063818538
24905147.0,36.901777072,36.901777072,-1.567047280901071
24915.0,12.46514291795,12.46514291795,-1.0275333424122346
24937.0,2.7082925719,2.7082925719,-0.4326955785870821
24944555.0,50.3941068023,50.3941068023,-1.7023797520628667
249494.0,19.983023912,19.983023912,-1.3006612080604247
24963.0,15.035831332,15.035831332,-1.1771274452678635
24964624.0,20.2705872959,20.2705872959,-1.3068663316073494
24978536.0,38.0258944879,38.0258944879,-1.5800794388089292
24978553.0,9.539155342,9.539155342,-0.9304846546813408
250096.0,18.05675752,18.05675752,-1.2566397660439514
25015.0,31.86822814995,31.86822814995,-1.5024813787102553
25015677.0,14.161762901949999,14.161762901949999,-1.1376780284321986
25051.0,24.055315022400002,24.055315022400002,-1.1905408464937035
25053.0,25.6284187949,25.6284187949,-1.408721812199332
25054.0,12.6733809917,12.6733809917,-1.097880784603555
25059.0,28.009291912,28.009291912,-1.447302129794715
250948.0,24.24563834,24.24563834,-1.383029563073805
25099474.0,14.6991555361,14.6991555361,-1.1672923853232453
25106.0,8.420319926000001,8.420319926000001,-0.9090589044525614
2513.0,15.89031028805,15.89031028805,-1.1862473196535372
25146.0,11.9370163079,11.9370163079,-1.0768957871831442
2515.0,21.688813084,21.688813084,-1.3186411342783302
25150753.0,14.67455774,14.67455774,-1.1665650214036831
25152.0,20.871449868,20.871449868,-1.319544381429043
25153273.0,11.1088590479,11.1088590479,-1.0456694563624442
25171607.0,23.38371891395,23.38371891395,-1.3545388425968043
2518.0,22.6127401199,22.6127401199,-1.3543531915735145
2519.0,21.678845422000002,21.678845422000002,-1.3313120979444064
25195407.0,5.47443616,5.47443616,-0.7383393956198125
2520.0,59.1421904019,59.1421904019,-1.7718974051045766
25204.0,16.346051212,16.346051212,-1.2105833565638058
25208.0,12.199057884,12.199057884,-1.0863262920207346
25213.0,20.22499087195,20.22499087195,-1.2870199821437422
25234023.0,12.19412288,12.19412288,-1.0861505670871683
25238.0,21.5644888279,21.5644888279,-1.320856465046968
2537.0,10.47960849605,10.47960849605,-1.0202200762234375
25381.0,25.2040674479,25.2040674479,-1.4014706331479612
253881.0,11.4434928839,11.4434928839,-1.057286814435174
2541.0,26.572530679950003,26.572530679950003,-1.4013066430703023
25418.0,19.6694365219,19.6694365219,-1.2889694404263765
25429.0,10.574008336,10.574008336,-1.0242396484444827
2543.0,11.411103264,11.411103264,-1.0573276355053336
25495.0,17.11069844205,17.11069844205,-1.2277372124846742
2554.0,10.737277964,10.737277964,-1.01153570075146
25572.0,28.95248465505,28.95248465505,-1.2919257073770138
25607.0,17.845621959949998,17.845621959949998,-1.2477325363067275
25608.0,10.43350836,10.43350836,-1.0184303683678027
25612.0,38.0486805242,38.0486805242,-1.5195936892864292
2562.0,43.016980071549995,43.016980071549995,-1.6335743910540432
25622.0,16.769369628,16.769369628,-1.2241679927810387
25644.0,28.76077758,28.76077758,-1.4588006235098077
2566.0,39.720562097300004,39.720562097300004,-1.5974300765745624
256687.0,11.7056582681,11.7056582681,-1.0683958412846717
25670.0,14.19642306595,14.19642306595,-1.1505871560588368
25750.0,9.3620406839,9.3620406839,-0.9713705240756447
2576.0,13.904742333949999,13.904742333949999,-1.0579307556883708
2577.0,12.801387217999999,12.801387217999999,-1.0888596827871702
2578.0,11.52803037395,11.52803037395,-1.0583253508439352
25798.0,36.4842266749,36.4842266749,-1.5229718765597853
25804.0,16.61515162645,16.61515162645,-1.0931265473936802
2581.0,14.2261333925,14.2261333925,-1.1072530981348407
25833.0,39.3633728421,39.3633728421,-1.5950923037825444
25912.0,16.702124424,16.702124424,-1.142227177209061
25914.0,13.408284011949998,13.408284011949998,-1.11310029225437
259329.0,19.5964720359,19.5964720359,-1.2921778921089295
259331.0,9.529863308,9.529863308,-0.9790866713616142
2603.0,21.9096155879,21.9096155879,-1.3406347577743802
26030.0,29.8470392019,29.8470392019,-1.4749012559996353
26033.0,18.871635356,18.871635356,-1.2758095363765312
26041.0,27.8571516898,27.8571516898,-1.4449367090498793
26049.0,6.959990628,6.959990628,-0.8002843583406714
261.0,6.1552337079,6.1552337079,-0.7892445472956754
26132.0,13.186336516,13.186336516,-1.1201241547670815
26133.0,6.242442832,6.242442832,-0.7953545737930087
261491.0,17.7027309519,17.7027309519,-1.24804026895234
261501.0,8.4606040479,8.4606040479,-0.8974234258112133
261668.0,43.4475655801,43.4475655801,-1.6379654474187866
26177.0,26.91352986,26.91352986,-1.4299706616502212
26197.0,6.961973172,6.961973172,-0.8427323453954386
262.0,9.205105908,9.205105908,-0.9640287895804347
26204.0,21.3992571839,21.3992571839,-1.3303986982775864
26229.0,30.3381896472,30.3381896472,-1.4782696087019036
26248.0,15.019183356,15.019183356,-1.1766463192443914
26289.0,6.2995019839,6.2995019839,-0.7993062170419486
26295.0,27.27148072805,27.27148072805,-1.435687744627028
263.0,21.282459892,21.282459892,-1.328021823612653
26323.0,7.9701007559,7.9701007559,-0.9014638116664764
26391.0,23.7457995799,23.7457995799,-1.3755867979353844
264.0,17.1298326119,17.1298326119,-1.2337531191778077
26436.0,11.396241884,11.396241884,-1.0567616585186175
26447.0,22.2433920959,22.2433920959,-1.3472010174512679
26483.0,4.92328668,4.92328668,-0.6922551252135679
264852.0,8.741389708,8.741389708,-0.9415804823526702
264891.0,14.1128628759,14.1128628759,-1.1496151218400141
26534.0,7.8113548479,7.8113548479,-0.8927263670316896
26602.0,5.1787189359,5.1787189359,-0.714222341236077
26618.0,5.4976183999,5.4976183999,-0.7401745913515209
2662.0,9.078447650000001,9.078447650000001,-0.9561592576456333
26633.0,23.4467473725,23.4467473725,-1.370082604144873
26690.0,9.8886986679,9.8886986679,-0.9951391431102684
26710.0,84.3803689935,84.3803689935,-1.9262414202102438
267210.0,14.622662656,14.622662656,-1.1650264609610128
26758.0,14.774929144,14.774929144,-1.1695254068159937
26808.0,12.80330497895,12.80330497895,-1.0305398010806255
2682.0,11.59413284395,11.59413284395,-1.0640856529971687
26955.0,22.926180738,22.926180738,-1.360331711835756
26964.0,8.769749704,8.769749704,-0.942987198414746
26989.0,19.65354761385,19.65354761385,-1.2908593427742372
27020.0,126.5921436828,126.5921436828,-2.102406754172024
27054.0,17.417104368,17.417104368,-1.2409759542577958
2707.0,15.932399293949999,15.932399293949999,-1.1983234209929061
2708.0,17.10767795595,17.10767795595,-1.2305313135150797
2712.0,25.056905484,25.056905484,-1.3989274348062963
2717.0,18.051979364,18.051979364,-1.256524828387547
27189.0,26.3043789679,26.3043789679,-1.420028052797388
27195.0,19.645620487949998,19.645620487949998,-1.292695810228404
2720.0,15.994247028,15.994247028,-1.2039637993259102
27200.0,19.9954607159,19.9954607159,-1.3009314151746156
27211.0,14.79722785005,14.79722785005,-1.1370769822380198
2722.0,22.677711735899997,22.677711735899997,-1.3536746494568797
2723.0,35.545151508,35.545151508,-1.550780369709231
2723598.0,59.396575831449994,59.396575831449994,-1.7737131025785104
2723601.0,15.6297023279,15.6297023279,-1.1939507068367492
2723617.0,15.168576772,15.168576772,-1.1809448339796544
2723622.0,49.3358629264,49.3358629264,-1.6931627287863609
2723631.0,16.155207254,16.155207254,-1.1896883589280622
2723635.0,20.166186392,20.166186392,-1.156976362892411
2723649.0,31.407421671199998,31.407421671199998,-1.496716127691136
2723650.0,19.336283156,19.336283156,-1.2863729971527962
2723715.0,16.0120012,16.0120012,-1.2025621803457927
2723716.0,15.1604243079,15.1604243079,-1.1807113564412093
2723722.0,10.910182352,10.910182352,-0.9817432554457514
2723754.0,36.05594800545,36.05594800545,-1.5428934771546254
2723770.0,21.66412147595,21.66412147595,-1.3270739082707008
2723789.0,22.710542692,22.710542692,-1.3562275122613443
2723790.0,8.8732939559,8.8732939559,-0.9480848691342507
2723816.0,11.41295253995,11.41295253995,-1.057164784517692
2723822.0,7.43736724,7.43736724,-0.8714192264744193
2723856.0,10.885039848,10.885039848,-1.0302180585363752
2723866.0,8.07205765795,8.07205765795,-0.8502749716448523
2723869.0,8.8740183279,8.8740183279,-0.9481203213489399
2723885.0,13.579437796,13.579437796,-1.1328817900365944
2723891.0,8.45145654595,8.45145654595,-0.9265292132340548
2723942.0,7.0430381759,7.0430381759,-0.847760042437167
2723949.0,18.37893518595,18.37893518595,-1.2465729138825532
2723951.0,15.80683370195,15.80683370195,-1.0929319525690795
2724.0,18.5395074929,18.5395074929,-1.268098192809726
2724048.0,23.0705065641,23.0705065641,-1.3630571305236105
2724103.0,8.677236592,8.677236592,-0.9383814390098633
2724144.0,7.358069076,7.358069076,-0.8667638605792095
2724159.0,14.563044219950001,14.563044219950001,-1.1538010922636635
2724189.0,18.81163536395,18.81163536395,-1.2719879089004489
2724192.0,20.16421268425,20.16421268425,-1.194160253625081
2724248.0,9.37211436,9.37211436,-0.971837579286207
2724259.0,38.847817896950005,38.847817896950005,-1.5893653258858629
2724333.0,11.9155301879,11.9155301879,-1.0761133712780726
2724368.0,10.111119404,10.111119404,-1.0047992390794573
2724372.0,52.122727937549996,52.122727937549996,-1.7168741464979451
2724385.0,12.1858854079,12.1858854079,-1.0858570898437028
2724411.0,31.0063002561,31.0063002561,-1.4914499483005743
2724552.0,9.3522690319,9.3522690319,-0.9709169914588612
2724564.0,24.8478059919,24.8478059919,-1.3952880474887892
2724588.0,6.044752892,6.044752892,-0.7813785517088894
2725002.0,57.0822093458,57.0822093458,-1.7565007739752065
2726.0,10.0254055119,10.0254055119,-1.0011019481768832
2727.0,18.048751484,18.048751484,-1.2564471651135327
2728.0,12.10633721195,12.10633721195,-1.083003182399799
2728761.0,29.00258537325,29.00258537325,-1.4262976636533338
27295.0,15.476561726099998,15.476561726099998,-1.171867014391459
2730.0,24.954061308,24.954061308,-1.3971412377395762
2732.0,19.644039408,19.644039408,-1.2932307967006462
2733.0,22.540990662,22.540990662,-1.3402193516296208
2733208.0,14.96725146795,14.96725146795,-1.1730300385195442
2733525.0,8.83609938995,8.83609938995,-0.9268794972922854
2733526.0,14.259210354,14.259210354,-1.14993965812497
2734019.0,51.0131901719,51.0131901719,-1.7073668098893182
2734160.0,11.1011424239,11.1011424239,-1.045367674540302
2734161.0,29.4402859782,29.4402859782,-1.4347145696383239
2734163.0,12.046445202000001,12.046445202000001,-1.0771628873975554
2734167.0,24.562951383700003,24.562951383700003,-1.3572143254291873
2734171.0,13.073801018000001,13.073801018000001,-1.1162794876270383
2734172.0,31.3341861761,31.3341861761,-1.4960184195140878
2734174.0,26.15528072495,26.15528072495,-1.3310221546565648
2734175.0,22.71789150505,22.71789150505,-1.2881103175697497
2734176.0,6.6203866179999995,6.6203866179999995,-0.8207646854637791
2734177.0,17.3344712,17.3344712,-1.2389105977417731
2734178.0,13.243484783949999,13.243484783949999,-1.1202904992351566
2734179.0,26.728982341,26.728982341,-1.4268466625454455
2734180.0,35.05953162195,35.05953162195,-1.542230536525612
2734181.0,14.64765101595,14.64765101595,-1.1096762131804647
2734223.0,18.6657143039,18.6657143039,-1.2710446142626632
2734225.0,5.40996459595,5.40996459595,-0.7325962554603906
2734227.0,18.642161556,18.642161556,-1.2332362724513517
2734229.0,10.047000721949999,10.047000721949999,-0.9965309708755294
2734235.0,31.4549691799,31.4549691799,-1.497689263992304
2734237.0,12.0,12.0,-1.0791812460476249
2734239.0,28.23655819195,28.23655819195,-1.4503296787883904
2734241.0,7.57477548,7.57477548,-0.8793697646671278
2734243.0,17.382208517949998,17.382208517949998,-1.2339764702746383
2734247.0,23.960509036,23.960509036,-1.3794960403106613
2734248.0,10.52676469395,10.52676469395,-1.012010862747111
2734249.0,5.1592582439,5.1592582439,-0.7125872667943796
2734250.0,23.5643457439,23.5643457439,-1.3722553862234514
2734398.0,11.1633157919,11.1633157919,-1.0477932103937768
2734672.0,19.81201337595,19.81201337595,-1.2863293587648252
2734687.0,8.0626404361,8.0626404361,-0.9064772923059122
2734952.0,6.742301416,6.742301416,-0.8288081638449181
2734956.0,8.96964972995,8.96964972995,-0.95267354061189
2735009.0,21.77672935995,21.77672935995,-1.3379583485536566
2735045.0,30.23024212595,30.23024212595,-1.4772209202703273
2735086.0,10.999213624,10.999213624,-1.0413616368886383
2735101.0,21.283677682,21.283677682,-1.3250056648310395
2735107.0,11.7342014319,11.7342014319,-1.0679918083181121
2735122.0,33.66639262,33.66639262,-1.5271965838915094
2736548.0,15.2274298199,15.2274298199,-1.1826266066039035
27368.0,12.4554542479,12.4554542479,-1.0953595707933612
2737408.0,16.461207308,16.461207308,-1.1081612398404412
27400.0,29.510765828,29.510765828,-1.4699804799357066
2741.0,15.395493342,15.395493342,-1.1863786669264211
27423.0,23.124388515950002,23.124388515950002,-1.3385500664468246
27447.0,24.449458488,24.449458488,-1.3882692447161697
27448.0,22.8512668841,22.8512668841,-1.3589102825468702
27457.0,12.385427344,12.385427344,-1.0929109959795227
27458.0,23.844824664,23.844824664,-1.3773941333231574
27461.0,15.85168360995,15.85168360995,-1.180587668930336
27465.0,26.123016648,26.123016648,-1.4170233271946262
2750.0,17.435881547999998,17.435881547999998,-1.2409267308364615
275196.0,11.702337848,11.702337848,-1.068272632093287
2753.0,8.1678683959,8.1678683959,-0.9121087316015184
2755.0,14.0506920279,14.0506920279,-1.1476977147391019
2756.0,12.3636581059,12.3636581059,-1.0890232178887844
2756017.0,13.4392078119,13.4392078119,-1.1041780842353852
2757748.0,12.7645771139,12.7645771139,-1.0528224133134827
2758.0,10.2619199279,10.2619199279,-1.011228621603048
27582.0,35.16548086225,35.16548086225,-1.5459249760322438
2758725.0,10.9068136419,10.9068136419,-1.0204383864984883
2758873.0,14.59642432,14.59642432,-1.1642464798745795
2758874.0,9.5495182439,9.5495182439,-0.9799814627572276
2761171.0,14.6908380759,14.6908380759,-1.1670465719207361
2762.0,15.90342800445,15.90342800445,-1.1740538313656752
2763.0,19.7490498129,19.7490498129,-1.295546205231272
2763760.0,15.36315809395,15.36315809395,-1.0751056907587113
27648.0,20.31474393995,20.31474393995,-1.2810559353294582
27655.0,17.31303488745,17.31303488745,-1.2185772391180802
27661.0,3.999342556,3.999342556,-0.601988604385847
2767.0,16.91262828,16.91262828,-1.2282111036831285
27689.0,8.02978853,8.02978853,-0.8054859377795232
2769.0,16.719992384,16.719992384,-1.2232360752807772
2769348.0,7.6121135559,7.6121135559,-0.8815052583765314
2771871.0,35.2839563921,35.2839563921,-1.5475772766559426
2775.0,24.54392990195,24.54392990195,-1.3827242380191116
27756.0,15.427469904399999,15.427469904399999,-1.1465169773599908
2776282.0,2.9979341479,2.9979341479,-0.4768220889799885
2777982.0,17.7173461279,17.7173461279,-1.2483986696771476
2779938.0,16.155271452,16.155271452,-1.2083142597300331
27812.0,34.7673732799,34.7673732799,-1.5411718804118413
2787.0,19.14996424,19.14996424,-1.2821679673184705
27872.0,15.851432186,15.851432186,-1.2000529757522052
2788.0,23.7653604241,23.7653604241,-1.375944405166052
27882.0,24.953248616,24.953248616,-1.3971270936131284
2789.0,14.92395269595,14.92395269595,-1.0979003281031612
27891.0,11.2572755601,11.2572755601,-1.0514332970534241
27901.0,18.4783038279,18.4783038279,-1.2666621036810937
27918.0,13.4955984139,13.4955984139,-1.1283628678480118
27941.0,10.5988494799,10.5988494799,-1.0252587245431275
2795.0,10.7371479139,10.7371479139,-1.0253096940359514
2796.0,10.682506912,10.682506912,-1.0286731824948496
2797.0,9.4584215879,9.4584215879,-0.975818667812
27979.0,11.645692752,11.645692752,-1.0340346163090302
27982.0,17.889722647950002,17.889722647950002,-1.231879259895358
2799.0,11.6566184359,11.6566184359,-1.0665725806437012
27990.0,16.04545191595,16.04545191595,-1.1779804700515668
2800.0,19.546472610000002,19.546472610000002,-1.289864281506684
2801.0,19.5469203839,19.5469203839,-1.2910783440525266
2803.0,8.79934723595,8.79934723595,-0.9324609623491438
2804.0,9.056083632,9.056083632,-0.9569404245275442
28118.0,10.12729638595,10.12729638595,-0.9582130048389861
28145.0,9.67371410995,9.67371410995,-0.9843214424135225
2817.0,26.828087948,26.828087948,-1.428589721377742
28207.0,32.393550602000005,32.393550602000005,-1.4967698822028013
28213.0,10.284347492,10.284347492,-0.994790033979595
28280.0,17.084555735949998,17.084555735949998,-1.227496683646482
28292.0,4.6040982399,4.6040982399,-0.6631445818107705
2829432.0,31.467609024,31.467609024,-1.4978637455464705
28308.0,28.159643676,28.159643676,-1.4496271550678714
283654.0,12.090939784,12.090939784,-1.057116150114001
28417.0,16.83355284,16.83355284,-1.2261757865621192
284314.0,10.985404293999999,10.985404293999999,-1.0370026607509848
2843496.0,11.94614361195,11.94614361195,-1.0642519047793564
28446.0,20.5402222759,20.5402222759,-1.3126051390019853
28503.0,12.076421344,12.076421344,-1.0819382570656966
285097.0,26.3467243399,26.3467243399,-1.4207266275357535
28620.0,17.39315474,17.39315474,-1.240378360721195
28693.0,7.68519626195,7.68519626195,-0.7900182464338891
28697.0,13.8873366961,13.8873366961,-1.1426189650254581
28700.0,21.87453637395,21.87453637395,-1.3362297919274884
2871.0,9.2481764439,9.2481764439,-0.9660561069632554
28718.0,30.1299383775,30.1299383775,-1.4778393595211141
28767.0,30.390908656,30.390908656,-1.4827436852193725
28777.0,27.84087388395,27.84087388395,-1.4210791600625523
2879.0,12.731092432,12.731092432,-1.1048656712760885
28803.0,57.0653233536,57.0653233536,-1.7563722824850447
2883.0,16.56342976785,16.56342976785,-1.2166389109989022
28858.0,20.434742297950002,20.434742297950002,-1.3068872848743123
28871.0,21.30726733195,21.30726733195,-1.3284716470393907
28891.0,49.4167054604,49.4167054604,-1.6938737882521733
289.0,36.2493528682,36.2493528682,-1.5593002578510555
28935.0,30.55842296395,30.55842296395,-1.4843433651586972
2898.0,13.6715784959,13.6715784959,-1.1358186603236675
28999.0,6.86336511195,6.86336511195,-0.8249075386151139
2904.0,8.2960010639,8.2960010639,-0.9188687990760026
29096.0,19.309417128,19.309417128,-1.285769164410476
2910.0,17.6671416964,17.6671416964,-1.1161819254869445
29112.0,14.284948708,14.284948708,-1.1548786853297133
2912.0,7.3098154639,7.3098154639,-0.863906413343423
2913.0,42.7350527418,42.7350527418,-1.6307842442834246
29216.0,32.4641457801,32.4641457801,-1.5114025710808532
29249.0,10.209404032,10.209404032,-1.0090003911399914
29307.0,20.193616264,20.193616264,-1.305214099174822
29327.0,17.608044044,17.608044044,-1.2457111158720884
29354.0,8.165719816,8.165719816,-0.9119944742334772
29393.0,6.9901588679,6.9901588679,-0.8444870462275517
2943.0,17.688142874,17.688142874,-1.247391074028322
2944.0,12.955445185999999,12.955445185999999,-1.11245199398173
2950.0,21.626697092,21.626697092,-1.3349901974673344
2955.0,21.08477813595,21.08477813595,-1.3222998161253554
2969.0,8.808325426,8.808325426,-0.8952817681923085
2972.0,15.8241468079,15.8241468079,-1.1993203034217792
29732.0,20.11626138195,20.11626138195,-1.297623698858204
298107.0,40.115532004,40.115532004,-1.6033125561015078
298391.0,17.226245792,17.226245792,-1.2361906396378264
29858.0,21.9811918199,21.9811918199,-1.3420512361663428
29872.0,23.321223486050002,23.321223486050002,-1.3659774370079116
2997.0,15.410695325950002,15.410695325950002,-1.1731259057149774
2998.0,25.210711356,25.210711356,-1.401585100084493
2999413.0,40.44750231985,40.44750231985,-1.6061675634609154
300.0,17.82346254995,17.82346254995,-1.2240800924685702
3000579.0,10.9450126759,10.9450126759,-1.03921626887976
3001055.0,24.0796889044,24.0796889044,-1.3816508717894758
30019.0,10.86653686,10.86653686,-1.01527373974927
3002119.0,12.489057996,12.489057996,-1.0965296823639297
3002190.0,5.153876532,5.153876532,-0.7121340102347979
3003141.0,16.970899003950002,16.970899003950002,-1.229699933188178
3003870.0,106.256816163,106.256816163,-2.0263567987414595
3011155.0,9.735958830000001,9.735958830000001,-0.9759876548004891
3014138.0,38.724367832,38.724367832,-1.5879843367136197
3016.0,7.75330927395,7.75330927395,-0.8598739177687791
3017.0,13.150199333949999,13.150199333949999,-1.11855552292614
3019.0,22.188860436,22.188860436,-1.3461349985337059
3023.0,11.675060057949999,11.675060057949999,-1.0579076373401242
30231.0,12.535867312,12.535867312,-1.0981543866217345
3025067.0,16.8260826559,16.8260826559,-1.225983017998889
3026.0,16.58257560995,16.58257560995,-1.2195187640969363
3030.0,22.07097802,22.07097802,-1.3438215782580853
3030770.0,3.2152091439,3.2152091439,-0.5072092282983309
3032297.0,6.3078889399,6.3078889399,-0.7998840383009374
30323.0,8.0229128119,8.0229128119,-0.9043320725818462
3032325.0,10.7280815239,10.7280815239,-1.0305220651087725
3032361.0,7.9307761039,7.9307761039,-0.8993156893539751
3032581.0,16.70921071575,16.70921071575,-1.2016453477246163
3032791.0,64.667582853,64.667582853,-1.7796966423687923
3032818.0,11.119066468,11.119066468,-1.0460683263813615
3032854.0,26.436426116,26.436426116,-1.4222027434380655
3033151.0,12.549460716,12.549460716,-1.0986250634188433
3033226.0,28.2002752919,28.2002752919,-1.445114372778443
3033674.0,9.635277076,9.635277076,-0.9838642079222122
3033690.0,15.4130548879,15.4130548879,-1.1878887249916308
3033769.0,22.3385370319,22.3385370319,-1.3490547274287554
3033817.0,24.518846256,24.518846256,-1.3895000304287004
3033825.0,42.2399415635,42.2399415635,-1.6250904328984865
3033842.0,17.3738664182,17.3738664182,-1.0567970729936333
3033865.0,22.0225699239,22.0225699239,-1.3428679975896058
3033871.0,3.3793186959,3.3793186959,-0.5288291510362468
3033877.0,20.17448151995,20.17448151995,-1.294366853352518
3033968.0,27.43800481405,27.43800481405,-1.4361658795303196
3033992.0,13.66901067195,13.66901067195,-1.0638128187732478
3034285.0,31.49924887395,31.49924887395,-1.4981588399034154
3034287.0,7.150234752,7.150234752,-0.854320300517807
3034319.0,18.190287992000002,18.190287992000002,-1.1739816052053147
3034351.0,11.9094963159,11.9094963159,-1.0758933944088156
3034658.0,21.816684836,21.816684836,-1.3387887578556341
3035.0,14.404273764,14.404273764,-1.1584913668692491
3035267.0,10.9862934359,10.9862934359,-1.0408511945297116
3035467.0,27.36649896565,27.36649896565,-1.2579002766196608
3036.0,15.6934848439,15.6934848439,-1.1957193923076452
30360.0,22.948756178,22.948756178,-1.3582370664632706
3036780.0,6.8053520799,6.8053520799,-0.8328505986653387
3036974.0,17.476781236,17.476781236,-1.2424614500281732
3037.0,29.231269736,29.231269736,-1.4658476804741487
3037582.0,6.4337751039,6.4337751039,-0.808465875831993
3038522.0,19.58282183995,19.58282183995,-1.286740450064571
3039.0,22.1741410239,22.1741410239,-1.345846805243076
3041255.0,15.293060950000001,15.293060950000001,-1.18259231088819
3045335.0,15.0418460639,15.0418460639,-1.0346514308386532
3045381.0,18.05587922195,18.05587922195,-1.2522963648935677
3045402.0,9.3634534559,9.3634534559,-0.9714360560269376
3045407.0,27.8224808764,27.8224808764,-1.3593012718452326
3045414.0,7.495130888,7.495130888,-0.8747792213657272
3047798.0,13.998269152,13.998269152,-1.1460743396635102
30479.0,8.37253164795,8.37253164795,-0.9227494926496476
3048355.0,19.03384784,19.03384784,-1.2795265931611868
3050408.0,31.4554982499,31.4554982499,-1.4976353350572182
3052775.0,12.866807462,12.866807462,-1.1089804830587864
3054.0,10.655359802,10.655359802,-0.9858605821744717
30541.0,16.93585216,16.93585216,-1.2279762514073451
3055.0,19.9065940199,19.9065940199,-1.2989969594297357
3058739.0,8.321812218,8.321812218,-0.9193038602597066
3058754.0,19.260697114,19.260697114,-1.279772395942208
3058839.0,7.411716348,7.411716348,-0.8664075390770596
3059.0,26.43295369595,26.43295369595,-1.422061410087847
3060974.0,15.5849301879,15.5849301879,-1.1927048612116584
30623.0,21.667368644,21.667368644,-1.335806172382135
30627.0,17.512243124,17.512243124,-1.200139322947528
3067270.0,16.464701028,16.464701028,-1.2034495162527814
3068143.0,8.819033368,8.819033368,-0.9454209858178105
30692.0,32.381994616,32.381994616,-1.5103035962407887
307.0,20.0600771164,20.0600771164,-1.3023325982338814
30709.0,30.2440883,30.2440883,-1.4798948942267947
30717.0,12.5198554799,12.5198554799,-1.0975993157239152
3073.0,19.948498596,19.948498596,-1.240559940658153
3074.0,31.5979004761,31.5979004761,-1.4996582268609226
3074827.0,12.638524436,12.638524436,-1.101696372466124
30771.0,5.9189286399,5.9189286399,-0.772243104039352
30773.0,11.104353345949999,11.104353345949999,-1.04535407323954
3078952.0,88.3722894689,88.3722894689,-1.9463161064456633
308.0,9.3837214679,9.3837214679,-0.9723751083626608
3080.0,16.367300268,16.367300268,-1.213977049882122
3081.0,8.4194176919,8.4194176919,-0.9252820556398205
3081304.0,19.194727344,19.194727344,-1.2820004392847477
3081361.0,18.9102348969,18.9102348969,-1.256800395082672
3081545.0,7.22526236,7.22526236,-0.8588536215921224
3082.0,18.287551784,18.287551784,-1.2621555689063604
3083546.0,17.8130062881,17.8130062881,-1.250737221212421
3083585.0,11.112302132,11.112302132,-1.0458040409077989
3083671.0,91.3419913716,91.3419913716,-1.9606704755463256
3083802.0,9.131866047900001,9.131866047900001,-0.9604873605067992
3083870.0,6.8978060919,6.8978060919,-0.8387109815069449
3084014.0,10.626551840000001,10.626551840000001,-1.0261216480471704
3085326.0,19.8350715959,19.8350715959,-1.297433772425404
3086157.0,16.3609591719,16.3609591719,-1.2138087608788548
3086172.0,13.2559111359,13.2559111359,-1.122409584026426
3086618.0,9.69451020595,9.69451020595,-0.9847887246962224
3089.0,15.196191316,15.196191316,-1.1817347525689208
3090.0,13.4932287,13.4932287,-1.1301158813856367
30914.0,6.94328333995,6.94328333995,-0.8409598120117292
3092.0,12.035074636,12.035074636,-1.0804487879141185
3100.0,25.611793972,25.611793972,-1.4084399995872618
31018.0,13.19271271,13.19271271,-1.0979408768888221
3102.0,9.06685296,9.06685296,-0.9574565726971284
31060.0,12.148682512,12.148682512,-1.020967496879511
31070.0,11.56091739595,11.56091739595,-1.0629922516813768
31072.0,16.9268806919,16.9268806919,-1.2285769331171856
3108.0,197.5901679039,197.5901679039,-2.2954277090339574
311.0,11.906049224,11.906049224,-1.075767673753059
31100.0,7.9131478679,7.9131478679,-0.8983492811847335
31101.0,14.3745415641,14.3745415641,-1.157594002971654
3114.0,13.7085040319,13.7085040319,-1.125868040793872
31143.0,7.9100290399999995,7.9100290399999995,-0.8823906616929951
3117.0,25.03889924065,25.03889924065,-1.3985050338199856
31170.0,10.613087588,10.613087588,-1.0258417484027065
3118.0,10.824961955900001,10.824961955900001,-1.0283397410683384
31195.0,10.615309236,10.615309236,-1.0259326501772168
3120.0,18.66686869995,18.66686869995,-1.2704904938110937
31200.0,34.8982524539,34.8982524539,-1.54229659402969
31202.0,15.09757570995,15.09757570995,-1.1562257121799213
31208.0,31.296399991999998,31.296399991999998,-1.4928884765053558
31209.0,19.347518106000003,19.347518106000003,-1.2716288605427095
3121.0,13.4639393399,13.4639393399,-1.1291721463125353
31211.0,39.572498749450006,39.572498749450006,-1.5921436773254003
31214.0,4.9991141519,4.9991141519,-0.6902566931966767
31215.0,16.2804226239,16.2804226239,-1.2116656745608831
31217.0,26.9262876039,26.9262876039,-1.4301764802485
31219.0,10.85861883395,10.85861883395,-1.0107514900344037
31222.0,14.192551009949998,14.192551009949998,-1.1419575151780605
31223.0,15.85916061995,15.85916061995,-1.162313717554445
31224.0,7.678033808,7.678033808,-0.885250020075671
31225.0,7.8930156,7.8930156,-0.8972429611592514
31226.0,11.115112020000002,11.115112020000002,-1.0458544741273996
31227.0,11.0562395719,11.0562395719,-1.0436074406331384
31230.0,11.54736431605,11.54736431605,-1.0193319314110858
31234.0,21.178967204,21.178967204,-1.3259047778422848
31236.0,12.975636116,12.975636116,-1.1116705089319683
31237.0,24.5840854369,24.5840854369,-1.3906540565515169
31241.0,19.12112579795,19.12112579795,-1.2803201514727716
31242.0,13.755557796,13.755557796,-1.1384782059807455
31243.0,16.791404152,16.791404152,-1.2250870147781479
31244.0,18.925192332,18.925192332,-1.2770403018208212
312440.0,12.18604186,12.18604186,-1.0757419909208545
31251.0,5.055363742,5.055363742,-0.7036634902288288
31253.0,25.757177888,25.757177888,-1.4108982773675087
31255.0,9.501576458,9.501576458,-0.9769003307143456
31256.0,31.63851213435,31.63851213435,-1.4586368056231322
31260.0,10.4234304159,10.4234304159,-1.0180106715082382
31261.0,10.23056714,10.23056714,-1.0076807680100028
31263.0,9.081968018,9.081968018,-0.9321110208401366
31264.0,28.2204249679,28.2204249679,-1.4505635494546263
31265.0,17.87036260595,17.87036260595,-1.2487215482908933
31269.0,23.04745632205,23.04745632205,-1.3413018635740328
31272.0,20.88136307605,20.88136307605,-1.265154343681504
31276.0,8.8623194439,8.8623194439,-0.9475474002005237
31279.0,11.80463186595,11.80463186595,-0.9659658344156195
31280.0,13.633228224,13.633228224,-1.1345987049811195
31283.0,10.45981276595,10.45981276595,-1.0072588451221964
31284.0,9.5235402799,9.5235402799,-0.9787984229863684
31286.0,24.7812926704,24.7812926704,-1.368090760721934
31288.0,17.862668991950002,17.862668991950002,-1.1594404762422525
31289.0,4.6202031519,4.6202031519,-0.6646610720516727
31291.0,14.420251681549999,14.420251681549999,-1.100011086066466
312915.0,6.5213446679,6.5213446679,-0.8143371542653235
31294.0,16.756575527949998,16.756575527949998,-1.1748349471409592
31296.0,8.906956453900001,8.906956453900001,-0.9497118006336218
31298.0,7.997039244,7.997039244,-0.8112268026181872
31307.0,8.646724525949999,8.646724525949999,-0.9225671449164405
31315.0,17.79785226595,17.79785226595,-1.2478500915731274
31326.0,5.845299984,5.845299984,-0.7668068043007239
31331.0,7.2056409639,7.2056409639,-0.8576726186966699
31335.0,33.853992756,33.853992756,-1.5296098969395706
31337.0,5.5803605599,5.5803605599,-0.7466622606071242
31340.0,10.6979132799,10.6979132799,-1.0292990730679206
31343.0,8.150388636,8.150388636,-0.9111783177517763
31344.0,18.5246739207,18.5246739207,-1.2604987613920215
31347.0,13.138038476,13.138038476,-1.1185305294064554
31352.0,17.313404756,17.313404756,-1.2383824821642666
31353.0,12.20221187395,12.20221187395,-1.0401290197485342
31355.0,4.191050556,4.191050556,-0.6223228996931619
31356.0,16.94966322005,16.94966322005,-1.2239103781199603
31357.0,18.603807,18.603807,-1.2696018253960375
31362.0,26.719505108,26.719505108,-1.4268284099840787
31368.0,10.2404992839,10.2404992839,-1.0103211315379148
31373.0,18.146949772,18.146949772,-1.2588036371675309
31374.0,22.013967777199998,22.013967777199998,-1.2685224169264677
31378.0,13.541935876,13.541935876,-1.116995638672459
31386.0,13.2771752039,13.2771752039,-1.1231056861876325
31389.0,10.2903173679,10.2903173679,-1.012428769223291
31390.0,26.910860522,26.910860522,-1.4299275853141415
31398.0,13.2069326879,13.2069326879,-1.1208019643670264
31404.0,16.0911313319,16.0911313319,-1.2065865794581818
31405.0,5.3921148919,5.3921148919,-0.7317591373081601
31423.0,38.0722856143,38.0722856143,-1.5806089498346487
31426.0,12.0,12.0,-1.0791812460476249
31432.0,13.6202865879,13.6202865879,-1.1341862457731031
31475.0,12.83139884,12.83139884,-1.1082740044168224
31477.0,19.290941392,19.290941392,-1.28535342159801
31492.0,34.667887842,34.667887842,-1.5388002730015558
3151.0,21.842348008000002,21.842348008000002,-1.3310113764152347
31553.0,49.436865595,49.436865595,-1.6940509277371532
31573.0,16.9175766519,16.9175766519,-1.228338152906166
31657.0,18.021199016049998,18.021199016049998,-1.2483019911103264
31677.0,27.0436769839,27.0436769839,-1.4320657399786347
3169.0,25.031285252,25.031285252,-1.3984831493893322
31728.0,9.27880827595,9.27880827595,-0.9330067309455372
31736.0,19.928484052,19.928484052,-1.29524772070998
31772.0,5.7564988959,5.7564988959,-0.7601584257001514
31799.0,19.9020195993,19.9020195993,-1.2893691446351112
3182.0,22.139194904,22.139194904,-1.3451618236290794
31899.0,20.6197780519,20.6197780519,-1.314283986294061
3191.0,22.1068533761,22.1068533761,-1.3445269307900243
31954.0,14.282307924,14.282307924,-1.154798392150908
31957.0,22.993161488,22.993161488,-1.3615986895118155
32065.0,12.546424828,12.546424828,-1.0985199888710497
320930.0,22.729723442,22.729723442,-1.35636534835088
32152.0,12.7204567601,12.7204567601,-1.1045027060316939
32154.0,11.057573818049999,11.057573818049999,-1.0433384228469396
32169.0,8.66720418395,8.66720418395,-0.8424125187427172
32184.0,20.935565172,20.935565172,-1.3208846895056263
3220.0,38.6630337099,38.6630337099,-1.5872959281141048
3224.0,8.521207704,8.521207704,-0.927504346188202
32241.0,13.718770776,13.718770776,-1.1373151996275692
3225.0,10.09791793395,10.09791793395,-0.9840574926838053
3226.0,14.426716072,14.426716072,-1.159167484654283
3229.0,19.1880503881,19.1880503881,-1.2830308502589967
323.0,15.472034644,15.472034644,-1.1895474291847115
32322.0,22.83082462,22.83082462,-1.3585215979312353
32343.0,19.401213696,19.401213696,-1.2551691459516698
32346.0,8.355460568,8.355460568,-0.9219703939814209
3242.0,5.592863564,5.592863564,-0.7476342249916381
3246155.0,22.6083411039,22.6083411039,-1.354268696982544
32484.0,10.3781220599,10.3781220599,-1.0161187742437898
32485.0,18.108932592,18.108932592,-1.2578928521325936
32490.0,8.7126403759,8.7126403759,-0.9401497884073728
325.0,14.1944553199,14.1944553199,-1.1521187321137012
325003.0,18.61511526395,18.61511526395,-1.2570189860577075
32518.0,15.5161973759,15.5161973759,-1.190785295465208
3255932.0,15.5349054321,15.5349054321,-1.1913086138547755
3259.0,24.70508676195,24.70508676195,-1.391536409346506
326.0,19.91602171805,19.91602171805,-1.2926017117759003
3261.0,7.754783356,7.754783356,-0.889569669511587
32681.0,10.6409571079,10.6409571079,-1.0269806926193008
3270262.0,22.922913544,22.922913544,-1.3602698164221114
32731.0,15.562650692,15.562650692,-1.1920835697016408
32739.0,21.009118066,21.009118066,-1.2787633915252776
3275.0,20.609391051400003,20.609391051400003,-1.2462161105232192
3276.0,7.947471074,7.947471074,-0.8928556804984438
32778.0,6.0417221359,6.0417221359,-0.7811607478124226
3278.0,36.740252345,36.740252345,-1.5605895514144534
32793.0,15.017997529999999,15.017997529999999,-1.1765738128024403
32798.0,6.4823727039,6.4823727039,-0.811733997167327
3282.0,10.687274864,10.687274864,-1.0288669790716838
32872.0,18.933758216,18.933758216,-1.2584656682510282
3289.0,9.95054347,9.95054347,-0.9971026185303682
32897.0,13.497819532,13.497819532,-1.1302636172576956
32912.0,27.2605769001,27.2605769001,-1.4355350423232678
3293.0,33.026752463950004,33.026752463950004,-1.5185910150896889
32933.0,15.2528665519,15.2528665519,-1.1833514706127723
3295.0,15.0013256279,15.0013256279,-1.176129638218625
32995.0,15.9696767879,15.9696767879,-1.2032961264921473
329983.0,9.333706084,9.333706084,-0.9700541209431061
33.0,18.92570281,18.92570281,-1.2546471550974583
33005.0,41.7053869773,41.7053869773,-1.620192155295417
3301.0,16.448282872,16.448282872,-1.21419173506457
33032.0,19.58170264,19.58170264,-1.291850451257112
33039.0,10.12462802,10.12462802,-1.0053790761505081
3305.0,12.3200179039,12.3200179039,-1.0906113389614687
3308.0,7.83372392,7.83372392,-0.8939682618591119
3309.0,12.40484361395,12.40484361395,-1.0903211180643113
33133.0,7.121336664,7.121336664,-0.8165692130860689
3314.0,16.132467284,16.132467284,-1.2077007930481738
3316.0,8.3114071639,8.3114071639,-0.919674558294437
3321360.0,16.41715646395,16.41715646395,-1.214683649627713
3324.0,21.99249716,21.99249716,-1.3361504356127312
3325.0,8.114934572,8.114934572,-0.9021332022484709
33254.0,17.276847068,17.276847068,-1.2374644889584496
33255.0,28.229109968,28.229109968,-1.450697185547565
33256.0,7.1075489999,7.1075489999,-0.8517198624268947
3326.0,13.269899856,13.269899856,-1.1228676453851059
33263.0,12.760213532,12.760213532,-1.1058579420178531
33286.0,8.8304085559,8.8304085559,-0.9357945731721307
3331.0,12.038505388,12.038505388,-1.0781220670760572
3332.0,14.74586743495,14.74586743495,-1.1652042415100143
3333.0,21.9259899857,21.9259899857,-1.3397981825658531
33344.0,20.5012340079,20.5012340079,-1.3117800028456161
3335.0,31.551074134,31.551074134,-1.4990141490802567
33360.0,19.01711912995,19.01711912995,-1.2759290679597406
3337.0,7.38263,7.38263,-0.8682111031529386
3339.0,14.489905031950002,14.489905031950002,-1.15693172409991
3345.0,17.62183398,17.62183398,-1.24605110532152
3346.0,15.292812237949999,15.292812237949999,-1.1844399152532072
3347.0,9.88154191205,9.88154191205,-0.9900584292312877
33478.0,12.65141532795,12.65141532795,-1.1019812022535125
335.0,11.5268750999,11.5268750999,-1.0617115873632375
33500.0,7.84373122,7.84373122,-0.8945227033447007
3352.0,14.9262598319,14.9262598319,-1.1739509974195912
33528.0,39.07016073174999,39.07016073174999,-1.5913876236725375
3354132.0,33.12246979105,33.12246979105,-1.5145974805355862
33557.0,20.22016842,20.22016842,-1.3050091940792374
3356.0,32.650448148,32.650448148,-1.5138891466177626
3356745.0,11.55162940995,11.55162940995,-1.0545201336526469
3357.0,15.675196456,15.675196456,-1.0514862508584055
33599.0,15.0669212001,15.0669212001,-1.1780245169190533
33611.0,19.2636936859,19.2636936859,-1.262266287810883
33613.0,15.89250204,15.89250204,-1.186487767253464
3362.0,23.199067032000002,23.199067032000002,-1.3575633317705362
33624.0,6.7995869699,6.7995869699,-0.7988933863782832
33630.0,11.021805646,11.021805646,-1.039254956378106
3365.0,22.957366104,22.957366104,-1.3609220600275396
3366.0,19.1626617321,19.1626617321,-1.2824558333059888
3371.0,47.9331381855,47.9331381855,-1.680635863208988
3372.0,15.59823248195,15.59823248195,-1.1673677364945725
3373.0,16.5581676599,16.5581676599,-1.2189312796416027
33733.0,10.620959972,10.620959972,-0.9825775588334842
337359.0,9.4784123679,9.4784123679,-0.9767355991943278
3374.0,33.8954861615,33.8954861615,-1.530141867357206
33741.0,18.355826086,18.355826086,-1.165368156671524
33775.0,14.89557740005,14.89557740005,-1.1729953066599341
3378440.0,24.48386566595,24.48386566595,-1.3409302181503262
33786.0,165.2437946842,165.2437946842,-2.2181251596250875
338.0,17.051091932,17.051091932,-1.2317521959301376
3385.0,21.4679563368,21.4679563368,-1.3288666351989946
3386.0,24.052321252000002,24.052321252000002,-1.3482943257630775
338733.0,7.882434624,7.882434624,-0.896660377446737
33919.0,20.08732712795,20.08732712795,-1.299880210394317
33925.0,13.33209488,13.33209488,-1.1248983957261025
3394.0,11.6299801519,11.6299801519,-1.065578973548082
3395.0,11.964933128,11.964933128,-1.0779102756847883
3396.0,22.3542583919,22.3542583919,-1.3493602666152344
33960.0,46.4338040357,46.4338040357,-1.6668208599300232
3397.0,15.60605014,15.60605014,-1.1932929979076172
34.0,13.461021336,13.461021336,-1.1290780126191078
34001.0,15.005652768,15.005652768,-1.1762548926215233
34051.0,11.6566611919,11.6566611919,-1.058792983986835
34081.0,13.432719099900002,13.432719099900002,-1.1234779522933143
3417419.0,25.897460964,25.897460964,-1.4132571871168789
3418.0,13.046048532,13.046048532,-1.1154789897882311
34192.0,23.390138891950002,23.390138891950002,-1.3650953072831378
342.0,15.510927695949999,15.510927695949999,-1.1537515024338951
3420996.0,15.910241572,15.910241572,-1.201676773775438
3423265.0,10.39892786,10.39892786,-1.016988565405686
34286.0,7.1064076479,7.1064076479,-0.8516501164879058
34306.0,12.0666471559,12.0666471559,-1.0815866135959493
34312.0,16.93666700405,16.93666700405,-1.2136734130536895
34313.0,18.044445084,18.044445084,-1.2563435308586826
34359.0,18.0264302439,18.0264302439,-1.2559097323313573
3437285.0,22.619219084,22.619219084,-1.3544776070720181
3437714.0,13.23771548395,13.23771548395,-1.1074535496668607
3440.0,7.987785898,7.987785898,-0.8869259385898427
3442.0,16.470897436,16.470897436,-1.1413998050222303
34458.0,13.1326566439,13.1326566439,-1.1183525896903124
34469.0,31.749875868,31.749875868,-1.501742031676876
3448.0,11.631506636,11.631506636,-1.0656359727956657
34526.0,14.120962684000002,14.120962684000002,-1.1292583536139673
3463.0,15.662853636,15.662853636,-1.1948708896162272
34632.0,11.621969472,11.621969472,-1.065279730321533
3465817.0,14.57098809795,14.57098809795,-0.9937606843445655
34665.0,11.4834446681,11.4834446681,-1.0600721821341779
34697.0,19.3115391839,19.3115391839,-1.285816889648616
34757.0,29.472885024,29.472885024,-1.4694226498871614
3476.0,8.36964287,8.36964287,-0.9201370488524787
34763.0,14.0602524359,14.0602524359,-1.1479931180190999
34766.0,24.949799038000002,24.949799038000002,-1.3955509903795114
3478.0,15.290864052,15.290864052,-1.1844320271005562
3482402.0,12.85076915195,12.85076915195,-1.108717587262616
3485.0,25.57409854595,25.57409854595,-1.407682836264485
3487.0,4.5619945919,4.5619945919,-0.6591547660985912
34870.0,18.079468532,18.079468532,-1.2571856597116786
3488.0,24.887784308,24.887784308,-1.3959862342686273
3489.0,4.6725095559,4.6725095559,-0.6695501982414306
3503.0,30.4194445159,30.4194445159,-1.4831512792146109
3515.0,11.12865204595,11.12865204595,-1.0026972079875613
3516.0,14.6997589359,14.6997589359,-1.1673102127300232
3517.0,33.58848119695,33.58848119695,-1.4889238761266024
352309.0,22.874224698,22.874224698,-1.3587863877922484
35370.0,10.217829892,10.217829892,-1.0093586682052502
35375.0,11.0754240201,11.0754240201,-1.044360362079264
3543259.0,36.88952511545,36.88952511545,-1.546305014906676
35455.0,13.2438873599,13.2438873599,-1.1220154783936898
3552.0,14.338220368,14.338220368,-1.1564952508910642
3559.0,23.029204754000002,23.029204754000002,-1.2761471832348517
356.0,10.190324372,10.190324372,-0.9865775286471827
3561.0,33.4356463039,33.4356463039,-1.5242097224366093
3562.0,20.86826798995,20.86826798995,-1.3175585165161832
3571576.0,6.433712872,6.433712872,-0.8084616750166017
3571582.0,15.07569227595,15.07569227595,-1.1546194179489415
35785.0,15.31646562415,15.31646562415,-1.174936868055923
357904.0,16.76472338,16.76472338,-1.2169086821224098
35805.0,16.99705521195,16.99705521195,-1.2301559420007413
3589.0,13.68465742595,13.68465742595,-1.1343393946842029
35969.0,10.281094089949999,10.281094089949999,-0.9979027272324266
3598.0,17.51686321595,17.51686321595,-1.242938565894168
3599.0,8.935693424,8.935693424,-0.9511282600908684
3604.0,3.547632168,3.547632168,-0.5499385841897928
3607.0,13.9073024079,13.9073024079,-1.1432428982897807
3608.0,17.365363645949998,17.365363645949998,-1.181114532267549
36081.0,8.3144921999,8.3144921999,-0.9198357302223229
3610.0,20.13694694205,20.13694694205,-1.3027026754885156
36102.0,16.08272218,16.08272218,-1.2063595598163186
3613389.0,20.3769866479,20.3769866479,-1.3091399608800072
36143.0,10.894303357950001,10.894303357950001,-1.0336516074200164
36159.0,23.47872474995,23.47872474995,-1.370083556960649
36190.0,27.940672587599998,27.940672587599998,-1.3700833376115422
36242.0,12.3841214359,12.3841214359,-1.0928652019533764
3627.0,27.2990691,27.2990691,-1.4361478378236794
36273.0,9.76995712,9.76995712,-0.9898926576196686
36294.0,4.9664104039,4.9664104039,-0.6960426050261501
36303.0,6.0,6.0,-0.7781512503836436
36324.0,46.8239259919,46.8239259919,-1.6704678246774796
36326.0,15.284770308,15.284770308,-1.1842589167475732
36339.0,12.19419037615,12.19419037615,-0.9990965208443858
36382.0,14.147813836,14.147813836,-1.1506893365166284
36383.0,17.0578288119,17.0578288119,-1.231923751625249
3639.0,16.039239772,16.039239772,-1.2051837797430451
3647.0,13.235426236,13.235426236,-1.1217379319586416
36565.0,13.05354476195,13.05354476195,-1.1066729311218593
3657.0,12.774949476,12.774949476,-1.106359191206923
3658.0,51.86967264515,51.86967264515,-1.7143604744152343
36605.0,10.22643942995,10.22643942995,-1.0024367101900773
36606.0,9.1835146479,9.1835146479,-0.9630089230385712
36679.0,27.6733727719,27.6733727719,-1.4420620932558545
3671.0,15.4854679559,15.4854679559,-1.189924333851307
3672.0,12.610956154,12.610956154,-1.0995926565560148
3676.0,34.5583244199,34.5583244199,-1.538552677301286
3681.0,15.79514926805,15.79514926805,-1.1950734844359774
36811.0,27.719486824,27.719486824,-1.4427851858399119
36822.0,19.08924632595,19.08924632595,-1.2641847349323219
3686.0,40.79753363,40.79753363,-1.6106339090884658
36870.0,14.883977391950001,14.883977391950001,-1.1688808183874178
3689.0,13.2745461339,13.2745461339,-1.1228456418074946
3690.0,11.784217919949999,11.784217919949999,-1.0708838050198315
3696.0,23.800580482,23.800580482,-1.356711016463526
3698.0,20.9441876029,20.9441876029,-1.3210635193202864
370.0,13.566888115450002,13.566888115450002,-1.0951510984905983
3702.0,8.81720102,8.81720102,-0.9453307422192415
37034.0,15.80470266795,15.80470266795,-1.1872012398385041
3712.0,19.307006048,19.307006048,-1.285714932627485
37123.0,14.4877027199,14.4877027199,-1.1609995259012804
37125.0,19.722412576,19.722412576,-1.2949600396293492
3714831.0,22.2039228799,22.2039228799,-1.311022335440247
3715.0,28.094958409900002,28.094958409900002,-1.4485293183582364
3718.0,23.43944226195,23.43944226195,-1.3638072906748022
3723.0,20.8111442667,20.8111442667,-1.3182959598392785
3724.0,13.08151200595,13.08151200595,-1.1075848731393978
3727.0,56.069418703,56.069418703,-1.748726053594694
37274.0,17.6658397944,17.6658397944,-1.2462807785527756
3728.0,44.818828713,44.818828713,-1.6514605025754885
3730.0,11.356047856,11.356047856,-1.0552272140363603
3731.0,8.5800780439,8.5800780439,-0.9334912381844824
3735.0,10.724768572,10.724768572,-1.0303879293893705
3736.0,11.671556269949999,11.671556269949999,-1.0671232369221897
37384.0,4.09016862,4.09016862,-0.6117412124635825
3739.0,7.14866796,7.14866796,-0.8542251255052458
37392.0,24.178868295999997,24.178868295999997,-1.3807742700263133
3740.0,10.4766474999,10.4766474999,-1.0202223317676649
3741.0,7.4429134879,7.4429134879,-0.8717429710345959
3744660.0,40.799852618,40.799852618,-1.6077263288342887
3747.0,16.4009139601,16.4009139601,-1.2148680502896656
3749.0,28.798603818,28.798603818,-1.4587464073849645
37497.0,10.57773561395,10.57773561395,-1.007535537600102
37511.0,20.832591036,20.832591036,-1.2766475765758232
37517.0,14.26737413795,14.26737413795,-1.153347141977644
37524.0,11.590975216,11.590975216,-1.0641199772155292
37542.0,10.4906747919,10.4906747919,-1.0208034242253214
3759.0,13.4358212919,13.4358212919,-1.1282642187139962
3760.0,9.375094896,9.375094896,-0.9710432398037637
3763.0,17.136768644,17.136768644,-1.233928933550875
3767.0,12.4337182559,12.4337182559,-1.0946010221688391
3775.0,13.7946448679,13.7946448679,-1.139710524395005
3776.0,10.523009452,10.523009452,-1.0109559714844907
37767.0,25.3611617719,25.3611617719,-1.4041691443030984
37768.0,11.279888108,11.279888108,-1.0523047916403034
3779.0,19.021772154,19.021772154,-1.267365102067448
37829.0,24.151415632,24.151415632,-1.382942591946637
3784.0,11.26447940395,11.26447940395,-0.9749602309318195
37888454.0,8.4545503919,8.4545503919,-0.9270905170184767
379.0,10.1125753739,10.1125753739,-1.0006949786704822
37910.0,19.0644550324,19.0644550324,-1.1777479306713965
3794540.0,19.716866004,19.716866004,-1.2948378849796858
37995.0,14.329198788,14.329198788,-1.156221907656358
38010.0,12.96852755395,12.96852755395,-1.1124376283446065
38018.0,27.5617108519,27.5617108519,-1.4403061722514925
38037.0,6.36683947795,6.36683947795,-0.7751339110379576
38072.0,251.7323758694,251.7323758694,-2.4009390747347026
38102.0,19.48368448315,19.48368448315,-1.286781499192809
38103.0,7.498888732,7.498888732,-0.8749969096159208
3821.0,59.0303093846,59.0303093846,-1.771075059414189
3822.0,37.3300289431,37.3300289431,-1.563219104839296
38221.0,22.962141792,22.962141792,-1.361012394399496
38235.0,13.45330282195,13.45330282195,-1.1229185443018104
3825.0,18.488048912,18.488048912,-1.266891081442472
38258.0,14.6332973199,14.6332973199,-1.165342196698681
3827.0,9.1356672519,9.1356672519,-0.9455995781861636
3828.0,23.7741996915,23.7741996915,-1.3112902791380296
38283.0,8.0978174041,8.0978174041,-0.9083679797322409
38284.0,16.77245777095,16.77245777095,-1.211237538938756
3830.0,9.44009272795,9.44009272795,-0.9417184409676586
38347.0,66.2143108969,66.2143108969,-1.8209518636370863
3840.0,10.6050707279,10.6050707279,-1.0053280340949664
38409.0,14.80863534,14.80863534,-1.170515038830815
38479.0,9.014422192,9.014422192,-0.9448557727343831
385.0,8.13067440795,8.13067440795,-0.893327147440174
387447.0,36.30459213295,36.30459213295,-1.5588819113989645
38764.0,16.2550095559,16.2550095559,-1.210987229142722
38779.0,18.6245053239,18.6245053239,-1.2700847464966474
3883.0,29.620645566,29.620645566,-1.4616207764247189
3884.0,36.7467508239,36.7467508239,-1.5652189444641766
38852.0,13.929036344,13.929036344,-1.1439210715596506
38853.0,3.089104004,3.089104004,-0.4898325303807394
38855.0,5.8319502079,5.8319502079,-0.7658138074006958
38882.0,12.2055150999,12.2055150999,-1.0865561123336012
38884.0,24.19855635595,24.19855635595,-1.3836397594297136
3893.0,13.96582433,13.96582433,-1.1423063371046784
3894848.0,21.615248424,21.615248424,-1.3347602312438267
3899.0,17.518482022199997,17.518482022199997,-1.2434703862252925
3902.0,26.48487942705,26.48487942705,-1.3523915741087014
39040.0,13.635543396,13.635543396,-1.1305335859831078
39042.0,13.8500331119,13.8500331119,-1.1414508116891509
39147.0,21.32427317805,21.32427317805,-1.3260060112704901
39214.0,8.101486452,8.101486452,-0.9085647100730272
39223.0,17.17643337795,17.17643337795,-1.1620857399699434
3926.0,7.4657169479,7.4657169479,-0.8730715202413155
392622.0,23.17244511695,23.17244511695,-1.3542250635485154
39299.0,21.4503486484,21.4503486484,-1.3314343554879084
39324.0,8.7621673839,8.7621673839,-0.9414787315782391
39327.0,5.88282566195,5.88282566195,-0.7534354321441725
39328.0,7.086270812,7.086270812,-0.8504177455006648
3936.0,15.7157156039,15.7157156039,-1.1963341610932905
39385.0,20.96448458195,20.96448458195,-1.2779429598307361
39424.0,14.5,14.5,-1.1613680022349748
39485.0,10.18325424,10.18325424,-1.0078865867068694
3950.0,15.664679232,15.664679232,-1.1949215061951466
39526.0,24.768941924,24.768941924,-1.3939074548545947
3955.0,6.4002182239,6.4002182239,-0.80619478208074
39562.0,27.49752666285,27.49752666285,-1.4342693631771715
3957.0,13.45005409995,13.45005409995,-1.102148483953911
3958.0,6.202347884,6.202347884,-0.7925561217633487
3965.0,8.49634178795,8.49634178795,-0.9284896496123396
39676.0,28.736462545949998,28.736462545949998,-1.4474219820421312
3969.0,34.4110872159,34.4110872159,-1.5366983943415582
39764.0,9.0371591639,9.0371591639,-0.9560319312122665
398.0,22.1411526519,22.1411526519,-1.3452002261781746
39801.0,9.8680336599,9.8680336599,-0.9932976868097294
39836.0,68.231213169,68.231213169,-1.8339830932192045
39912.0,5.4148466639,5.4148466639,-0.7335861629068647
39965.0,33.4542917879,33.4542917879,-1.524451840496645
39985.0,4.56173673,4.56173673,-0.6384910538976162
4.0,14.606839776,14.606839776,-1.1645562654686985
40000.0,14.605850272,14.605850272,-1.164526844273562
4004.0,11.688218246049999,11.688218246049999,-1.067227563962251
4006.0,15.6690427352,15.6690427352,-1.1568707786441008
400769.0,49.592295923,49.592295923,-1.6954142148369542
40087.0,16.3212529979,16.3212529979,-1.192880035893677
4011.0,7.8415148419000005,7.8415148419000005,-0.894245337854159
40114.0,12.778658128,12.778658128,-1.1064852514591714
40127.0,10.18985471195,10.18985471195,-0.9217555933338151
4021.0,25.479936712,25.479936712,-1.4061983449481124
40273.0,20.137179885850003,20.137179885850003,-1.2939174781975313
403.0,29.4643938749,29.4643938749,-1.4679663526089402
40301.0,37.2896055729,37.2896055729,-1.5544288211798922
40326.0,5.4258139119,5.4258139119,-0.7344648947663724
40399.0,14.166348392,14.166348392,-1.1512579181670586
4041.0,74.6061743339,74.6061743339,-1.870852713409358
4044.0,37.46626591145,37.46626591145,-1.5654081446591421
4047.0,11.75397969195,11.75397969195,-1.0135979140457865
4047281.0,4.97465526,4.97465526,-0.6967629898320419
4054.0,22.82191888,22.82191888,-1.358352157345991
4055.0,39.9740050745,39.9740050745,-1.5953190106893205
40585.0,10.479413073949999,10.479413073949999,-0.9580810132422328
40632.0,6.0,6.0,-0.7781512503836436
4064.0,12.347481286,12.347481286,-1.0891141461743898
406563.0,14.8653784399,14.8653784399,-1.1721759698657621
4066.0,23.184210528,23.184210528,-1.365192311826787
4068533.0,13.78023766395,13.78023766395,-1.1271658446711368
40703.0,15.66260412,15.66260412,-1.1948639710630942
4075.0,14.94987163245,14.94987163245,-1.1745626827814482
4078.0,7.97619620195,7.97619620195,-0.9011617820825356
40813.0,21.91536744,21.91536744,-1.340748756570022
408285.0,5.2302191159,5.2302191159,-0.7185198836727992
40854.0,9.90930925995,9.90930925995,-0.873166665744062
4091.0,13.5078347159,13.5078347159,-1.1230582453852676
4093.0,8.74587172395,8.74587172395,-0.9349846556488037
409301.0,17.0982622719,17.0982622719,-1.232951974481415
4096.0,14.2506832839,14.2506832839,-1.1538356881559755
40973.0,15.16827063,15.16827063,-1.1687697125391805
4100.0,14.40092230745,14.40092230745,-1.1212172333515698
4101.0,12.20509573395,12.20509573395,-1.0851112552416702
41022.0,9.83664028,9.83664028,-0.9928467897922489
410467.0,10.392770692,10.392770692,-0.9510401361399519
4106.0,11.516381852,11.516381852,-1.0613160564723811
4107.0,20.4367331,20.4367331,-1.3104114731633958
4109.0,11.255936432,11.255936432,-1.0513816317517086
4110039.0,33.40489346,33.40489346,-1.5238100909734826
41109.0,3.9679729079,3.9679729079,-0.5985686982629626
41114.0,64.7599569098,64.7599569098,-1.8113065511090953
4114.0,12.0034065601,12.0034065601,-1.0793045160726464
4115.0,14.76153256,14.76153256,-1.1691314488013325
4116.0,5.252135256,5.252135256,-0.7203359017620862
4117.0,33.5,33.5,-1.5250448070368452
41206.0,13.47651025,13.47651025,-1.1029110803670472
4121.0,20.485168305949998,20.485168305949998,-1.3077774788012135
41270.0,19.425336136,19.425336136,-1.2883685425693188
4128060.0,43.081998571650004,43.081998571650004,-1.6342946342652485
4130.0,20.16506046795,20.16506046795,-1.3045238937929007
4132186.0,9.497516856,9.497516856,-0.9736042388542174
4133.0,18.44217793805,18.44217793805,-1.259079908837489
41331.0,28.010718883150002,28.010718883150002,-1.3484008356856996
41368.0,15.539481257999999,15.539481257999999,-1.1913286614329837
41375.0,17.358774736,17.358774736,-1.2395190673742524
41381.0,6.917479904,6.917479904,-0.839947906144094
41384.0,31.088805252,31.088805252,-1.4926040323541048
41385.0,22.96872069195,22.96872069195,-1.3541759746689332
41428.0,18.520563752,18.520563752,-1.2676542021437793
41463.0,18.066170329949998,18.066170329949998,-1.2561085132274663
4156.0,19.4312080119,19.4312080119,-1.288499800939157
41632.0,20.878829208,20.878829208,-1.3197061417075657
4168.0,18.0833244319,18.0833244319,-1.2572782740214947
41684.0,28.0752861127,28.0752861127,-1.4354159320604798
4169.0,10.01010637,10.01010637,-0.9931892886149254
41690.0,20.614717704,20.614717704,-1.3141773919904216
4170.0,9.544643826,9.544643826,-0.9775732232064744
4173.0,12.324530204,12.324530204,-1.0907703734909264
4174.0,20.4751241279,20.4751241279,-1.3112265432968573
41781.0,18.1986845159,18.1986845159,-1.1805438756628979
4184.0,21.2229791041,21.2229791041,-1.3268063464673199
4189.0,11.20094056395,11.20094056395,-1.0491825743154406
4197.0,17.016982286199998,17.016982286199998,-1.2307948970535647
4201.0,12.91543678,12.91543678,-1.1111090979221303
4211.0,11.082279104000001,11.082279104000001,-1.0433366634665209
4235.0,11.6615334854,11.6615334854,-1.0667556636697444
4237.0,26.96109218155,26.96109218155,-1.4194141098083988
42373.0,5.052703876,5.052703876,-0.7035238462715443
42504.0,13.10147456,13.10147456,-1.1173201778872162
4257.0,25.16282845595,25.16282845595,-1.3995859217631375
42574.0,28.0,28.0,-1.4471580313422192
42586.0,8.290085875900001,8.290085875900001,-0.8181700510361392
426756.0,13.18753307725,13.18753307725,-1.07393738720056
42725.0,108.0465939273,108.0465939273,-2.030676760598107
42745.0,30.56895368195,30.56895368195,-1.4852728137543454
4276.0,12.70378463595,12.70378463595,-1.097396813201053
4284.0,5.3521062959,5.3521062959,-0.6894651488836062
4292413.0,3.085971004,3.085971004,-0.4893918410848876
42963.0,20.6837422679,20.6837422679,-1.3156291175584442
4302960.0,35.2187726359,35.2187726359,-1.546774216857155
43079.0,15.99472427,15.99472427,-1.094404042352244
4320947.0,33.2569776279,33.2569776279,-1.52188277828195
43226.0,8.5770385839,8.5770385839,-0.9333373637604273
43231.0,5.925264124,5.925264124,-0.772707714182412
43233.0,13.951779604,13.951779604,-1.144629607100917
43234.0,16.441051988,16.441051988,-1.2159296026180535
43371.0,18.994550767950003,18.994550767950003,-1.2775389538253794
4338370.0,17.53930598,17.53930598,-1.2440124045933318
4343483.0,21.6665765759,21.6665765759,-1.3357902961076158
4348.0,6.564606208,6.564606208,-0.8172086791197759
43507.0,2.6934810479,2.6934810479,-0.43031392407302355
4350929.0,5.57994941195,5.57994941195,-0.7314565028748702
43593.0,12.4987557239,12.4987557239,-1.096866780276747
43598.0,19.20254818995,19.20254818995,-1.1858041999036055
43704.0,11.5076122239,11.5076122239,-1.0609852188893103
4373502.0,6.8037332079,6.8037332079,-0.832747275456621
4379756.0,18.26341748195,18.26341748195,-1.2600551791229204
43815.0,4.213828788,4.213828788,-0.6246768858194467
4385787.0,8.515817864,8.515817864,-0.9302263641911733
439174.0,8.5735648759,8.5735648759,-0.9331614384945545
439250.0,34.51207963,34.51207963,-1.5379688041337785
439260.0,30.64896517395,30.64896517395,-1.4796937466384898
439280.0,10.22614132595,10.22614132595,-1.0079184703469775
439318.0,7.602559648,7.602559648,-0.8809598362079007
439501.0,16.8103265484,16.8103265484,-1.2255761498934117
439524.0,23.297197812,23.297197812,-1.3667587567913362
439570.0,28.8961422149,28.8961422149,-1.4608398660570803
43961.0,13.441226128,13.441226128,-1.1284388874928089
439709.0,9.715551216,9.715551216,-0.9874674455200585
440707.0,13.687338396,13.687338396,-1.136319004575808
44072.0,9.692354724,9.692354724,-0.9864293002092461
44073.0,27.093577687950003,27.093577687950003,-1.4291606520113285
4409.0,5.8343592399,5.8343592399,-0.7659931664900257
440917.0,10.521279971950001,10.521279971950001,-1.0212983093088503
44093.0,20.841746391999997,20.841746391999997,-1.318121578958095
440936.0,19.7963852,19.7963852,-1.2870349074432783
440967.0,13.4705811879,13.4705811879,-1.1293863337521468
440968.0,21.6899915879,21.6899915879,-1.3362593835803842
4410.0,13.612697325949998,13.612697325949998,-1.126943738086884
441071.0,7.427447688,7.427447688,-0.8708396017220238
441080.0,17.4396096079,17.4396096079,-1.2414169576038394
441082.0,40.449220284999996,40.449220284999996,-1.5926752275334441
44112.0,5.592304809950001,5.592304809950001,-0.7366094029226744
441130.0,11.8175421,11.8175421,-1.0410868460752387
441140.0,16.085804976,16.085804976,-1.2064427990202298
441199.0,8.5841653599,8.5841653599,-0.9336980750110628
441207.0,10.573028952,10.573028952,-1.0241994214319348
441244.0,21.7273854799,21.7273854799,-1.3370074695342
441307.0,18.314003476,18.314003476,-1.262783292279915
441308.0,8.39146008195,8.39146008195,-0.9206963250419917
441314.0,17.1624277439,17.1624277439,-1.2345787218112168
441325.0,21.59959626,21.59959626,-1.3256618605764157
441328.0,2.633801092,2.633801092,-0.42058297339392625
441333.0,17.00397779,17.00397779,-1.1876061847710515
441334.0,18.3950588319,18.3950588319,-1.2515175056918026
441336.0,18.3756742799,18.3756742799,-1.2642432841190667
441337.0,7.0225916799,7.0225916799,-0.84649741762296
441345.0,14.049589476,14.049589476,-1.147663634496428
44134533.0,11.20904007995,11.20904007995,-0.9640345623403453
441350.0,18.74378673995,18.74378673995,-1.196560067473594
441351.0,12.272762423949999,12.272762423949999,-0.9836534680427069
44135445.0,19.837042068,19.837042068,-1.2974769143244078
44135675.0,27.21670326275,27.21670326275,-1.3654996465557876
441358.0,4.901346616,4.901346616,-0.6903154162635505
441371.0,31.051809315200003,31.051809315200003,-1.4777104294144427
441374.0,10.3688796879,10.3688796879,-1.0157318353045046
441375.0,12.7607720919,12.7607720919,-1.1058769522148728
441383.0,11.05612126,11.05612126,-1.0436027932591465
441398.0,13.6271045961,13.6271045961,-1.1344035893991873
441401.0,5.9168092439,5.9168092439,-0.7720875679829368
441406.0,46.03587144005,46.03587144005,-1.6263633030579965
441412.0,10.9004265079,10.9004265079,-1.0374434911886607
44151582.0,16.060443511949998,16.060443511949998,-1.1611073553624625
4420.0,44.197472219299996,44.197472219299996,-1.6390363138290813
4420067.0,25.64547571,25.64547571,-1.3814043651915306
442021.0,16.10728771,16.10728771,-1.2069099275390047
4421.0,16.0622721724,16.0622721724,-1.2055174644615128
442291.0,9.40959904,9.40959904,-0.973571117749732
442343.0,15.5157960787,15.5157960787,-1.1514169537351766
442348.0,10.396359532,10.396359532,-0.9898300861365401
44235958.0,7.3991388059,7.3991388059,-0.8642324535240177
442460.0,5.764392324,5.764392324,-0.760753531189492
442482.0,8.58583956,8.58583956,-0.933782768739542
442495.0,10.40111218,10.40111218,-1.0056814024060678
442872.0,11.8471924639,11.8471924639,-1.073615443856796
442972.0,25.23193950495,25.23193950495,-1.367910247692846
443048.0,12.945968728,12.945968728,-1.1121345536108904
443101.0,79.6671013919,79.6671013919,-1.9012790160810469
443130.0,8.753854636,8.753854636,-0.9421993305673362
443297.0,12.54647215995,12.54647215995,-1.094058332479364
443311.0,15.772148336,15.772148336,-1.1978908529309424
443375.0,24.586426057,24.586426057,-1.3870787919254859
443382.0,6.28564304,6.28564304,-0.7983497139134873
443385.0,6.6245715759,6.6245715759,-0.821157796836933
443403.0,8.7309930161,8.7309930161,-0.941063640828945
44341259.0,18.475863247950002,18.475863247950002,-1.2649759791602917
44368.0,142.5294835243,142.5294835243,-2.153904711414368
44373822.0,13.4381053799,13.4381053799,-1.1283380424487324
443753.0,10.82838757395,10.82838757395,-1.0287730194044284
443755.0,12.469538836,12.469538836,-1.095850392156656
44383.0,11.1454048479,11.1454048479,-1.0470958485018216
443831.0,22.9518024719,22.9518024719,-1.3608167976232246
443868.0,21.4033816699,21.4033816699,-1.3304805834040332
443872.0,6.701946892,6.701946892,-0.8262009820485321
443873.0,22.743756510399997,22.743756510399997,-1.2498176567912498
443879.0,50.8326053221,50.8326053221,-1.7061423691560842
443884.0,16.4301702799,16.4301702799,-1.191084055441956
443935.0,15.400581452,15.400581452,-1.1875371180201018
443936.0,16.8781948739,16.8781948739,-1.1987512230976336
443939.0,10.960449291949999,10.960449291949999,-1.0350378698028875
443942.0,9.624711684,9.624711684,-0.9795841816156616
443943.0,13.1230901841,13.1230901841,-1.118036113384111
443944.0,13.898221564,13.898221564,-1.142959230875997
443946.0,16.595622488,16.595622488,-1.2199935470750365
443947.0,5.9724532759,5.9724532759,-0.7761527608332714
443949.0,5.1630847919,5.1630847919,-0.7010701327109146
443951.0,22.7094045519,22.7094045519,-1.3562057470240352
443953.0,6.9934993019,6.9934993019,-0.8295461525546353
443955.0,10.8849036054,10.8849036054,-0.9471173233960537
443970.0,22.3519159304,22.3519159304,-1.2901391273649678
444000.0,9.59864386195,9.59864386195,-0.9806827871323209
444005.0,26.2292860799,26.2292860799,-1.4187864699353985
444008.0,7.5031425919,7.5031425919,-0.8752431999870025
444020.0,15.163937398,15.163937398,-1.1805957432003902
444021.0,14.899787404,14.899787404,-1.1731800717727863
444025.0,17.58805144115,17.58805144115,-1.242776705879729
444030.0,27.3472977399,27.3472977399,-1.4079462426268397
444037.0,8.2242009159,8.2242009159,-0.9150937115248453
444041.0,21.632972474,21.632972474,-1.3205595857196808
44420324.0,7.4024533439,7.4024533439,-0.8693756788035683
444212.0,14.725995179,14.725995179,-1.1453527457743036
444254.0,11.2557251159,11.2557251159,-1.0513734783405555
444266.0,9.700035288,9.700035288,-0.9867733141998326
444305.0,12.1995610979,12.1995610979,-1.0856358881987125
4443516.0,35.558841272,35.558841272,-1.5509476005159628
4445035.0,10.723935056,10.723935056,-1.0303541752375263
444539.0,12.791805428,12.791805428,-1.0996846208904874
44460585.0,16.4827539201,16.4827539201,-1.2170297748600816
444795.0,49.7468509594,49.7468509594,-1.6966898243142805
444913.0,23.611171527699998,23.611171527699998,-1.348170420079486
444972.0,15.091143676,15.091143676,-1.1787221538481283
445070.0,27.426946308,27.426946308,-1.4381774563317862
445154.0,27.360139678,27.360139678,-1.4367285246972905
445354.0,29.032234056,29.032234056,-1.462880456460739
44555481.0,41.375017981,41.375017981,-1.6167381955220805
445580.0,19.07605380995,19.07605380995,-1.2779156801672054
445638.0,16.0187354999,16.0187354999,-1.204628230406742
445639.0,43.09614040845,43.09614040845,-1.6291909851564452
445643.0,20.6014922119,20.6014922119,-1.3138986784236797
44578765.0,15.260833488,15.260833488,-1.1823822121991259
446155.0,29.940382567999997,29.940382567999997,-1.4759651906930713
446284.0,43.992360338699996,43.992360338699996,-1.6421631094001046
4463.0,8.012033011949999,8.012033011949999,-0.903736957246913
44630019.0,42.2602876844,42.2602876844,-1.6259007308762774
446596.0,6.259410572,6.259410572,-0.7965334390602464
446727.0,15.426880876,15.426880876,-1.1882781259804613
446925.0,26.4256889801,26.4256889801,-1.4220263192095433
447043.0,10.000743197950001,10.000743197950001,-0.9969745416741543
44717198.0,12.882921662,12.882921662,-1.08894611236386
4474.0,28.735467564049998,28.735467564049998,-1.420168433987214
4476.0,4.442526032,4.442526032,-0.6476299813329
4477.0,26.86003449,26.86003449,-1.4291065659949105
448223.0,6.053362032,6.053362032,-0.7819966484372695
4485.0,29.279643112,29.279643112,-1.4665657788264614
448537.0,21.9808848559,21.9808848559,-1.3416954827164729
4488.0,47.94831759575,47.94831759575,-1.6741983465545975
448812.0,21.1605196399,21.1605196399,-1.3255263284846106
449171.0,48.3220024979,48.3220024979,-1.680175177997778
449293.0,17.825016608,17.825016608,-1.2509369261658039
4493.0,17.23161276805,17.23161276805,-1.2302184680449642
4494.0,14.1278268879,14.1278268879,-1.1500753647378543
4495.0,16.895929892,16.895929892,-1.2187062405888234
4497.0,11.2260285159,11.2260285159,-1.0502261410621934
4499.0,27.94080457395,27.94080457395,-1.4452647446224032
4500.0,11.0358019241,11.0358019241,-1.0428038969501021
45006154.0,15.736534542000001,15.736534542000001,-1.1641304331220608
45055378.0,28.75432495805,28.75432495805,-1.4585391230141675
4507.0,13.1215935439,13.1215935439,-1.1179865808701974
45073437.0,3.487631664,3.487631664,-0.5425306119431057
4509.0,27.2341327785,27.2341327785,-1.435113550510252
45105092.0,11.0821008041,11.0821008041,-1.044622096235839
4511.0,15.27721999795,15.27721999795,-1.1698954842168834
4513.0,14.384175148,14.384175148,-1.1578849625806726
4514.0,19.65846416795,19.65846416795,-1.2712526618183282
451417.0,4.36906410205,4.36906410205,-0.6403753258878762
451668.0,28.5914367639,28.5914367639,-1.45623597987549
452110.0,21.673618416,21.673618416,-1.3234903772958124
4523766.0,12.3573807679,12.3573807679,-1.0919264287955368
45268380.0,13.802111576,13.802111576,-1.1399455339122673
4528.0,8.360460428,8.360460428,-0.9222301956009146
4534.0,22.0989948359,22.0989948359,-1.3443725204204162
45356872.0,12.5883821759,12.5883821759,-1.0999699193670947
45357485.0,8.734590268,8.734590268,-0.9412425374219605
4539.0,18.7160218919,18.7160218919,-1.1576687274338082
454.0,7.9190017839,7.9190017839,-0.8986704407983167
454937.0,18.0113889179,18.0113889179,-1.2553977543053503
456201.0,22.87763126395,22.87763126395,-1.3527260431291603
456389.0,25.5364122724,25.5364122724,-1.4045275340163714
4564493.0,16.09206481,16.09206481,-1.20552395784606
4567.0,28.258277408,28.258277408,-1.451145684228685
457193.0,24.457985571949997,24.457985571949997,-1.3400016096781795
4578030.0,10.389177548,10.389177548,-1.01658116829798
4581.0,7.948336984,7.948336984,-0.8864424017897204
4583.0,14.2488566359,14.2488566359,-1.1537800168609231
458426.0,12.074256416,12.074256416,-1.0818603945480496
4594.0,29.68715779285,29.68715779285,-1.4715203173906874
459494.0,6.134432488,6.134432488,-0.7877743912308596
4595.0,3.575266032,3.575266032,-0.5533083627611651
460.0,18.160691076,18.160691076,-1.2590350831227535
4602.0,26.0987798681,26.0987798681,-1.41662020431385
460612.0,48.8979700399,48.8979700399,-1.6691354547998296
4610.0,8.5911896759,8.5911896759,-0.934053307475448
4612.0,15.2465104559,15.2465104559,-1.1831704559344396
4614.0,13.95513790205,13.95513790205,-1.1321083499175875
4615.0,20.888302547949998,20.888302547949998,-1.3156502107142591
4616.0,10.534656708,10.534656708,-1.0226203878557996
4621.0,14.065458688,14.065458688,-1.1481538994887162
46224595.0,7.454990308,7.454990308,-0.8724470831766922
46226173.0,22.390686611950002,22.390686611950002,-1.2497909683849775
462368.0,27.749313754,27.749313754,-1.404134104458906
4626.0,11.0978087599,11.0978087599,-1.0452372366760427
4628.0,12.4649186959,12.4649186959,-1.095689450105164
4632.0,15.0497356761,15.0497356761,-1.1775288723272517
4636.0,8.6834533199,8.6834533199,-0.7867644152473869
4641.0,20.6417787499,20.6417787499,-1.3145317911682737
4644.0,21.47333523595,21.47333523595,-1.2985771819231968
4649906.0,5.7287545919,5.7287545919,-0.7580602183629948
4650.0,16.4117795179,16.4117795179,-1.2125929026882538
4652.0,13.599221914000001,13.599221914000001,-1.1189300422905302
4654.0,13.6105726559,13.6105726559,-1.13387639824267
4659569.0,36.5300975112,36.5300975112,-1.5607538224207564
4671.0,6.2992309319499995,6.2992309319499995,-0.7991843020988691
4674.0,14.700672676,14.700672676,-1.1673372077271504
4677.0,38.4756510819,38.4756510819,-1.5825737372591346
4678.0,15.83839652,15.83839652,-1.1997112114854473
46780884.0,33.40284676995,33.40284676995,-1.523782277446933
46783063.0,13.661011697949998,13.661011697949998,-1.1350751461563795
4679.0,31.7902404039,31.7902404039,-1.502293812145425
4684.0,25.2904003819,25.2904003819,-1.4029557048791381
4685.0,16.72702822195,16.72702822195,-1.2181188482443965
46861540.0,141.1314586298,141.1314586298,-2.1496238301011386
470999.0,21.1482478239,21.1482478239,-1.3252743910049498
472181.0,20.470880052,20.470880052,-1.311136513571727
4723.0,4.856452732,4.856452732,-0.677318932308862
472335.0,15.1150797119,15.1150797119,-1.1794104418444367
4726.0,8.86788678,8.86788678,-0.9478201396595083
47326.0,16.154024964,16.154024964,-1.200636769171633
4737.0,7.7296768959,7.7296768959,-0.8881613405857972
4744.0,21.113397338,21.113397338,-1.324529941139667
47445.0,32.1274449839,32.1274449839,-1.506876188560691
47455.0,12.7010511479,12.7010511479,-1.1038396649592375
47462.0,7.8186767800000005,7.8186767800000005,-0.8931148006142152
4747.0,24.14827126395,24.14827126395,-1.381753313134833
4748.0,15.4865000839,15.4865000839,-1.1899532792185894
47491.0,5.068692152,5.068692152,-0.7048959150648636
47510.0,9.4539736361,9.4539736361,-0.9756143868697663
47528.0,15.7960044559,15.7960044559,-1.1985472475747945
4753.0,18.0262907279,18.0262907279,-1.2559063710855314
4754.0,8.73050248,8.73050248,-0.9082117896494297
4760.0,12.51188042,12.51188042,-1.0973225850458308
4763.0,14.374232232,14.374232232,-1.1575846570965873
4764.0,23.13796181805,23.13796181805,-1.3595455934289982
47649.0,12.37775628795,12.37775628795,-1.0425126202406017
4765.0,10.568048974,10.568048974,-1.0238598756238688
4766.0,11.554512532,11.554512532,-1.0627516279520215
4767.0,8.401394165900001,8.401394165900001,-0.8348808372571432
4768.0,19.64620957,19.64620957,-1.2397691105395885
4770.0,22.148804584,22.148804584,-1.345350291435736
4778.0,18.6090783569,18.6090783569,-1.2386742791643959
4781.0,7.6076324799,7.6076324799,-0.8812495239337299
47812.0,15.85217826,15.85217826,-1.2000889473928522
47866.0,15.781017554,15.781017554,-1.1952804365811702
4788.0,32.7765768681,32.7765768681,-1.5155635945998311
47898.0,13.6345656599,13.6345656599,-1.134641307696558
4790.0,11.31076539605,11.31076539605,-1.0459459025252413
4793.0,18.018018604,18.018018604,-1.2557070310014486
47936.0,34.803461617,34.803461617,-1.54162244183151
47938.0,27.4943254632,27.4943254632,-1.4346032395568469
47965.0,24.4222862,24.4222862,-1.3877863163480337
47979.0,7.8529033999,7.8529033999,-0.8950302551438526
48040.0,6.7538906,6.7538906,-0.8295540216234795
4806.0,26.50147794,26.50147794,-1.4232700944382617
4807.0,45.80755761815,45.80755761815,-1.6609025869237837
4810.0,31.9033234184,31.9033234184,-1.5038359265396881
4820.0,30.6932987024,30.6932987024,-1.4870435658923509
4828.0,10.266883992,10.266883992,-1.011438654851636
4831.0,20.26397167195,20.26397167195,-1.2737315479242106
4837.0,15.5175778359,15.5175778359,-1.190823932476451
4842.0,26.339469104,26.339469104,-1.4206070171129754
4843.0,14.340407476,14.340407476,-1.1565614917825555
4847.0,11.992110251949999,11.992110251949999,-1.0442102474198605
4848.0,41.3319931782,41.3319931782,-1.5383207331519388
4849.0,16.0328031359,16.0328031359,-1.205009459972658
4850.0,11.729186544,11.729186544,-1.069267893470831
4855.0,7.644800004,7.644800004,-0.8833661282970204
4875.0,16.00882972,16.00882972,-1.204359585215816
4883.0,6.5519362361,6.5519362361,-0.8163696621887684
4888.0,27.7200631999,27.7200631999,-1.4427942161034248
4890.0,11.819152412,11.819152412,-1.0725863330604728
4891.0,19.4967552959,19.4967552959,-1.2899623408836745
4893.0,17.002401906,17.002401906,-1.2267846223252814
4909.0,6.0489132599,6.0489132599,-0.7753224015076083
4911.0,14.15484818995,14.15484818995,-1.1490442392317992
4913.0,45.9640122295,45.9640122295,-1.6624179315279586
4915.0,22.0234139019,22.0234139019,-1.306199955395439
4921.0,41.8594877431,41.8594877431,-1.6213010832923118
4921319.0,53.3827469872,53.3827469872,-1.7274009180968122
4922.0,8.5,8.5,-0.9294189257142927
4927.0,27.3765155875,27.3765155875,-1.4270220000150378
4928.0,13.28236699595,13.28236699595,-0.8935754027750791
4929.0,6.326501036,6.326501036,-0.8011635834939236
4930.0,19.326443414,19.326443414,-1.286151939502427
4932.0,21.4202935961,21.4202935961,-1.3308254191705473
4933.0,22.006214352,22.006214352,-1.342545338898566
493570.0,39.261442662549996,39.261442662549996,-1.5939307346608933
4936.0,16.660415688,16.660415688,-1.220769213083532
4937.0,5.6097560919,5.6097560919,-0.7489439788595976
4938.0,26.122303791900002,26.122303791900002,-1.382019198847873
49381.0,18.171192216,18.171192216,-1.2593834224012688
4943.0,12.630954465999999,12.630954465999999,-1.100475121162607
4944.0,20.341544836,20.341544836,-1.3037187028446782
4947.0,35.019348874749994,35.019348874749994,-1.5442204531247201
4964.0,23.357712161949998,23.357712161949998,-1.366517732599238
4977.0,14.1895959859,14.1895959859,-1.1458833823735404
4980.0,16.7125388879,16.7125388879,-1.2230424308178782
49837.0,15.383254359950001,15.383254359950001,-1.1802825485573385
4984721.0,20.443274648,20.443274648,-1.3105496244693866
4990.0,5.3971602559,5.3971602559,-0.7321653136034341
4992.0,15.43826778,15.43826778,-1.188598569588405
4993.0,11.92436984395,11.92436984395,-1.0744610272126955
5002.0,31.33705090945,31.33705090945,-1.4868610613451663
5018304.0,32.000254568,32.000254568,-1.5051534332273409
50248.0,21.300471476,21.300471476,-1.3283892164508977
50287.0,12.1839035441,12.1839035441,-1.0857864521770562
50293.0,12.036718738000001,12.036718738000001,-1.04700662742988
50294.0,4.179112772,4.179112772,-0.621084090597204
5035.0,17.0102239161,17.0102239161,-1.2307100305371184
50367.0,40.46355145675,40.46355145675,-1.603204931152391
5037.0,10.235024683899999,10.235024683899999,-0.978630710087673
5042.0,9.63836502795,9.63836502795,-0.957831836424439
50465.0,20.016983323999998,20.016983323999998,-1.1370582686506103
50491.0,12.42107811395,12.42107811395,-1.0879938733347028
50516.0,15.1374716089,15.1374716089,-1.180053341610423
5053.0,22.29590657395,22.29590657395,-1.3022494276313517
5054.0,21.68476863195,21.68476863195,-1.3359059848157413
5055.0,15.146607978150001,15.146607978150001,-1.1798996692578738
50599.0,18.2311991399,18.2311991399,-1.260815234903705
5067511.0,7.894825272,7.894825272,-0.8973425226602152
5074.0,27.168795595200002,27.168795595200002,-1.3991942074290051
5078.0,14.515910395950002,14.515910395950002,-1.1612576499643872
50878556.0,11.1795191159,11.1795191159,-1.0484231228882654
50878565.0,7.300815212,7.300815212,-0.8633713563267853
50878597.0,28.7279604639,28.7279604639,-1.45830479443207
50895.0,40.501927548,40.501927548,-1.6072395327311244
50896.0,14.9207532799,14.9207532799,-1.1737907492121011
50897.0,8.51752511195,8.51752511195,-0.8971962654228287
5090.0,11.34857088,11.34857088,-1.0549411744799806
5094.0,17.82635569395,17.82635569395,-1.228938609696821
50942.0,15.9759482639,15.9759482639,-1.2034666454568421
5095.0,48.2332836444,48.2332836444,-1.6833468289983935
51.0,12.44352404,12.44352404,-1.0949433911577535
51039.0,35.5475739089,35.5475739089,-1.5508099658553365
5104.0,15.8772071,15.8772071,-1.2007741096947167
51040.0,12.6354759839,12.6354759839,-1.1015916066269373
51045.0,21.59709047,21.59709047,-1.3173671528164426
51051629.0,12.80805858995,12.80805858995,-1.1029284549401677
51082.0,10.13955369395,10.13955369395,-0.9775124061876739
5111791.0,7.548623491899999,7.548623491899999,-0.8606979518196365
51173.0,22.21802786,22.21802786,-1.3467055070112066
5125.0,7.341892841949999,7.341892841949999,-0.861630130332085
51346588.0,9.9537057559,9.9537057559,-0.9979847983049563
51369.0,4.6120213081,4.6120213081,-0.6638913051206824
51392.0,14.8913878799,14.8913878799,-1.1729351759585633
5143.0,13.562676124,13.562676124,-1.1323453909481573
5144.0,18.990119872,18.990119872,-1.2785277061579667
5146.0,24.815087382,24.815087382,-1.3919208754193753
5147.0,17.931165835999998,17.931165835999998,-1.253225325010945
5152.0,14.56705715305,14.56705715305,-1.1629754343327388
5154.0,46.782742166,46.782742166,-1.6700856743491306
51556.0,13.63068032595,13.63068032595,-1.1336915827632217
51576.0,35.0999620443,35.0999620443,-1.5453066468373347
51605.0,21.845607346,21.845607346,-1.331434684335991
5161.0,30.510876922949997,30.510876922949997,-1.4449148203642486
51634.0,4.38975022,4.38975022,-0.6424398092713076
51668574.0,12.35688856195,12.35688856195,-1.091821697951761
516871.0,11.04421637395,11.04421637395,-1.0430589292990975
516872.0,6.9505990679,6.9505990679,-0.8420222377801722
516900.0,10.8341029679,10.8341029679,-1.0347929588290203
516902.0,7.551094812,7.551094812,-0.8780099233298595
516910.0,12.0066950639,12.0066950639,-1.0794234809221381
516919.0,9.7458609159,9.7458609159,-0.9888202092320026
517000.0,23.81871084595,23.81871084595,-1.1810755036565104
517045.0,8.180441393999999,8.180441393999999,-0.867695982049637
517055.0,13.531349356,13.531349356,-1.131341106918753
517058.0,6.4669654299,6.4669654299,-0.8051140069811609
517063.0,16.15923599395,16.15923599395,-1.206922643529628
517121.0,11.4857295059,11.4857295059,-1.0600221868774629
517232.0,14.86119921995,14.86119921995,-1.1696436989669827
517277.0,20.064054796,20.064054796,-1.3024187052335539
517304.0,12.69299527795,12.69299527795,-1.100340246274696
517321.0,9.6462623479,9.6462623479,-0.9843590691861066
517326.0,6.18032039395,6.18032039395,-0.7857323924734473
517383.0,18.6829289799,18.6829289799,-1.2714449629054332
517414.0,18.1486278435,18.1486278435,-1.2588437950733193
517546.0,25.099876549999998,25.099876549999998,-1.3990921170356798
51763.0,14.207558337950001,14.207558337950001,-1.1521800059514713
517637.0,9.5907343879,9.5907343879,-0.9818518635211507
518605.0,10.714900092,10.714900092,-1.0299881259429073
518872.0,7.6763925759,7.6763925759,-0.8851571767444457
5192.0,13.0452556879,13.0452556879,-1.1154525957210857
519382.0,27.172335688,27.172335688,-1.4341269712412827
519907.0,6.496353052,6.496353052,-0.812669619122426
520108.0,16.5791535959,16.5791535959,-1.219562355043383
520148.0,10.661397672,10.661397672,-1.0278141429126455
520196.0,13.47537869995,13.47537869995,-1.1174533966348448
5206.0,31.6231044,31.6231044,-1.500004501826764
520888.0,20.47141658395,20.47141658395,-1.3055657609495914
521196.0,16.9610935079,16.9610935079,-1.2294538484594713
5215.0,63.4363583729,63.4363583729,-1.8023382439194353
5216.0,15.033759088,15.033759088,-1.1770675865120102
521998.0,12.194284552,12.194284552,-1.0861563250078259
522105.0,46.73168264045,46.73168264045,-1.6696090330019655
522183.0,49.37374978495,49.37374978495,-1.6871396464228423
5222465.0,21.1617417,21.1617417,-1.3255514090895373
522325.0,8.609224056,8.609224056,-0.9349640105264448
5233.0,14.2487183639,14.2487183639,-1.153775802413441
5237.0,7.2657825321,7.2657825321,-0.8612823951063356
5238.0,16.763027919949998,16.763027919949998,-1.2222439438352892
524314.0,41.4461932534,41.4461932534,-1.6174846476736553
525.0,28.9836831097,28.9836831097,-1.3755082058758803
5253.0,10.9990651159,10.9990651159,-1.041355773134559
5258.0,3.4851164479,3.4851164479,-0.5422172937211156
5265.0,15.3264293279,15.3264293279,-1.1854409869603493
526624.0,10.95789824195,10.95789824195,-1.0293258321984133
5268.0,14.43040930195,14.43040930195,-1.1413933604346769
527.0,18.27551347595,18.27551347595,-1.2618350359929251
5271565.0,10.93564866,10.93564866,-1.038844548791444
5271566.0,13.941988045950001,13.941988045950001,-1.1433324188127574
5271569.0,32.195162818,32.195162818,-1.505977312441372
5273621.0,10.659887264,10.659887264,-1.027752611737307
5280343.0,21.980447444,21.980447444,-1.342036528873745
5280360.0,35.2078790759,35.2078790759,-1.546639863940496
5280363.0,32.473123652,32.473123652,-1.511524066253924
5280373.0,34.1088285837,34.1088285837,-1.5328189037461226
5280378.0,45.5598218795,45.5598218795,-1.658352351501504
5280443.0,29.041283495949997,29.041283495949997,-1.4622362530766932
5280450.0,30.1356774559,30.1356774559,-1.4790809589382283
5280453.0,20.080047536,20.080047536,-1.3027647365904147
5280531.0,9.80213030995,9.80213030995,-0.9897150506791808
5280567.0,22.884776488,22.884776488,-1.3595466750983731
5280723.0,23.7779342519,23.7779342519,-1.37617412185668
5280757.0,16.5811327679,16.5811327679,-1.217015848464491
5280793.0,15.10789170205,15.10789170205,-1.1774463715316992
5280795.0,16.9848365,16.9848365,-1.2300613706061319
5280805.0,11.92197889605,11.92197889605,-1.0720317364065852
5280863.0,29.3684779999,29.3684779999,-1.4678814401090305
5280899.0,23.713970176,23.713970176,-1.3750042693382314
5280933.0,23.426671844,23.426671844,-1.3697105940834065
5280934.0,37.916583783,37.916583783,-1.578821649403417
5280961.0,20.4409413454,20.4409413454,-1.3105008920350398
5280965.0,14.738771512,14.738771512,-1.1672184466230258
5281.0,15.914634688,15.914634688,-1.2003269171645727
5281007.0,19.49164326595,19.49164326595,-1.28163105785481
5281025.0,19.8206027559,19.8206027559,-1.297116857494409
5281032.0,18.0,18.0,-1.255272505103306
5281034.0,38.4865484407,38.4865484407,-1.5852101308272153
5281042.0,16.562169388,16.562169388,-1.2191172220340705
5281055.0,40.5367871324,40.5367871324,-1.6077877910352103
5281056.0,13.157402024,13.157402024,-1.0786210864913135
5281064.0,7.8241783039,7.8241783039,-0.8849551352755919
5281069.0,22.9138856479,22.9138856479,-1.3600987414090544
5281078.0,20.384284752,20.384284752,-1.3092954774408994
5281080.0,13.7405832785,13.7405832785,-0.9914768935262087
5281081.0,15.0933428119,15.0933428119,-1.1787854361960588
5281082.0,15.821913659899998,15.821913659899998,-1.1865302589987097
5281098.0,18.14808007795,18.14808007795,-1.258775526394319
5281107.0,23.6651777779,23.6651777779,-1.3713418379160132
5281162.0,19.921921712,19.921921712,-1.2871422846797071
5281167.0,7.447717496,7.447717496,-0.8720231947918684
5281168.0,24.18590832865,24.18590832865,-1.3789357369940707
5281227.0,15.165988454,15.165988454,-1.1802985423551475
5281233.0,14.98185355795,14.98185355795,-1.1503228096097393
5281243.0,33.575497571949995,33.575497571949995,-1.5258582170281378
5281250.0,9.243262344,9.243262344,-0.9658252794387115
5281417.0,322.162785037,322.162785037,-2.508075371010143
528143.0,8.2444116399,8.2444116399,-0.9161596677837884
5281516.0,6.3843457399,6.3843457399,-0.8051163979017198
5281565.0,15.4163452739,15.4163452739,-1.127710468985487
5281567.0,27.4282074549,27.4282074549,-1.4300794536138806
5281575.0,15.74795579195,15.74795579195,-1.1775213879176352
5281576.0,31.567286272,31.567286272,-1.4992372487356596
5281607.0,41.8148845474,41.8148845474,-1.6213309020177042
5281613.0,13.40867558395,13.40867558395,-1.1122028677451528
5281707.0,52.32704228955,52.32704228955,-1.7101594918275733
5281708.0,21.5457734479,21.5457734479,-1.333362088961672
5281771.0,6.3707849279,6.3707849279,-0.8041929439294982
5281855.0,10.85252861795,10.85252861795,-0.9855945111858488
5281872.0,11.2004672,11.2004672,-1.0492361385764404
5281874.0,12.21282309995,12.21282309995,-1.063311864910363
5281881.0,6.609608184,6.609608184,-0.8201757153751639
5281915.0,23.52921066395,23.52921066395,-1.303295913468428
5282060.0,17.7404293439,17.7404293439,-1.2489641261738513
5282108.0,18.7006321949,18.7006321949,-1.271856288574768
5282138.0,19.719955036,19.719955036,-1.2949059203597895
5282164.0,5.1996726721,5.1996726721,-0.7159760049472708
5282169.0,4.012657644,4.012657644,-0.6034321077367734
5282175.0,15.403636352,15.403636352,-1.1876232572771057
5282180.0,10.22469661595,10.22469661595,-0.9998488582750138
5282182.0,6.81377368995,6.81377368995,-0.829725043741518
5282184.0,3.680555484,3.680555484,-0.565913369062199
5282198.0,5.378976144,5.378976144,-0.7306996181706471
5282203.0,5.5032174679,5.5032174679,-0.7406166749486935
5282215.0,18.6978053496,18.6978053496,-1.2717906343176422
5282219.0,7.0227256521,7.0227256521,-0.8465057027169619
5282230.0,41.95716171995,41.95716171995,-1.6227959663474811
5282242.0,15.182174036,15.182174036,-1.1813339655142654
5282318.0,31.249707988,31.249707988,-1.4948459634467253
5282367.0,10.246469732,10.246469732,-1.010574261489516
5282375.0,15.587847164,15.587847164,-1.1927861389632985
5282379.0,47.97528031825,47.97528031825,-1.670731788301816
5282381.0,24.433284322699997,24.433284322699997,-1.3858349281278466
5282386.0,6.539889377950001,6.539889377950001,-0.8115621662551823
5282402.0,9.833074941900001,9.833074941900001,-0.9903697210635513
5282430.0,9.442610376,9.442610376,-0.9750920700584792
5282435.0,15.60851607,15.60851607,-1.1867621312345737
5282443.0,24.1119121079,24.1119121079,-1.3822316518947602
5282450.0,13.354111515949999,13.354111515949999,-1.0889926961506406
5282474.0,7.9105966679,7.9105966679,-0.8929078351126055
5282484.0,18.50536328755,18.50536328755,-1.1412143966070554
5282485.0,9.4263330039,9.4263330039,-0.974342778008135
5282488.0,11.6151714639,11.6151714639,-1.0650256252663428
5282494.0,20.812706254,20.812706254,-1.312622543777175
5282521.0,14.62313990375,14.62313990375,-1.0090697393221149
5282593.0,8.901142488,8.901142488,-0.9494457532055682
5282745.0,35.2771572629,35.2771572629,-1.5337111503912717
5283292.0,5.35326196,5.35326196,-0.7174023525612827
5283345.0,20.554709142,20.554709142,-1.2753777682412544
5283349.0,23.456591944,23.456591944,-1.3702649128335183
5283389.0,18.08705623,18.08705623,-1.1193198396379491
5283731.0,19.641327791949998,19.641327791949998,-1.2622485019167495
5283748.0,15.84593724395,15.84593724395,-1.1999179137990192
5284341.0,30.44952795395,30.44952795395,-1.4782837682038583
5284342.0,16.89924768,16.89924768,-1.2278673711404688
5284343.0,5.54960922595,5.54960922595,-0.7401774127589603
5284344.0,8.8178659999,8.8178659999,-0.9453634948139391
5284346.0,16.419517152,16.419517152,-1.2153603816929677
5284351.0,29.7802101847,29.7802101847,-1.4724191916538873
5284359.0,9.0501656559,9.0501656559,-0.9566565286841898
5284360.0,42.497907271,42.497907271,-1.6283675445671584
5284361.0,14.83954697195,14.83954697195,-1.161837224875025
5284363.0,9.55990166,9.55990166,-0.9804534248347805
5284366.0,15.6247216239,15.6247216239,-1.1938122885261229
5284371.0,14.33066874605,14.33066874605,-1.153730922341031
5284373.0,18.16939394,18.16939394,-1.2593404411823625
5284382.0,10.2283473319,10.2283473319,-1.0098054672782675
5284385.0,8.9302250639,8.9302250639,-0.944138126334138
5284409.0,15.733619183950001,15.733619183950001,-1.1968138301611921
5284416.0,13.771343364,13.771343364,-1.1389763067867722
5284419.0,10.72540990395,10.72540990395,-1.0266834779858671
5284421.0,26.41371272,26.41371272,-1.4218294500703408
5284429.0,18.8336520799,18.8336520799,-1.2749345432964279
5284441.0,11.183098588,11.183098588,-1.0485621535701843
5284443.0,17.1816266841,17.1816266841,-1.2350642786154242
5284447.0,9.021333428,9.021333428,-0.9552707346175937
5284451.0,9.96670237395,9.96670237395,-0.9840400682412325
5284452.0,23.33236327605,23.33236327605,-1.3665513857690335
5284459.0,44.428028167,44.428028167,-1.6476570385347147
5284466.0,17.747189956,17.747189956,-1.2491295977733985
5284468.0,48.1969378749,48.1969378749,-1.6813516400352033
5284469.0,18.8352562079,18.8352562079,-1.2749715321007629
5284472.0,20.4263505059,20.4263505059,-1.3101907799104835
5284483.0,7.94762129195,7.94762129195,-0.8992779649575564
5284486.0,19.10508090195,19.10508090195,-1.2447770578391502
5284499.0,12.58887571995,12.58887571995,-1.0992470636284017
5284503.0,29.56671233795,29.56671233795,-1.4237592997637583
5284507.0,7.42419944,7.42419944,-0.838545637995997
5284513.0,26.26242245245,26.26242245245,-1.4186703240857217
5284514.0,23.812320252,23.812320252,-1.3768017147473937
5284515.0,20.922097916,20.922097916,-1.3206052302746274
5284516.0,18.16795326865,18.16795326865,-1.2580490442746335
5284517.0,8.817391348,8.817391348,-0.945340116793763
5284529.0,3.867152596,3.867152596,-0.5873913094646405
5284533.0,12.9524119119,12.9524119119,-1.1123506473744578
5284534.0,9.50957878,9.50957878,-0.9781612805995525
5284537.0,11.242236901950001,11.242236901950001,-0.9968942329602739
5284555.0,7.668952988,7.668952988,-0.8847360754779688
5284557.0,8.0964990339,8.0964990339,-0.9079284033079493
5284558.0,29.97653381395,29.97653381395,-1.4754927780935205
5284572.0,20.599330315499998,20.599330315499998,-1.3138401958678227
5284579.0,9.8560007159,9.8560007159,-0.9937007263657448
5284580.0,19.6586596559,19.6586596559,-1.293553903939138
5284584.0,9.69979701195,9.69979701195,-0.9864121238126395
5284587.0,10.21690132995,10.21690132995,-0.9848750592968807
5284594.0,19.03258523395,19.03258523395,-1.2767029242514258
5284596.0,35.23251331345,35.23251331345,-1.5130262356424642
5284607.0,12.186251232,12.186251232,-1.0858701273044997
5284610.0,99.34876570450001,99.34876570450001,-1.9971564781196658
5284613.0,20.460061896,20.460061896,-1.3109069432104812
5284616.0,25.223320401949998,25.223320401949998,-1.3945610102167625
5284619.0,22.168757306000003,22.168757306000003,-1.340381840557943
5284620.0,7.6558446,7.6558446,-0.8839931094543357
5284623.0,32.83748682,32.83748682,-1.5163699114811486
5284627.0,15.0357911794,15.0357911794,-1.1769922266939719
5284629.0,19.11191879155,19.11191879155,-1.2723391895223704
5284630.0,15.7396399159,15.7396399159,-1.1969947925512248
5284631.0,59.3031748099,59.3031748099,-1.7730779440474453
5284633.0,12.72752149,12.72752149,-1.0324454510604777
5288209.0,2.629962456,2.629962456,-0.41994954876792895
5288783.0,13.7613173399,13.7613173399,-1.1386600099216524
52923.0,21.96703276605,21.96703276605,-1.3417604827874898
52997.0,9.007087307900001,9.007087307900001,-0.9539920982420829
52999.0,16.136763232,16.136763232,-1.2078164268263663
53025.0,23.9842578374,23.9842578374,-1.379926284315001
5309446.0,10.45641563,10.45641563,-1.0128428304321824
5310987.0,16.562942372,16.562942372,-1.2191374908070962
5310993.0,9.6257570479,9.6257570479,-0.9767538551855767
5311.0,18.17661550395,18.17661550395,-1.2594519426584716
5311010.0,19.91404004695,19.91404004695,-1.2990818623623561
5311035.0,25.3176700079,25.3176700079,-1.4034237349443175
5311051.0,25.374583104,25.374583104,-1.404398915665322
5311064.0,15.574674904,15.574674904,-1.1924189902350655
5311066.0,17.18166817265,17.18166817265,-1.2248587640131074
5311067.0,8.0343357,8.0343357,-0.9049499739741556
5311071.0,11.89148866995,11.89148866995,-1.073425189094891
5311093.0,10.45074015,10.45074015,-0.9724936232858377
5311100.0,14.5364310399,14.5364310399,-1.1624577923595945
5311217.0,24.132848963999997,24.132848963999997,-1.3811936526355346
5311271.0,15.37662518195,15.37662518195,-1.1649303691942872
5311304.0,41.994366944,41.994366944,-1.623191038750088
5311398.0,13.3546721159,13.3546721159,-1.124626407286211
5311429.0,4.934971024,4.934971024,-0.6932846070251385
5311498.0,3.491131636,3.491131636,-0.5429662245548286
53172.0,14.33563815195,14.33563815195,-1.1563316214772952
5318042.0,11.379257721950001,11.379257721950001,-1.0535984658758606
5318432.0,10.8029951759,10.8029951759,-1.0335441821558855
5318517.0,27.1043950319,27.1043950319,-1.4330397183039534
5319.0,15.719697476,15.719697476,-1.1964441838301019
5319879.0,14.968112524,14.968112524,-1.1751670393482199
5320.0,14.046933112,14.046933112,-1.1455594832100462
5320128.0,7.519675546049999,7.519675546049999,-0.873440758870937
5321950.0,12.542053476,12.542053476,-1.0983686481601254
53232.0,21.5,21.5,-1.3324384599156054
5323714.0,12.3865486199,12.3865486199,-1.0929503116915276
5324289.0,17.7451331239,17.7451331239,-1.2490792617708653
5324346.0,5.679376512,5.679376512,-0.7543006610172681
53249535.0,12.203386284,12.203386284,-1.0864803585758913
5325.0,13.05154354,13.05154354,-1.1156618765220798
5325504.0,33.951929876,33.951929876,-1.5308644652343917
53257735.0,24.2259488463,24.2259488463,-1.3842807958628365
5326.0,20.970364204,20.970364204,-1.321605973165103
53260965.0,30.242803724,30.242803724,-1.4806220508972305
5327.0,13.007045005950001,13.007045005950001,-1.1141702152192523
5328.0,22.672067252,22.672067252,-1.355491121150085
5329.0,10.8512483439,10.8512483439,-1.0354797029478
53315431.0,5.2492186479,5.2492186479,-0.7200946629946159
53315792.0,12.8857337039,12.8857337039,-1.1101091519892354
53316379.0,17.37152777395,17.37152777395,-1.2011373490352586
53316380.0,12.904455736,12.904455736,-1.110739692271095
53316391.0,10.450292438,10.450292438,-1.0062827516907888
53316393.0,15.934100376,15.934100376,-1.2023275486526694
53316396.0,10.4963800799,10.4963800799,-1.021039548366821
53316398.0,6.458757776,6.458757776,-0.8101489974214338
53316400.0,16.964847924,16.964847924,-1.2295499709034088
53316406.0,15.713130951950001,15.713130951950001,-1.1958031648631322
53316409.0,13.9224284639,13.9224284639,-1.143714995079426
53316417.0,22.970786612,22.970786612,-1.3611758674371546
53316418.0,21.577074686,21.577074686,-1.3171864309889418
5333.0,18.5385588019,18.5385588019,-1.2605960397592957
5335.0,7.2548239979,7.2548239979,-0.8421440518491236
53359.0,11.418155312,11.418155312,-1.0323113608413532
5336.0,7.2788942759,7.2788942759,-0.8620654114082004
533728.0,11.1863705199,11.1863705199,-1.0470965903916116
5338.0,25.231679364,25.231679364,-1.4019064471723377
53384398.0,11.43450384,11.43450384,-1.0582173246729762
53388.0,24.457872164,24.457872164,-1.3884186707039166
53395145.0,13.21080806,13.21080806,-1.1209293827368625
53398649.0,8.527295312,8.527295312,-0.924785996573312
5340.0,17.544172788,17.544172788,-1.2441328959440565
5342.0,7.6171719199500005,7.6171719199500005,-0.8784600771343354
5343.0,9.949646105949999,9.949646105949999,-0.9893253817559694
5344.0,7.692341776,7.692341776,-0.8860585719956341
534543.0,23.7762099199,23.7762099199,-1.3761426264786876
53462.0,10.05578004,10.05578004,-1.002415765030028
53477580.0,25.55945096,25.55945096,-1.407551520550395
53518.0,12.35483322005,12.35483322005,-1.0915971641097082
5352539.0,10.61047734795,10.61047734795,-1.000639953432965
5352543.0,8.9399560399,8.9399560399,-0.9513353832617126
5352624.0,21.8173854519,21.8173854519,-1.33880270446283
5352837.0,24.9750438481,24.9750438481,-1.3975062593793475
5353.0,17.925773925999998,17.925773925999998,-1.1998787431256122
5353472.0,11.343165124,11.343165124,-1.0547342542121516
5353788.0,13.754566256,13.754566256,-1.1384468996623909
5354.0,11.4674628681,11.4674628681,-1.0594673425510983
5354133.0,18.950876114,18.950876114,-1.2699260034581075
5354198.0,22.3557689801,22.3557689801,-1.349389613057565
5354284.0,72.6170458833,72.6170458833,-1.8610385775061329
5354456.0,10.7586494959,10.7586494959,-1.0317577589429365
5354626.0,8.6245019279,8.6245019279,-0.9357340236049594
5354753.0,15.78713338,15.78713338,-1.19830327818624
5355.0,33.44338517265,33.44338517265,-1.5193615875757915
5355130.0,6.853526198,6.853526198,-0.8356614314248858
5355850.0,32.844616719150004,32.844616719150004,-1.5155825092468929
5355856.0,11.431494572,11.431494572,-1.0581030144669694
5355863.0,11.132952834,11.132952834,-0.9869900518070758
5356010.0,7.69602726,7.69602726,-0.8862665973414262
5356785.0,14.019190808,14.019190808,-1.1467229467431606
5356789.0,6.0877703479,6.0877703479,-0.7844582609568377
5357002.0,25.742173393999998,25.742173393999998,-1.4083610151310313
5358.0,12.529623344,12.529623344,-1.0932146886164498
5358159.0,12.5134014459,12.5134014459,-1.0127787452663708
5358907.0,24.2789656679,24.2789656679,-1.38523018099087
5358941.0,7.01637140795,7.01637140795,-0.8328899458116111
5359.0,11.7107155319,11.7107155319,-1.068583431542222
5359226.0,23.9936060609,23.9936060609,-1.3800955241103214
5359281.0,9.882766692,9.882766692,-0.9839317122012651
5359371.0,48.2335082921,48.2335082921,-1.6833488517308701
5359421.0,8.00826761595,8.00826761595,-0.7879631677034393
5359476.0,14.976473798,14.976473798,-1.1650877108816338
5359521.0,13.890700736,13.890700736,-1.142724154888218
5359657.0,11.279785841999999,11.279785841999999,-1.0522180937256793
5359662.0,27.091408923899998,27.091408923899998,-1.416439143489112
5359810.0,14.5749032759,14.5749032759,-1.1566201735724206
5359885.0,17.815612493899998,17.815612493899998,-1.2470250259118703
5360232.0,11.318225008,11.318225008,-1.0537783235241578
5360414.0,29.422944437399998,29.422944437399998,-1.4591711319372083
5360487.0,27.74553064,27.74553064,-1.4431930352168676
5360515.0,28.0217342561,28.0217342561,-1.4474950101270216
5360805.0,12.11634712195,12.11634712195,-1.0831969476947543
5361.0,22.450886468,22.450886468,-1.351233493693912
5361251.0,15.2685081599,15.2685081599,-1.1837925174089898
5362.0,14.495413728,14.495413728,-1.1612306154980652
5362115.0,22.6958764121,22.6958764121,-1.3559469578913763
5362118.0,9.0939884499,9.0939884499,-0.9585573430501926
5362123.0,32.169261036,32.169261036,-1.5074410847852917
5362376.0,11.09271439195,11.09271439195,-1.0391609354553377
5362417.0,18.041676488,18.041676488,-1.1656163482525568
5362436.0,9.20776901395,9.20776901395,-0.9205862821155486
5362564.0,41.859633956,41.859633956,-1.6217954263059549
5362620.0,9.2870755359,9.2870755359,-0.9678789778718349
5362708.0,14.5055727441,14.5055727441,-1.1615348813421602
5362833.0,18.440136856,18.440136856,-1.2657641399055204
5363388.0,7.8116311539,7.8116311539,-0.7697352349609438
5364079.0,41.78779326785,41.78779326785,-1.6015771784614143
5364420.0,20.563427052,20.563427052,-1.3130954948438356
5364495.0,10.6357452759,10.6357452759,-1.0264859109338365
5364509.0,13.3805318639,13.3805318639,-1.1264733765832318
5364579.0,7.28229909995,7.28229909995,-0.8306386953595811
5364713.0,24.77275774,24.77275774,-1.3939743555805395
5365049.0,20.4534580359,20.4534580359,-1.310766744076778
5365125.0,14.9110731041,14.9110731041,-1.1735088994167027
5365552.0,8.7842592239,8.7842592239,-0.9437051433455679
5365642.0,17.252781596,17.252781596,-1.2368591245922156
5365748.0,8.664196524,8.664196524,-0.9377282945314831
5365976.0,16.9769131881,16.9769131881,-1.2298587278842106
5366352.0,22.5723315919,22.5723315919,-1.3535764215144777
5366415.0,17.642663088,17.642663088,-1.2465641407237766
53665.0,18.26365064795,18.26365064795,-1.1877700206812039
5366546.0,12.511770428,12.511770428,-1.0854129165891877
53672.0,13.1549347761,13.1549347761,-1.119088699137793
5367650.0,18.4910941199,18.4910941199,-1.2669626091676587
5367692.0,9.625815484,9.625815484,-0.9834375324869183
5367706.0,15.541564816000001,15.541564816000001,-1.1538235027410462
5367785.0,20.5844859159,20.5844859159,-1.3135400252477252
5368076.0,27.73115631095,27.73115631095,-1.4266121015329567
5368821.0,21.235482784,21.235482784,-1.3270621390278392
53708.0,7.94104278195,7.94104278195,-0.8797421766393788
5371002.0,8.7077913779,8.7077913779,-0.9280715516813467
5371084.0,13.286801616,13.286801616,-1.1234204506422856
5371102.0,21.407886892,21.407886892,-1.3305738015104671
5371318.0,17.3289209841,17.3289209841,-1.2143190365508985
5371560.0,20.5180558949,20.5180558949,-1.3121362085783905
5371562.0,8.46220063595,8.46220063595,-0.9253417419982541
5371728.0,20.766526198100003,20.766526198100003,-1.1063110634920577
5372174.0,20.57331742745,20.57331742745,-1.2419769160162928
5372405.0,9.475096916,9.475096916,-0.9765836608426164
53735.0,17.562911768,17.562911768,-1.2322749555131378
5375199.0,27.3539779647,27.3539779647,-1.3939788572626588
5377323.0,22.74320099595,22.74320099595,-1.3474575537318505
5377793.0,24.0,24.0,-1.380211241711606
5378708.0,8.169062356,8.169062356,-0.9121722111243052
5379.0,25.1956364559,25.1956364559,-1.4013253333524023
5381.0,19.73006549905,19.73006549905,-1.2925792977045862
5382.0,15.86387386,15.86387386,-1.2004092479620128
5383.0,10.05081216,10.05081216,-1.0022011565182325
5386.0,24.382048433999998,24.382048433999998,-1.3687936544518307
5387.0,12.4995538959,12.4995538959,-1.089022526498518
5388510.0,19.722009304,19.722009304,-1.2949511593468677
5388962.0,5.6217622159,5.6217622159,-0.749872472273475
5391.0,9.220376068,9.220376068,-0.9647486348200559
5392.0,15.2940030559,15.2940030559,-1.1845211726294493
5394.0,7.867425164,7.867425164,-0.8958326205377303
53948566.0,17.4191588639,17.4191588639,-1.2410271799720787
539829.0,16.89630383195,16.89630383195,-1.2176830455184673
5399858.0,25.639147372,25.639147372,-1.4089035786551862
5405.0,38.9813910322,38.9813910322,-1.5899410769768891
541.0,27.8534677319,27.8534677319,-1.4448792721516193
541384.0,7.87624837595,7.87624837595,-0.8909539270845781
54158.0,10.4148717079,10.4148717079,-1.017653924605967
5424.0,24.282799648,24.282799648,-1.3720313139184435
5426.0,16.78105488005,16.78105488005,-1.224799910902828
542762.0,15.1541674479,15.1541674479,-1.1805320817320188
5429.0,6.9121420819,6.9121420819,-0.8241108867501052
5430.0,17.915632584,17.915632584,-1.2532321472992434
54339.0,7.033189932,7.033189932,-0.847152345737841
54343.0,12.363073201150002,12.363073201150002,-1.0917115670654374
54360.0,25.81775280995,25.81775280995,-1.13133251798372
54362.0,14.7445230868,14.7445230868,-1.1686307298128258
54384.0,26.271246864,26.271246864,-1.4194806853975823
5443.0,9.58560688,9.58560688,-0.9816196139581246
54454.0,26.654003436,26.654003436,-1.425762449369444
5447.0,13.6876427879,13.6876427879,-1.1363286627174247
5447130.0,17.898581644,17.898581644,-1.2528186170921798
54477.0,19.2335246281,19.2335246281,-1.284058877908258
5452.0,8.79523602195,8.79523602195,-0.8503228374628728
5453.0,14.34254906195,14.34254906195,-1.1563934639250175
5455.0,72.61877246,72.61877246,-1.8610489033712259
5458213.0,16.5316859639,16.5316859639,-1.2095001109735457
5458876.0,11.81877359405,11.81877359405,-1.0185480482668778
5459110.0,11.114963572,11.114963572,-1.0459080436877028
546.0,7.71053268,7.71053268,-0.8870843822005559
5462328.0,30.07005173,30.07005173,-1.4781341752250345
5462355.0,11.54648472795,11.54648472795,-1.0499277433408558
5462653.0,25.1234575509,25.1234575509,-1.3932767665274197
5463878.0,18.069271504,18.069271504,-1.256940643531017
54670067.0,36.0707424676,36.0707424676,-1.5571550817767235
54671008.0,12.5950825959,12.5950825959,-1.1002010198552497
54675776.0,15.21829950595,15.21829950595,-1.1551828123269623
54675783.0,9.591652936,9.591652936,-0.9818934558803041
54675810.0,30.30531356595,30.30531356595,-1.479250377285347
54676038.0,29.9343060918,29.9343060918,-1.4761691952027625
54676228.0,10.636047992,10.636047992,-1.026780288288502
54676478.0,7.3539068879,7.3539068879,-0.8665181267121702
54676537.0,8.279958512,8.279958512,-0.9180281606913286
54676538.0,24.0618643,24.0618643,-1.3813292732048228
54677470.0,15.156962426,15.156962426,-1.1796380889161129
54677971.0,18.4279964319,18.4279964319,-1.2654781194908715
54677972.0,17.3710171759,17.3710171759,-1.2398252497048183
54678486.0,12.86683812,12.86683812,-1.1094718370562735
54678504.0,22.132335964,22.132335964,-1.3450272540870223
54679224.0,12.030022844,12.030022844,-1.0802664520292649
5468.0,18.7997924799,18.7997924799,-1.2741530553630558
54680085.0,28.681699776,28.681699776,-1.4576048855404837
54680660.0,14.735683819950001,14.735683819950001,-1.1496026107072508
54680691.0,13.917233800049999,13.917233800049999,-1.1429389780609935
54680693.0,24.9357247919,24.9357247919,-1.3968219961175659
54680694.0,10.358499808,10.358499808,-1.0152968623315712
54680782.0,21.609972823950002,21.609972823950002,-1.3282808401650712
5468154.0,19.93126183795,19.93126183795,-1.2830508650800265
54682461.0,13.0543007718,13.0543007718,-1.1157536146437217
54682468.0,240.1242666132,240.1242666132,-2.3804360514508986
54682536.0,19.11996169195,19.11996169195,-1.27524807215973
54682651.0,27.05679457065,27.05679457065,-1.3737360663751002
54685047.0,17.59692922795,17.59692922795,-1.1977049493691414
54685920.0,9.44642097595,9.44642097595,-0.9596685807186391
54685925.0,5.06667119,5.06667119,-0.6821314820062656
54686764.0,8.64255196,8.64255196,-0.9165537715487164
54686904.0,6.610460176,6.610460176,-0.8202316932135021
54687772.0,15.2232360119,15.2232360119,-1.1825069804719734
54693468.0,20.740660698,20.740660698,-1.291194540228194
54704052.0,7.1164528799,7.1164528799,-0.8522635781110296
54704426.0,54.40814967595,54.40814967595,-1.7344634537528032
5472.0,9.099405848,9.099405848,-0.9590130356882168
54724367.0,11.904643833600002,11.904643833600002,-0.9786723899973324
5472495.0,36.581832300100004,36.581832300100004,-1.5577677937390986
54727588.0,11.6670240639,11.6670240639,-1.0669600936250896
54738.0,9.582561552,9.582561552,-0.9693407899328867
54739.0,13.6336052719,13.6336052719,-1.134610715897049
54740.0,8.76367389595,8.76367389595,-0.9408842372025744
54744.0,11.416714474,11.416714474,-1.057492667091207
54745.0,7.6226907039,7.6226907039,-0.8821082983198618
54746.0,6.3349337879,6.3349337879,-0.8017420800403062
5475.0,25.0010558439,25.0010558439,-1.397958350171906
5475158.0,18.72461579,18.72461579,-1.1860819770996434
54765.0,7.95527910995,7.95527910995,-0.8856381508455855
54778.0,5.4845152239,5.4845152239,-0.7391382463337872
5478883.0,22.4609609959,22.4609609959,-1.35142833368359
5479.0,15.1850872959,15.1850872959,-1.1814172929298645
5479172.0,55.489399961749996,55.489399961749996,-1.7400953480919128
5480.0,7.8300252121,7.8300252121,-0.893763160456191
5481119.0,16.74347655595,16.74347655595,-1.2237359933911525
5483.0,12.3909472279,12.3909472279,-1.093104507354742
5483526.0,16.50164433995,16.50164433995,-1.216403709319459
548353.0,10.839552065949999,10.839552065949999,-1.0347284361643685
5484.0,16.704457159,16.704457159,-1.1126114131616356
54840.0,11.08835188,11.08835188,-1.044866999475295
5484366.0,9.0216187161,9.0216187161,-0.9552844684064553
5484438.0,17.0899445992,17.0899445992,-1.2324064528310905
5484727.0,11.106382618000001,11.106382618000001,-1.03411260342228
5485193.0,18.3379907719,18.3379907719,-1.2633517498466185
5485221.0,10.4244566879,10.4244566879,-1.0180534292481158
5486830.0,6.98234212,6.98234212,-0.8440011245108178
5486971.0,9.53960487795,9.53960487795,-0.9794842803528653
5487.0,9.9392808979,9.9392808979,-0.9835246097280835
5487426.0,34.087900039,34.087900039,-1.5326002476482066
54886.0,25.9296350359,25.9296350359,-1.413796404042387
54889.0,4.1555012361,4.1555012361,-0.6186234158321198
5489012.0,12.235007542,12.235007542,-1.0867437803952047
54891.0,12.91443746195,12.91443746195,-1.0437035167538662
54900.0,27.29803950195,27.29803950195,-1.4360736309821898
54911.0,16.19029223805,16.19029223805,-1.1606396474923193
5493381.0,7.32803546,7.32803546,-0.8649875621943284
54960.0,47.0873135769,47.0873135769,-1.6729039138020563
5497.0,18.789861724,18.789861724,-1.2739235841066596
5502.0,15.8034574799,15.8034574799,-1.1987521122818765
5503.0,11.68777785795,11.68777785795,-1.0653584983540387
5505.0,10.770971891950001,10.770971891950001,-1.028976843337999
5507.0,43.3353074335,43.3353074335,-1.636841881924431
5510.0,16.27496275195,16.27496275195,-1.1960281902865209
55182.0,14.165133016,14.165133016,-1.1512206570663799
55245.0,18.8875743959,18.8875743959,-1.2761761879845517
55250378.0,4.9296725199,4.9296725199,-0.6928180698808372
55251.0,8.27463209395,8.27463209395,-0.8408189243852555
5526.0,26.3821051119,26.3821051119,-1.4213094463280869
55283.0,12.27114488,12.27114488,-1.088885083661886
55305.0,22.8930626679,22.8930626679,-1.3597038971216178
5531.0,16.6260241379,16.6260241379,-1.2207884066812829
55329.0,24.476594173949998,24.476594173949998,-1.3707998600314193
5536.0,26.083577908,26.083577908,-1.4163671637133988
55361.0,4.993995812,4.993995812,-0.6984481738130757
55397.0,6.3636789,6.3636789,-0.803708257794731
5541.0,12.09730924995,12.09730924995,-1.0774338965499188
5543.0,19.941450366,19.941450366,-1.2896337233258413
5546.0,106.9651602489,106.9651602489,-2.0292423461384126
55483.0,31.213065408,31.213065408,-1.4943364224431166
5556.0,17.71200083995,17.71200083995,-1.2459360955971386
5558.0,8.699878428,8.699878428,-0.9163614177422358
5560.0,21.774319432,21.774319432,-1.3278183950912914
5561.0,9.0754388679,9.0754388679,-0.9578676357245398
5564.0,18.824004698,18.824004698,-1.2745921422063609
5565.0,15.3766137679,15.3766137679,-1.186860705827344
55652.0,38.237205223,38.237205223,-1.5824861419569598
5569.0,13.192222516000001,13.192222516000001,-1.1083681348901868
5576.0,13.3398044479,13.3398044479,-1.125149463177199
5578.0,16.835376568,16.835376568,-1.226222834984602
5590.0,19.28606346805,19.28606346805,-1.2840220908645628
5591.0,29.5451212199,29.5451212199,-1.4704857761747365
55918.0,9.4951410721,9.4951410721,-0.9775014215616565
5593.0,18.047026716,18.047026716,-1.2564056612444996
5597.0,22.5768676,22.5768676,-1.3536636861096238
560256.0,25.21656447565,25.21656447565,-1.401612996825457
56031.0,7.062934748,7.062934748,-0.848985193973886
56069.0,26.2289718839,26.2289718839,-1.418781267567103
5610.0,17.672237676,17.672237676,-1.2443831730120953
56205.0,31.944899584,31.944899584,-1.504401527303556
56207.0,35.5769997104,35.5769997104,-1.551169320247099
5625.0,9.17949391795,9.17949391795,-0.9614849953738017
56330.0,38.3377529,38.3377529,-1.583626653880329
5634.0,14.656981928,14.656981928,-1.166044552368199
5639.0,13.2829435319,13.2829435319,-1.1232943263879656
564.0,8.0609934279,8.0609934279,-0.9063885670741895
5641.0,24.79547702,24.79547702,-1.3943724677455391
5656.0,20.933863735,20.933863735,-1.3208493928837186
56638112.0,36.8331438871,36.8331438871,-1.5662387895729963
56649463.0,6.83496038795,6.83496038795,-0.8267419919345729
56704.0,5.2265842039,5.2265842039,-0.6889001909332444
568.0,10.160807752,10.160807752,-1.0069282343546075
56801.0,33.0886344559,33.0886344559,-1.5196788445093667
56846451.0,17.73005511515,17.73005511515,-1.2458767580909937
5694.0,27.9132318864,27.9132318864,-1.445810123452814
56972160.0,8.854159714,8.854159714,-0.9268359471634111
57004.0,14.84461653795,14.84461653795,-1.1714262757342588
5702159.0,18.62211561,18.62211561,-1.261664152489104
5702161.0,13.948884604,13.948884604,-1.1406057244832168
5702214.0,16.8273534199,16.8273534199,-1.1653348769182332
5702242.0,34.740996958400004,34.740996958400004,-1.5396101886735165
5702285.0,16.3904190359,16.3904190359,-1.2145900568440051
5702293.0,15.285083334,15.285083334,-1.1501579733150225
5702667.0,13.7853000889,13.7853000889,-1.1394162245973827
5702746.0,9.23242037795,9.23242037795,-0.928596712018144
5707.0,13.4461094119,13.4461094119,-1.1285966408166002
5717.0,8.62927064,8.62927064,-0.9359740899899079
5719.0,8.129891076,8.129891076,-0.8514637454730261
5720.0,10.83461846,10.83461846,-1.0348136222885864
5722.0,28.4377599188,28.4377599188,-1.4538953834353756
5723.0,12.3632098479,12.3632098479,-1.0921312408378407
5724.0,13.801885916,13.801885916,-1.1389319350589195
57242.0,3.4877664399,3.4877664399,-0.5425473944776074
5727.0,9.9774244919,9.9774244919,-0.9990184497734996
5732.0,12.765130589950001,12.765130589950001,-1.0883540779630057
57331769.0,24.472289533999998,24.472289533999998,-1.3835486630542715
5734.0,4.345869716,4.345869716,-0.6380767025481513
57351929.0,25.85414382595,25.85414382595,-1.4024140747184415
57358854.0,21.69069218,21.69069218,-1.3362734111731602
5736.0,10.717858031999999,10.717858031999999,-0.991998936678609
57363.0,21.2869541119,21.2869541119,-1.328113523954598
57364.0,16.059212312,16.059212312,-1.2057242397632555
57372628.0,16.7007825679,16.7007825679,-1.2227368218636214
5741.0,29.661673143949997,29.661673143949997,-1.472055469271384
5742631.0,29.148461428,29.148461428,-1.4646156359058646
5743.0,5.99006209195,5.99006209195,-0.7729537843175581
5745.0,7.466944128,7.466944128,-0.8731429016976041
57469.0,31.866465734500004,31.866465734500004,-1.5016430085231103
5748.0,4.5193307399,4.5193307399,-0.6550741256324656
57483158.0,15.317532736,15.317532736,-1.1851888171612606
5753.0,21.192541249,21.192541249,-1.3255882887648105
5754.0,23.778561204,23.778561204,-1.354679582740538
5755.0,15.6201109959,15.6201109959,-1.1936841156319098
5756.0,16.1412456039,16.1412456039,-1.2079370457532908
5757.0,34.006506064,34.006506064,-1.531562013436005
5758.0,26.59973866955,26.59973866955,-1.3305102913425677
5759.0,18.5716230329,18.5716230329,-1.268849859767294
576026.0,14.41938998,14.41938998,-1.1589468877118612
5761.0,10.20403258595,10.20403258595,-0.9889536530611203
5763.0,8.7996698479,8.7996698479,-0.9444663782950594
5765.0,6.924988156,6.924988156,-0.8404190349511804
5770.0,29.8681833115,29.8681833115,-1.4752088080817107
5775.0,6.263267536,6.263267536,-0.7968009630228717
57782.0,9.1540625759,9.1540625759,-0.9616138768781698
5780.0,13.89414562795,13.89414562795,-1.1395147329062723
57823090.0,9.9875542,9.9875542,-0.9994591491377725
5784.0,10.848673678,10.848673678,-1.035051512275185
5787.0,17.64342361,17.64342361,-1.2254061955013942
5789.0,3.535724496,3.535724496,-0.5484784173907001
5790.0,13.88565499205,13.88565499205,-1.1416888765229953
5793.0,11.142958636,11.142958636,-1.0470005183682505
5794.0,13.53910076595,13.53910076595,-1.1302992855085714
5795.0,14.27406723795,14.27406723795,-1.1299178833473977
5798.0,14.264163668,14.264163668,-1.1542463133207947
5801.0,33.6089397306,33.6089397306,-1.524353541681859
5803.0,16.3734248434,16.3734248434,-1.21413953066544
5807.0,29.038235068,29.038235068,-1.462970216589976
5811.0,26.083477028,26.083477028,-1.416365484046897
5815.0,15.500860616,15.500860616,-1.1894069611229448
5816.0,22.626335616,22.626335616,-1.354614224718718
5817.0,27.709187225450002,27.709187225450002,-1.4419726929242083
5819.0,8.24647166795,8.24647166795,-0.900204617616132
5827.0,18.988353692,18.988353692,-1.2784873126320233
5831.0,30.788519352,30.788519352,-1.488388803787319
5832.0,22.93244955,22.93244955,-1.3591858451785868
5833.0,14.248628243999999,14.248628243999999,-1.1498922199979622
58504.0,11.259428004,11.259428004,-1.0515163282581084
5852.0,8.186057864,8.186057864,-0.9130748101757403
5853.0,7.7020292998999995,7.7020292998999995,-0.8865640175043128
5858445.0,23.0,23.0,-1.3617278360175928
5859.0,10.50443003395,10.50443003395,-1.0189456288451026
5865.0,5.6129774579,5.6129774579,-0.7444875488269218
5870.0,22.3526546,22.3526546,-1.3493291073190103
587128.0,8.6079088639,8.6079088639,-0.9348976602606438
5876.0,13.009007573449999,13.009007573449999,-1.0208059327808259
5876571.0,22.115851062,22.115851062,-1.3446583418450957
588.0,15.634961044,15.634961044,-1.194096803494084
5881.0,24.1852845559,24.1852845559,-1.3835512015169138
5887.0,36.335311628,36.335311628,-1.5603288892503588
5889.0,21.7039246351,21.7039246351,-1.3330847383871733
5892.0,12.349083084,12.349083084,-1.0916347125477208
5897.0,23.6695300799,23.6695300799,-1.3741896358026684
5905.0,40.726476879550006,40.726476879550006,-1.6081563826782053
590836.0,10.20095270205,10.20095270205,-0.993156955699156
5910.0,23.0409100639,23.0409100639,-1.362499628740948
591200.0,11.827282054,11.827282054,-1.0396731136594963
5917.0,9.7983098439,9.7983098439,-0.991151168674956
5918.0,9.8629223159,9.8629223159,-0.9940056124697729
5918804.0,62.5047625834,62.5047625834,-1.7959131099022863
5920.0,11.57367952395,11.57367952395,-1.0566111203408386
5921.0,7.315374412,7.315374412,-0.8612691717636667
5922.0,16.42206262395,16.42206262395,-1.1290137055468734
59227.0,31.4467639679,31.4467639679,-1.4975759609675279
5930.0,15.250635468,15.250635468,-1.1832879403710626
5934.0,28.706256549,28.706256549,-1.4558835158227441
5935.0,19.035561872,19.035561872,-1.2795657003942928
5936.0,9.635977780000001,9.635977780000001,-0.9666516245360172
594.0,7.51662464795,7.51662464795,-0.8760004015557428
5942.0,14.1456957199,14.1456957199,-1.150624311982704
5943.0,14.77575363795,14.77575363795,-1.146334200023106
5946.0,29.7109454839,29.7109454839,-1.4729164724669737
5952.0,26.7634076399,26.7634076399,-1.4275414089831484
5953.0,30.50522708,30.50522708,-1.4843742622156015
5954.0,31.1198070822,31.1198070822,-1.4930014537537577
5957.0,47.3102470515,47.3102470515,-1.6749552159163112
5959.0,14.18321951195,14.18321951195,-1.1509538257046534
5962.0,15.034978439900001,15.034978439900001,-1.1550017565519695
5963.0,10.735404666,10.735404666,-1.0303056630255303
59694.0,7.5727474879,7.5727474879,-0.8792534755833612
597.0,17.332103736,17.332103736,-1.238851279706761
59708.0,10.195777576,10.195777576,-1.0084203526338829
5971.0,13.541719744,13.541719744,-1.1316738215058755
5974.0,7.920392324,7.920392324,-0.898746694206715
5976.0,13.166142756900001,13.166142756900001,-1.1001589802316283
5977.0,17.515768512,17.515768512,-1.243429196931977
59774.0,11.799912637950001,11.799912637950001,-1.0497588553472492
5983.0,28.3069754089,28.3069754089,-1.4502405620898218
5987.0,13.8533745879,13.8533745879,-1.141555577471828
5988.0,17.4621854765,17.4621854765,-1.2403872968678047
5991.0,24.012077626,24.012077626,-1.3719281070725895
5994.0,23.360675192000002,23.360675192000002,-1.3683915500827153
5995.0,45.6917851565,45.6917851565,-1.6598381260677888
6001.0,56.8143270021,56.8143270021,-1.754457866580081
60021.0,14.497041524,14.497041524,-1.1058447551136181
6005.0,4.440801288,4.440801288,-0.6474613402856155
6009.0,31.278639816,31.278639816,-1.4952478590537492
6010.0,35.162971037,35.162971037,-1.5460855629450223
6013.0,53.3576818602,53.3576818602,-1.7137210393318898
60149.0,15.8312064639,15.8312064639,-1.1995140128186979
60164.0,6.77683611405,6.77683611405,-0.7879152354019241
60172.0,3.773278076,3.773278076,-0.5767188122039679
6018.0,19.2131482399,19.2131482399,-1.2835985335858597
6019.0,21.022517281949998,21.022517281949998,-1.2993260872307442
60196259.0,9.8253700639,9.8253700639,-0.9923489166742385
60196260.0,8.875754204,8.875754204,-0.9482052668221899
60196261.0,12.801866073500001,12.801866073500001,-1.0844513733084928
60196262.0,11.0777335159,11.0777335159,-1.044450913621086
60196264.0,20.207130244,20.207130244,-1.3055046406953992
60196265.0,29.71869374195,29.71869374195,-1.3702870502315667
60196269.0,10.276515476,10.276515476,-1.0118458806047772
60196270.0,31.98124561075,31.98124561075,-1.5048087315945642
60196271.0,21.4045704959,21.4045704959,-1.3304681628755777
60196272.0,22.5515256119,22.5515256119,-1.353175927252468
60196273.0,7.076721764,7.076721764,-0.8498321207522267
60196276.0,18.649140376,18.649140376,-1.2619074134952444
60196279.0,94.34101212035,94.34101212035,-1.9736431383242543
60196280.0,23.3692846439,23.3692846439,-1.3383037136078246
60196281.0,14.516204805900001,14.516204805900001,-1.15540409527511
60196282.0,14.0469377919,14.0469377919,-1.1392339403368532
60196284.0,28.066846255999998,28.066846255999998,-1.448029442318492
60196285.0,21.721349028,21.721349028,-1.3283313905356147
60196286.0,10.56244152,10.56244152,-1.0237643174501407
60196288.0,18.216441768,18.216441768,-1.2604635498358023
60196289.0,22.9046743519,22.9046743519,-1.3599241215572786
60196291.0,28.8168694785,28.8168694785,-1.4581906276258954
60196293.0,11.33008004595,11.33008004595,-1.0542299048961619
60196294.0,14.3555585399,14.3555585399,-1.1570200945042428
60196296.0,21.4071571854,21.4071571854,-1.3011013267850386
60196298.0,5.786037316,5.786037316,-0.76238123022462
60196300.0,31.11905628795,31.11905628795,-1.4784645858852765
60196303.0,19.469799098750002,19.469799098750002,-1.289321131727991
60196305.0,11.587998456,11.587998456,-1.0639118824364187
60196306.0,12.4424311539,12.4424311539,-1.0943232116422452
60196307.0,14.7339167879,14.7339167879,-1.1683182127797649
60196308.0,13.454230824,13.454230824,-1.12885887427064
60196311.0,7.674193548,7.674193548,-0.8850327481810871
60196312.0,14.244619728,14.244619728,-1.1536508598769621
60196314.0,18.7149450479,18.7149450479,-1.27218855624719
60196316.0,24.67038683945,24.67038683945,-1.356304999689792
60196317.0,7.0125549319,7.0125549319,-0.8458762762645902
60196318.0,13.0448268079,13.0448268079,-1.115438317482031
60196319.0,48.0145447564,48.0145447564,-1.6813480041281705
60196320.0,12.239766572,12.239766572,-1.0877731353374014
60196322.0,40.32748622765,40.32748622765,-1.595303255038535
60196324.0,5.092907492,5.092907492,-0.706965787686328
60196326.0,5.74027359595,5.74027359595,-0.7584750563604701
60196327.0,10.1887725999,10.1887725999,-1.0081218694630898
60196328.0,5.9777278,5.9777278,-0.7765361352517006
60196329.0,8.31404706795,8.31404706795,-0.8956243539876061
60196330.0,15.774437788,15.774437788,-1.1979538896327917
60196331.0,19.85229404,19.85229404,-1.297810699076351
60196335.0,15.5552918599,15.5552918599,-1.1918781640757048
60196336.0,54.8310390514,54.8310390514,-1.3662109161356577
60196337.0,19.4830833879,19.4830833879,-1.2896576893178668
60196338.0,18.26687025795,18.26687025795,-1.2586872866006682
60196339.0,5.6972194999,5.6972194999,-0.7556629520806848
60196341.0,9.7179918359,9.7179918359,-0.9875708803670117
60196343.0,12.853753756,12.853753756,-1.1090299757179347
60196345.0,2.8806041159,2.8806041159,-0.45948357688720537
60196346.0,11.639738028,11.639738028,-1.0659432058916762
60196347.0,19.594274992,19.594274992,-1.2921291987761596
60196348.0,19.7014121439,19.7014121439,-1.2944973563303008
60196352.0,8.9299716361,8.9299716361,-0.9508500794591155
60196353.0,7.099568391949999,7.099568391949999,-0.850712656706927
60196357.0,22.009919192,22.009919192,-1.3426184480720704
60196359.0,8.584820812,8.584820812,-0.933731234712803
60196361.0,11.109095884,11.109095884,-1.0456787152354292
60196362.0,16.83690327795,16.83690327795,-1.0555668518267158
60196366.0,6.7932992199,6.7932992199,-0.8320807440901385
60196367.0,38.893785812,38.893785812,-1.5898802182114786
60196368.0,9.056677218,9.056677218,-0.9334840806038011
60196370.0,8.644193506,8.644193506,-0.9032672391461465
60196371.0,9.515165128,9.515165128,-0.9784163295181452
60196373.0,13.763746738,13.763746738,-1.134854102479097
60196374.0,12.204805088,12.204805088,-1.0865308480807796
60196376.0,11.972381196,11.972381196,-1.0781805361571073
60196377.0,4.67931657995,4.67931657995,-0.6678120154483049
60196378.0,7.848982842049999,7.848982842049999,-0.8914272933921119
60196379.0,16.44263655995,16.44263655995,-1.215848355404006
60196380.0,17.1027708881,17.1027708881,-1.2330664778731026
60196381.0,8.646639346,8.646639346,-0.9367679606572382
60196382.0,11.8890535639,11.8890535639,-1.075147283690558
60196384.0,8.9195543559,8.9195543559,-0.9503431564379682
60196385.0,11.6132205959,11.6132205959,-1.0649526756444203
60196386.0,16.402119092,16.402119092,-1.2148999608836366
60196387.0,16.45204407995,16.45204407995,-1.215872254079358
60196388.0,21.59648756595,21.59648756595,-1.3343823222051192
60196389.0,34.15431819455,34.15431819455,-1.5334343380871598
60196390.0,10.213600748000001,10.213600748000001,-1.008219329143166
60196391.0,13.37676109595,13.37676109595,-1.0649462587965686
60196392.0,15.3108996579,15.3108996579,-1.1850007102921363
60196393.0,6.987811732,6.987811732,-0.8443411955588953
60196394.0,6.94280929595,6.94280929595,-0.7954463299086774
60196395.0,7.9870078239,7.9870078239,-0.9023841098581548
60196396.0,17.959797461999997,17.959797461999997,-1.219177976107365
60196397.0,15.628317452,15.628317452,-1.193912224299076
60196398.0,13.992117667950001,13.992117667950001,-1.0054479227102862
60196399.0,5.5392941039,5.5392941039,-0.7434544242385813
60196402.0,7.51449518,7.51449518,-0.8555811839081302
60196405.0,6.0724092439,6.0724092439,-0.783361032712579
60196406.0,11.8605891879,11.8605891879,-0.9492905337882138
60196409.0,35.6031446585,35.6031446585,-1.5514883588582393
60196411.0,8.746711467999999,8.746711467999999,-0.9107339908954059
60196412.0,25.834511604,25.834511604,-1.4122002557135869
60196413.0,12.326981924,12.326981924,-1.0908545174496052
60196414.0,21.20861351995,21.20861351995,-1.291757453467003
60196415.0,40.3044451249,40.3044451249,-1.6053529465568845
60196416.0,20.81704394695,20.81704394695,-1.3184065815193957
60196418.0,16.65771950595,16.65771950595,-1.2021245118397061
60196419.0,20.7910696159,20.7910696159,-1.3178768325894719
60196420.0,53.040906233950004,53.040906233950004,-1.5728425303913545
60196421.0,25.3201796321,25.3201796321,-1.4034667824256126
60196422.0,7.077571087899999,7.077571087899999,-0.799261907832294
60196424.0,10.04977486195,10.04977486195,-1.001365104258642
60196426.0,7.931141576,7.931141576,-0.8993357023838686
60196427.0,8.5351093839,8.5351093839,-0.9312090912995834
60196428.0,11.25467438595,11.25467438595,-0.9729248316744583
60196430.0,8.2563578239,8.2563578239,-0.9167885066641607
60196431.0,9.8926642081,9.8926642081,-0.9953132678417635
60196432.0,17.748855394,17.748855394,-1.2490230644157565
60196433.0,7.99972483005,7.99972483005,-0.8725714124687467
60196434.0,15.491404016,15.491404016,-1.1900907804944394
60196435.0,17.743203459950003,17.743203459950003,-1.1969580165954292
60196436.0,8.1433381839,8.1433381839,-0.9108024709406809
60196438.0,16.7739326441,16.7739326441,-1.2246348947709584
60196440.0,22.32871934395,22.32871934395,-1.3476492368934603
60198.0,44.7390942358,44.7390942358,-1.6506871873516724
6021.0,25.807680691949997,25.807680691949997,-1.4060993670577182
6024.0,12.7387026719,12.7387026719,-1.1051252010665251
6024631.0,23.7178934459,23.7178934459,-1.3747539943824094
6025.0,11.645643691950001,11.645643691950001,-1.0067127945214984
6028.0,67.03056177094999,67.03056177094999,-1.8262656708853477
6028739.0,30.79624344015,30.79624344015,-1.373243765516008
6034.0,19.763219444,19.763219444,-1.2958576929274672
6035.0,20.0770653,20.0770653,-1.3016067364526824
6036.0,7.5048034799,7.5048034799,-0.8753393243324596
6037.0,8.7277744599,8.7277744599,-0.9409035148389389
604152.0,16.5542351879,16.5542351879,-1.2189091209777025
6043.0,22.4600652,22.4600652,-1.351411012653806
6046.0,9.140446048,9.140446048,-0.9609673895476578
60464.0,8.00616904795,8.00616904795,-0.8556732770785379
6047.0,24.064887324,24.064887324,-1.3813838325756211
6048.0,6.793942104,6.793942104,-0.832121841618428
6049.0,15.2918317,15.2918317,-1.1844595095821773
60490.0,11.228694926,11.228694926,-0.9886777549028107
60496.0,35.71842130915,35.71842130915,-1.5523495730185741
6051.0,15.32664295,15.32664295,-1.1854383537859186
60510.0,26.2073759384,26.2073759384,-1.0997126840213527
6053.0,9.4325019959,9.4325019959,-0.9746269057689531
6054.0,8.9910904919,8.9910904919,-0.9538123686957883
60560.0,8.929876436,8.929876436,-0.9508454495341643
60561.0,11.55578367395,11.55578367395,-1.0515429863634007
6057.0,14.0796978199,14.0796978199,-1.1485933340278085
6058.0,11.1604797079,11.1604797079,-1.047682862165757
60582.0,2.846470412,2.846470412,-0.45430667384160633
6060.0,5.3198986479,5.3198986479,-0.7259033584083849
60605.0,14.97717528805,14.97717528805,-1.1570061333906771
60651.0,6.4483992519,6.4483992519,-0.8094519189225224
60699.0,129.3042186414,129.3042186414,-2.1116126942755487
60703.0,19.6848075081,19.6848075081,-1.2941311723099558
60714.0,12.794985284,12.794985284,-1.1070397907248635
60737.0,12.632025872,12.632025872,-1.101473006491635
60749.0,3.69755273595,3.69755273595,-0.5672198149955268
6075.0,18.477390242,18.477390242,-1.2664628828628874
60751.0,10.62669947195,10.62669947195,-1.0231163319456926
60754.0,4.811493103949999,4.811493103949999,-0.6816162498261578
60758.0,17.5521193859,17.5521193859,-1.196256387515287
6076.0,16.073188084,16.073188084,-1.206102026730172
60768.0,12.473494248,12.473494248,-1.0959881311087607
6076971.0,26.118682472,26.118682472,-1.4169512656515897
60772.0,18.0057551,18.0057551,-1.255411338919575
60785.0,16.8351543999,16.8351543999,-1.2262171037782852
60790.0,9.09329309195,9.09329309195,-0.8313922800558844
60795.0,13.170110356,13.170110356,-1.1195894140507017
6081.0,9.476446392,9.476446392,-0.9766455101571262
60810.0,14.137345252,14.137345252,-1.1503678641531188
608116.0,51.7386423794,51.7386423794,-1.713815028654381
60822.0,29.58406463695,29.58406463695,-1.4708270924091442
60823.0,22.08445598,22.08445598,-1.3440867054828387
6083.0,16.641184732,16.641184732,-1.2064621655715269
60834.0,20.210420152,20.210420152,-1.2608100908364763
60839.0,26.355731473949998,26.355731473949998,-1.3965428262099655
6084.0,7.9424616399,7.9424616399,-0.8999551259707008
60854.0,19.50829426795,19.50829426795,-1.2881079323474232
60855.0,12.375228318049999,12.375228318049999,-1.092197965540914
60857.0,11.2290649601,11.2290649601,-1.0503435942333514
60871.0,12.38822030595,12.38822030595,-1.0927999409521771
60875.0,9.013140192,9.013140192,-0.9548761262133216
60877.0,20.333253812,20.333253812,-1.3082068818119017
60910.0,18.668767488,18.668767488,-1.2711156467744957
6093.0,17.284694128,17.284694128,-1.2376616986196969
6093170.0,11.5,11.5,-1.0606978403536116
60934.0,12.80457509395,12.80457509395,-1.1066141675178611
60936.0,8.9534215839,8.9534215839,-0.9519890343142897
60953.0,16.085030668,16.085030668,-1.2064218932722115
60961.0,64.3817409235,64.3817409235,-1.8087627161092563
60962.0,15.4939468319,15.4939468319,-1.1901620613343284
60966.0,5.4968803279,5.4968803279,-0.7401162820815368
6096946.0,31.67820436965,31.67820436965,-1.410188088425885
60974.0,10.307777164,10.307777164,-1.0131650212980339
60976.0,12.24634645395,12.24634645395,-1.0760495078508667
60988.0,14.902318657999999,14.902318657999999,-1.0215211392671466
6099.0,31.95663130845,31.95663130845,-1.382721411611505
60995.0,11.64186150595,11.64186150595,-1.0322438883032556
60999.0,6.0633257719,6.0633257719,-0.7827109027455551
6099917.0,8.00582425395,8.00582425395,-0.8277197891473345
6100.0,18.640124412,18.640124412,-1.2704488066909652
61002.0,17.433205872,17.433205872,-1.2413772588537635
61005.0,12.757452528,12.757452528,-1.1057639609457934
61007.0,26.164484868,26.164484868,-1.417712188676779
6101.0,17.16806594635,17.16806594635,-1.1895602028632402
61012.0,34.47541279635,34.47541279635,-1.529813569607998
61014.0,25.8357185959,25.8357185959,-1.412220545536951
61016.0,8.8178358359,8.8178358359,-0.9453620091845182
61017.0,15.327387624,15.327387624,-1.1854681406886467
61018.0,19.865512646,19.865512646,-1.2980262521920833
61020.0,21.17760441695,21.17760441695,-1.3154965332777384
61027.0,11.51186930195,11.51186930195,-1.049210456837928
6103.0,4.381544372,4.381544372,-0.6416272141616455
61031.0,5.5521040401,5.5521040401,-0.7444575957065203
61032.0,10.6751280959,10.6751280959,-1.0129229417068024
61038.0,12.0,12.0,-1.0791812460476249
61040.0,28.567676403550003,28.567676403550003,-1.3326478037908827
61041.0,15.446601328,15.446601328,-1.1888329376853688
610479.0,38.5233235159,38.5233235159,-1.5857237478801103
61048.0,13.3784243479,13.3784243479,-1.1264049671457357
61051.0,13.1192800419,13.1192800419,-1.1179100025389317
61053.0,9.08365011795,9.08365011795,-0.9496172081397968
61054.0,58.15615032469999,58.15615032469999,-1.7330020757015885
61055.0,13.6413057479,13.6413057479,-1.1348559430452703
61056.0,6.31451890995,6.31451890995,-0.7863413687464309
61057.0,21.19263653795,21.19263653795,-1.303391756824006
61059.0,70.5936367572,70.5936367572,-1.8450229424161375
610682.0,25.761328932,25.761328932,-1.4109682629171107
6108.0,17.354329606,17.354329606,-1.2387717403320935
61100.0,22.9191670311,22.9191670311,-1.3601988296840724
6112114.0,25.6080561519,25.6080561519,-1.4083766134335447
61124.0,16.66411338,16.66411338,-1.2217822118209212
6113.0,19.6628599561,19.6628599561,-1.293646686070863
61138.0,14.76624546995,14.76624546995,-1.1683419126005932
6114.0,14.82935622395,14.82935622395,-1.1487438246797494
61144.0,14.6090134819,14.6090134819,-1.1096048793623963
61151.0,18.0511823704,18.0511823704,-1.2565056538939003
61163.0,13.0328157999,13.0328157999,-1.1128857743461402
61179.0,9.1378437479,9.1378437479,-0.9608437275865069
61186.0,31.163584917199998,31.163584917199998,-1.3428904787302987
61196.0,7.1114948039,7.1114948039,-0.851960897052219
612.0,16.312713444,16.312713444,-1.2125262072536935
61204.0,28.54874428,28.54874428,-1.4555870105061985
612040.0,14.528195124,14.528195124,-1.1622116641001525
61207.0,11.2663263879,11.2663263879,-1.0517823286861834
61209.0,16.076931792,16.076931792,-1.206203169229166
61225.0,14.45633714795,14.45633714795,-1.0334333350358507
61234.0,10.162170256,10.162170256,-1.0069864667622226
6124.0,9.49373964595,9.49373964595,-0.9772546369983304
61247.0,5.6906174599,5.6906174599,-0.7551593920327748
61249.0,30.316632364,30.316632364,-1.4816809572845477
61254.0,11.6131455959,11.6131455959,-1.0649498708934857
6126.0,24.5348615399,24.5348615399,-1.3897836114252664
61274.0,6.17085437995,6.17085437995,-0.7893137640564345
6128.0,29.389360648,29.389360648,-1.468168195712881
61282.0,15.61438918,15.61438918,-1.193524999712933
61285.0,9.1403456559,9.1403456559,-0.9609626195425329
61286.0,9.52365769995,9.52365769995,-0.9773147955740658
6129.0,18.8224498539,18.8224498539,-1.2742744363815501
61290.0,28.259163682,28.259163682,-1.441174842677733
61329.0,10.0799012199,10.0799012199,-1.003456276170761
6134.0,6.4036906279,6.4036906279,-0.8064303423226263
61341.0,8.0285976639,8.0285976639,-0.9046396947163469
61345.0,30.719928116,30.719928116,-1.4874201951205075
61346.0,3.2494340599,3.2494340599,-0.5118077283435176
6135.0,23.85168685325,23.85168685325,-1.3752476595967051
6136.0,6.7012357199,6.7012357199,-0.8258248307528473
61384.0,14.638419824,14.638419824,-1.1654941983920515
614.0,8.79357424,8.79357424,-0.9441654344819094
61410.0,6.0922992879,6.0922992879,-0.7847812301680706
61417.0,20.93206032245,20.93206032245,-1.3205592863112146
6143.0,7.9342870299,7.9342870299,-0.8957236834327951
61444.0,10.17132771805,10.17132771805,-1.0071051841258494
6145.0,18.8803872959,18.8803872959,-1.276010898793992
61503.0,7.024781924,7.024781924,-0.8466328466307136
61510.0,24.955751006699998,24.955751006699998,-1.3805384079264145
61527.0,4.587975708,4.587975708,-0.6616211097720628
61571.0,9.476777308,9.476777308,-0.9766606753865419
61574.0,7.8494642599,7.8494642599,-0.8948400163746765
61585.0,16.667692797999997,16.667692797999997,-1.2197558669752375
61591.0,7.743758166,7.743758166,-0.8511114830212363
61594.0,29.284906262,29.284906262,-1.4361362750128395
616236.0,26.437365290000002,26.437365290000002,-1.4210353693240925
6163.0,14.16954622595,14.16954622595,-1.1493951020540725
61631.0,15.939010104000001,15.939010104000001,-1.1982678231903072
61634.0,15.8388949801,15.8388949801,-1.199724879224111
6166.0,29.130969718,29.130969718,-1.464354941756633
61660.0,20.757223788,20.757223788,-1.3153197026195171
61663.0,19.0417553799,19.0417553799,-1.2797069816883777
61670.0,19.47574529995,19.47574529995,-1.2825905765999708
616765.0,12.5228921561,12.5228921561,-1.0977046405662705
61701.0,19.5349338959,19.5349338959,-1.290811945957812
61718.0,21.221343085999997,21.221343085999997,-1.3236576988632427
61719.0,11.917236012,11.917236012,-1.0761755403094624
6172.0,11.7490824079,11.7490824079,-1.0700039499484615
61771.0,8.7153389599,8.7153389599,-0.9402842825018329
61812.0,3.514566964,3.514566964,-0.5458718224623267
61828.0,9.702027004,9.702027004,-0.9868624790791468
6184.0,13.916271179949998,13.916271179949998,-1.1300488946136307
61931.0,12.0484788159,12.0484788159,-1.0809322183993855
6194.0,4.718737804,4.718737804,-0.6738258465017729
61945.0,35.548816708,35.548816708,-1.5508251492081513
61948.0,27.8423043959,27.8423043959,-1.4427534700453986
61953.0,14.048855141899999,14.048855141899999,-1.1415181029160877
6197.0,12.570981398,12.570981398,-1.0963173159057114
61972.0,22.4954332279,22.4954332279,-1.3381412868478986
6202.0,8.176463884,8.176463884,-0.9125655227791953
62064.0,15.488568535999999,15.488568535999999,-1.089037972396961
6209.0,21.297608848,21.297608848,-1.3283308465179542
62092.0,56.0001832859,56.0001832859,-1.7481894484334275
62097.0,32.07291992,32.07291992,-1.5061384999165188
62098.0,24.1308513359,24.1308513359,-1.382572644078761
62105.0,14.92104266,14.92104266,-1.1737991720416694
6211.0,11.92852412195,11.92852412195,-1.0688418952397056
62118.0,12.2169560279,12.2169560279,-1.0728953821494043
6212.0,14.194193361950001,14.194193361950001,-1.1295393117573214
62130.0,17.86955682605,17.86955682605,-1.2520373076164992
6214.0,20.56665705795,20.56665705795,-1.2947295607428346
6215.0,11.376190368,11.376190368,-1.0559968508857072
62158.0,11.375592068,11.375592068,-1.0559740097400243
6216.0,20.153518652000002,20.153518652000002,-1.2788123184022988
62210.0,28.719034504,28.719034504,-1.4500618763470265
62217.0,25.1307172285,25.1307172285,-1.3999253137300558
62240.0,12.758864912,12.758864912,-1.1058120392454616
62253.0,27.45685422795,27.45685422795,-1.4366865405692135
6227.0,18.39121813605,18.39121813605,-1.2491310270172629
62276.0,7.62334345995,7.62334345995,-0.8751896856621058
62277.0,11.631444127950001,11.631444127950001,-1.0624518735327877
6228.0,13.54925837395,13.54925837395,-1.1205872064108313
6230.0,16.31619968595,16.31619968595,-1.2120565976555637
6231.0,12.3524677,12.3524677,-1.0878560432616253
62311.0,4.949534202,4.949534202,-0.6794632507211441
62328.0,25.9760291018,25.9760291018,-1.4145727621726136
62329.0,17.110413752,17.110413752,-1.2332605114720112
6233.0,14.6662745039,14.6662745039,-1.1663198092845315
6234.0,15.287410296,15.287410296,-1.1843339216834912
62341.0,14.638332428,14.638332428,-1.1488689581812026
62347.0,14.46303092,14.46303092,-1.1602593146664062
62351.0,16.52428145595,16.52428145595,-1.2012603133946973
6237.0,25.2825320854,25.2825320854,-1.4028205670647862
62371.0,11.9895241679,11.9895241679,-1.0788019474561459
62374.0,19.001815373950002,19.001815373950002,-1.274096404820249
62379.0,10.920903508,10.920903508,-1.0382585698986422
6238.0,9.2606638679,9.2606638679,-0.9666421210049654
62389.0,31.14628840095,31.14628840095,-1.4934001252120708
62390.0,15.80571345,15.80571345,-1.1985414738887803
62406.0,15.8901047681,15.8901047681,-1.2011267606471348
6241.0,15.8746077879,15.8746077879,-1.200703004032991
62411.0,39.7942742028,39.7942742028,-1.5998205881285132
62413.0,22.866721676,22.866721676,-1.3592039057489487
62421.0,12.521632218,12.521632218,-1.0976553384381105
62428.0,23.6498111009,23.6498111009,-1.2762155225884486
6243.0,33.1728396759,33.1728396759,-1.5207826497765646
62430.0,29.8362667044,29.8362667044,-1.4747444806266787
62433.0,16.93341116795,16.93341116795,-1.200768979463371
62436.0,14.20168203795,14.20168203795,-1.1523353194513095
62441.0,26.628690826049997,26.628690826049997,-1.423283951520145
62445.0,38.77593417695,38.77593417695,-1.583366041496784
62449.0,8.8988494519,8.8988494519,-0.9493338595671996
62452.0,7.40525505995,7.40525505995,-0.8694861834383047
62459.0,11.24009785595,11.24009785595,-1.0307837099495645
62465.0,14.165854595949998,14.165854595949998,-1.1034484003524017
62466.0,20.4609010245,20.4609010245,-1.3109247545644278
62467.0,31.8055959783,31.8055959783,-1.502503537867653
62475.0,17.267158176,17.267158176,-1.2372208673857932
62477.0,27.2544235986,27.2544235986,-1.4354370016051594
62479.0,13.1831598239,13.1831598239,-1.1200195172086975
62485.0,19.731297697949998,19.731297697949998,-1.286290403079662
6249.0,10.9729566559,10.9729566559,-1.0403236637034483
62493.0,13.166111183950001,13.166111183950001,-1.1191214880452598
62495.0,20.781949152,20.781949152,-1.3176862778823515
62500.0,11.18673710595,11.18673710595,-1.045714565661199
6251.0,12.6142851719,12.6142851719,-1.1008626448896324
62529.0,19.175863652,19.175863652,-1.2827549330304713
6253.0,13.09461965,13.09461965,-1.035852887001583
62531.0,18.8729669821,18.8729669821,-1.2643821580912018
62539.0,25.3499821519,25.3499821519,-1.4039776578968075
62551.0,28.64225235995,28.64225235995,-1.4464252905101511
62553.0,17.8600286599,17.8600286599,-1.2518821514633023
62556.0,15.86813644405,15.86813644405,-1.198954666480176
62558.0,25.90778798795,25.90778798795,-1.3974875829973112
6257.0,6.97552138,6.97552138,-0.8435766741670694
62576.0,15.5133954521,15.5133954521,-1.1907068632372955
62581.0,19.763475896,19.763475896,-1.295608791194363
62583.0,20.4708504699,20.4708504699,-1.3058005657703426
6259.0,7.607683326,7.607683326,-0.8267881011666764
62592.0,9.84621043005,9.84621043005,-0.9915708833849732
6259842.0,9.1620960499,9.1620960499,-0.9619419893913554
6259976.0,25.9746976719,25.9746976719,-1.4145505013614703
62630.0,74.89383284425,74.89383284425,-1.8742705723556554
6264.0,31.8555577834,31.8555577834,-1.5031852138798998
62648.0,8.429276286,8.429276286,-0.9132965770388994
62655.0,9.622391413899999,9.622391413899999,-0.9685321871481429
62660.0,21.44298163005,21.44298163005,-1.3221272847002368
62661.0,7.2893269479,7.2893269479,-0.8626874300590748
62672.0,9.89266204205,9.89266204205,-0.9653008988916884
6269.0,10.847411832,10.847411832,-1.0288247728627256
6271.0,18.8131168189,18.8131168189,-1.237046143333334
62725.0,11.070025184,11.070025184,-1.0441486088877374
627458.0,16.346520722,16.346520722,-1.2109858961478401
62751.0,11.329966397949999,11.329966397949999,-1.0489930859028618
62753.0,8.8153975139,8.8153975139,-0.9362054660759845
6276.0,11.829242928,11.829242928,-1.0729569506538699
6277.0,6.001755184,6.001755184,-0.7782782762593882
62770.0,8.7425078759,8.7425078759,-0.941636032226163
6278.0,16.892568202,16.892568202,-1.1201684862769878
62781.0,31.0939059178,31.0939059178,-1.492675280164767
62783.0,15.43452366,15.43452366,-1.1795839661056584
62786.0,3.044742264,3.044742264,-0.4835505357012404
6279.0,13.40920782,13.40920782,-1.1274031216573457
62817.0,7.87473027395,7.87473027395,-0.8698644826623891
62823.0,7.5004139839,7.5004139839,-0.8750852348532351
62829.0,15.3133266439,15.3133266439,-1.1850695464233272
62835.0,17.32672286595,17.32672286595,-1.2377163081889293
6285.0,10.572052404,10.572052404,-1.0241593071944082
62852.0,4.618295164,4.618295164,-0.6644816860519235
6288.0,9.29033950995,9.29033950995,-0.9371963912265187
62881.0,27.19360139295,27.19360139295,-1.34323470886997
62882.0,33.5824161629,33.5824161629,-1.5261119392250755
62884.0,13.669842416000002,13.669842416000002,-1.1136509254220088
62902.0,17.4290544319,17.4290544319,-1.2412738262294767
6291.0,9.3663726839,9.3663726839,-0.9715714341786215
6292.0,5.5184560599,5.5184560599,-0.741817588878484
62923.0,9.669362172,9.669362172,-0.985397827307742
6293.0,22.25321727995,22.25321727995,-1.3473348773744538
62935.0,12.79203708595,12.79203708595,-1.1057022621413368
62937.0,30.7750559497,30.7750559497,-1.4793991924258059
6294.0,12.22559846595,12.22559846595,-0.9954209072825633
6295.0,11.446931186,11.446931186,-1.0333047799253932
62960.0,50.8280627587,50.8280627587,-1.7061013890794379
62969.0,37.3678298109,37.3678298109,-1.57249787632117
62978.0,34.25634167755,34.25634167755,-1.4412464178074658
6300.0,27.7885799434,27.7885799434,-1.435295681075044
63002.0,4.2721522719,4.2721522719,-0.6306467238115481
63009.0,38.6460879204,38.6460879204,-1.5871055375668055
63047.0,11.590714264,11.590714264,-1.0641101996698725
63049.0,14.5483095479,14.5483095479,-1.1628125330696857
6305.0,10.0545907799,10.0545907799,-1.0023643995823985
63062.0,16.059760276,16.059760276,-1.20573905827844
6307.0,6.7384150439,6.7384150439,-0.8285577572720282
63112.0,37.333638399899996,37.333638399899996,-1.5717158807151805
6318.0,14.28266333605,14.28266333605,-1.154687874073219
6319.0,14.194864524,14.194864524,-1.152131251968604
6321225.0,9.5290242919,9.5290242919,-0.9478288258352463
6321253.0,4.36359510605,4.36359510605,-0.606580866487608
6321405.0,13.9219569,13.9219569,-1.143700284925334
6321418.0,50.5489560709,50.5489560709,-1.703712191038215
6321424.0,16.4553202599,16.4553202599,-1.2163063391222704
6322.0,7.926919836,7.926919836,-0.8991044662470281
6323490.0,26.4566011119,26.4566011119,-1.4225340494825829
6324663.0,20.3838221979,20.3838221979,-1.3025530782800288
6327114.0,9.7453589599,9.7453589599,-0.9887978405221532
6327116.0,12.3753650479,12.3753650479,-1.0925580185914892
6327349.0,14.551659109900001,14.551659109900001,-1.1626987728348848
6327366.0,8.672683352,8.672683352,-0.938153490171072
6327514.0,11.6316006504,11.6316006504,-0.9968886686766109
6327546.0,12.618184887950001,12.618184887950001,-1.0720147059587004
6327594.0,61.4270811678,61.4270811678,-1.7883598794277409
6328152.0,23.7946014639,23.7946014639,-1.3764784351915724
6328250.0,9.1553060439,9.1553060439,-0.9616728664919427
6328651.0,27.689842932,27.689842932,-1.4423204922584256
6328657.0,16.8357827799,16.8357827799,-1.2262333137201182
6332.0,12.646207448,12.646207448,-1.101960301689024
6333.0,5.4066752399,5.4066752399,-0.7329302838062103
6335412.0,7.942587858,7.942587858,-0.8901342106599432
6342.0,5.6148671179,5.6148671179,-0.7197672555980328
6344.0,22.075200868,22.075200868,-1.3439046640261452
6348.0,9.79816744995,9.79816744995,-0.9883481524781315
6358.0,11.5710900519,11.5710900519,-1.0633742734915959
6359.0,28.9404916079,28.9404916079,-1.4615059041425504
636362.0,28.757505649949998,28.757505649949998,-1.443668171738628
636369.0,11.79530960395,11.79530960395,-1.0357469656881242
636396.0,11.16638766,11.16638766,-1.0479127010422984
636398.0,4.9830754359,4.9830754359,-0.6974974617540648
6364.0,11.4841912839,11.4841912839,-1.060100417614994
636402.0,11.3338017479,11.3338017479,-1.0543756116453322
636405.0,17.4678933759,17.4678933759,-1.2332771549171153
636411.0,27.50878236,27.50878236,-1.439471367342195
6364626.0,25.4541131494,25.4541131494,-1.253723536122741
6364671.0,22.058428048,22.058428048,-1.3435745600350808
6365.0,15.32555198,15.32555198,-1.1854161254450066
6366.0,9.26251027595,9.26251027595,-0.9525960480405194
6371716.0,20.278979012,20.278979012,-1.3070460857393804
6374.0,15.544360135949999,15.544360135949999,-1.1884018705524542
6375.0,20.57654425995,20.57654425995,-1.2019302052792986
637511.0,15.739926451950002,15.739926451950002,-1.1808127693983068
637520.0,7.0625983259,7.0625983259,-0.8310302120751751
637531.0,10.729058644,10.729058644,-1.0305616191094045
637563.0,22.461938138,22.461938138,-1.351446603322656
637564.0,37.7673003459,37.7673003459,-1.5771159420215521
637566.0,13.33232958395,13.33232958395,-1.124728841582174
6377.0,14.0626589279,14.0626589279,-1.1480674436239688
637759.0,15.9739668199,15.9739668199,-1.2034127780087285
637892.0,7.82952137805,7.82952137805,-0.8475541560833638
6379.0,13.6757886159,13.6757886159,-1.1345835721995274
637930.0,10.984716004,10.984716004,-1.0407888332647182
638014.0,20.083608921950002,20.083608921950002,-1.3021841121135993
638015.0,13.0735326959,13.0735326959,-1.116392957360887
638024.0,14.662701136,14.662701136,-1.166213982610766
638034.0,35.2753572958,35.2753572958,-1.5474714213153578
638072.0,14.556879928,14.556879928,-1.105314842490044
638081.0,8.91540075395,8.91540075395,-0.9422899006392895
638088.0,9.343849848,9.343849848,-0.9705258508825158
638144.0,12.317015434,12.317015434,-1.0807818645797609
638186.0,27.107883756950002,27.107883756950002,-1.4262691515082886
6383.0,18.6251832699,18.6251832699,-1.2701005548546753
6385.0,12.44127238,12.44127238,-1.0948647983093904
638500.0,32.3757151149,32.3757151149,-1.51021936989317
638678.0,5.169733532,5.169733532,-0.7134681584586574
6387.0,15.1274229439,15.1274229439,-1.1797649493999203
6389.0,15.0311511855,15.0311511855,-1.128542606882391
6395.0,10.281620372,10.281620372,-1.012061564383253
6396.0,9.633274052,9.633274052,-0.9837739154796021
6397.0,19.648396368,19.648396368,-1.2933271105919213
6398761.0,9.5763003919,9.5763003919,-0.9811977606751324
6398970.0,6.3889108279,6.3889108279,-0.805327187524131
6400441.0,26.51220378,26.51220378,-1.4234458291934495
6403.0,14.904022744,14.904022744,-1.1733035046355131
6405.0,9.52927487395,9.52927487395,-0.9540713147020333
6406.0,9.65562066,9.65562066,-0.9799601971597363
6409.0,23.187130117949998,23.187130117949998,-1.3544603299184121
6410.0,18.0,18.0,-1.255272505103306
6410758.0,22.955082968,22.955082968,-1.3608788668027347
641245.0,15.47207574195,15.47207574195,-1.1400817178501255
641256.0,22.4551643799,22.4551643799,-1.3513162386025728
64142.0,6.1790706519,6.1790706519,-0.7909231609946212
6415.0,11.926507508,11.926507508,-1.0765132859114772
6416.0,7.997456627949999,7.997456627949999,-0.9029489438171328
6417.0,19.494278768,19.494278768,-1.2899071721799702
6418.0,10.9922570999,10.9922570999,-1.041086877626872
64184.0,5.262456532,5.262456532,-0.7211885215771204
6419.0,16.171682896,16.171682896,-1.2087552168399947
6419888.0,12.40933600395,12.40933600395,-1.090138317873746
6419921.0,51.692748433549994,51.692748433549994,-1.7063390894505863
6419941.0,9.6345549839,9.6345549839,-0.9838316595726856
6419942.0,8.7432286399,8.7432286399,-0.9416718355596799
6419962.0,4.185567092,4.185567092,-0.6217543077871794
6419978.0,5.494127944,5.494127944,-0.739898768795173
6420.0,12.830808265950001,12.830808265950001,-1.084564246384418
6420010.0,21.6204572379,21.6204572379,-1.3316803844625924
6420013.0,9.46780606795,9.46780606795,-0.9730076430269994
6420020.0,22.828270504,22.828270504,-1.3584730100876485
6420022.0,12.051011546,12.051011546,-1.0798696084903943
6420033.0,10.1231964599,10.1231964599,-1.0053176652415392
6420038.0,8.338120336,8.338120336,-0.9210681585863513
6420039.0,14.925966144,14.925966144,-1.1554982699826108
6420042.0,12.2796440839,12.2796440839,-1.046967840033298
6420071.0,17.6112077199,17.6112077199,-1.2457891395052312
6421.0,16.268214152,16.268214152,-1.2113398807487619
642197.0,14.3433083959,14.3433083959,-1.1566493362943986
6422843.0,25.9320449999,25.9320449999,-1.4138367665631082
6423.0,10.6935301919,10.6935301919,-1.0291210999487859
6426773.0,28.846360376,28.846360376,-1.460091024828532
6426889.0,16.6311394519,16.6311394519,-1.2209220051257157
6427.0,11.18814226,11.18814226,-1.0487579798965045
6427097.0,4.7953302079,4.7953302079,-0.6808185181868068
6428555.0,10.6373240759,10.6373240759,-1.0268323906251802
6432115.0,10.02064458595,10.02064458595,-0.9912628360861085
6432394.0,13.73149176595,13.73149176595,-1.1377125249254985
6433169.0,14.0679095759,14.0679095759,-1.1482295681454828
6433197.0,8.3102357999,8.3102357999,-0.9196133469059539
6433208.0,24.52595384795,24.52595384795,-1.3889019351945033
6433266.0,25.226020496700002,25.226020496700002,-1.357581914849531
6433334.0,12.0354294919,12.0354294919,-1.0804615929603636
6433339.0,11.83989154595,11.83989154595,-1.059566695960003
6433356.0,32.74464823395,32.74464823395,-1.5140408891363668
6433412.0,22.968662828,22.968662828,-1.3611357125078354
6433573.0,12.963659955699999,12.963659955699999,-0.9481552118180814
6433944.0,3.634391012,3.634391012,-0.5604316497795968
6434236.0,18.9781581279,18.9781581279,-1.278254060899235
6434250.0,28.7351712439,28.7351712439,-1.4584137896047165
643460.0,18.8895456481,18.8895456481,-1.2762215119241576
6434871.0,6.36962295205,6.36962295205,-0.7893971820440862
6434889.0,22.830106792,22.830106792,-1.3585079429868554
6435335.0,25.91433841995,25.91433841995,-1.4060204565499825
6435801.0,27.205262340049998,27.205262340049998,-1.3878974940679165
6435993.0,24.81948389,24.81948389,-1.3919722502140468
6436.0,20.93850802595,20.93850802595,-1.3175934002858072
6436079.0,32.291331032,32.291331032,-1.5090147211099643
6436135.0,9.38849589195,9.38849589195,-0.9720659506522464
6436173.0,10.148478576,10.148478576,-1.006400939237043
6436605.0,17.5686974719,17.5686974719,-1.2447395644699462
6436730.0,10.781415336,10.781415336,-1.0326757768309924
643684.0,13.702953552,13.702953552,-1.1368141856299152
6437380.0,17.8324884519,17.8324884519,-1.2512119514490516
6437875.0,24.84209643595,24.84209643595,-1.394585129618926
6437877.0,12.719585065999999,12.719585065999999,-1.0390009920653684
6438130.0,6.32768473995,6.32768473995,-0.7979522477102206
643820.0,4.2844298119,4.2844298119,-0.63189303255502
643833.0,28.78390968795,28.78390968795,-1.4589055604454844
6438394.0,11.2071230999,11.2071230999,-1.049494142283666
6439420.0,8.2188145399,8.2188145399,-0.9148091805683163
643991.0,18.284315878,18.284315878,-1.2610245901696355
6439929.0,17.8736437749,17.8736437749,-1.2522130981137984
644020.0,30.949525056,30.949525056,-1.4906539888281543
644025.0,9.334017852,9.334017852,-0.9700686271702724
6440554.0,13.195751372,13.195751372,-1.1204341241826672
6440556.0,14.952590284,14.952590284,-1.174716433369691
644076.0,12.29384835995,12.29384835995,-1.0821486303052996
644077.0,9.868641512,9.868641512,-0.994257373090307
6440940.0,28.864378724,28.864378724,-1.460362214194176
6442.0,13.8335431599,13.8335431599,-1.1409334294017524
644213.0,9.699398376,9.699398376,-0.9867447971439279
6442177.0,32.599371396,32.599371396,-1.5132092257771241
644280.0,6.0255604359,6.0255604359,-0.7799974467488913
6442928.0,9.5133669839,9.5133669839,-0.9783342502428728
6446.0,19.96225141195,19.96225141195,-1.2984616450418618
6450278.0,17.0814117359,17.0814117359,-1.2325237611875655
6450551.0,27.053052844,27.053052844,-1.4322162808471217
6451.0,15.937897292,15.937897292,-1.2024310237904394
6451143.0,39.279321288,39.279321288,-1.594163974954449
6451155.0,32.8001684879,32.8001684879,-1.515876074601231
6451325.0,25.987115812,25.987115812,-1.414758081869617
64517.0,11.0433374439,11.0433374439,-1.0364258552039782
6461.0,10.345987504,10.345987504,-1.0147719495276237
64646.0,17.1759318399,17.1759318399,-1.2349203079993352
64647.0,10.43738402,10.43738402,-1.018591662646977
6466.0,13.0018576839,13.0018576839,-1.1140054080167072
64710.0,11.61611830995,11.61611830995,-1.025789294988472
64715.0,19.435370354,19.435370354,-1.2766989731390588
64722.0,26.088598354200002,26.088598354200002,-1.3975839046027625
64740.0,16.7987163479,16.7987163479,-1.0676270939537194
6474573.0,7.13356955405,7.13356955405,-0.8515487848171858
6476.0,246.3508227785,246.3508227785,-2.0059396839236223
64764.0,7.048816648,7.048816648,-0.8481162139587844
64772.0,12.595225933950001,12.595225933950001,-1.0650964714849052
6478.0,21.999606296,21.999606296,-1.3424149087765402
6479.0,11.0854465159,11.0854465159,-1.0447531909539725
64805.0,11.187148568,11.187148568,-1.0183806413504894
64819.0,14.217612456,14.217612456,-1.1528266720448035
64832.0,12.454971804,12.454971804,-1.095342748702628
64865.0,7.464791233950001,7.464791233950001,-0.869825512998815
6488.0,13.73971309805,13.73971309805,-1.1338796533755127
6490.0,10.08884406195,10.08884406195,-1.0038410246529874
6491.0,22.8949308559,22.8949308559,-1.3597393362696375
6492.0,14.196112332,14.196112332,-1.151970362808406
64927.0,18.274884152,18.274884152,-1.2618546325625049
6494.0,13.8400485799,13.8400485799,-1.1411376145387646
64947.0,11.106012272,11.106012272,-0.9929212534672732
6495.0,13.7352215959,13.7352215959,-1.1378356704620962
6497.0,12.1411951159,12.1411951159,-1.084261438526253
6498.0,14.6987454,14.6987454,-1.1672802674618064
650.0,14.799266624,14.799266624,-1.1702401945137766
6501.0,12.1157011439,12.1157011439,-1.0833485521190656
6502.0,14.9405271281,14.9405271281,-1.1743659204235923
6503.0,12.960881407999999,12.960881407999999,-1.1103314222203657
6504.0,17.02192086395,17.02192086395,-1.227316908911413
6505.0,30.269351808,30.269351808,-1.4810031210152812
65057.0,72.2579053049,72.2579053049,-1.858885367587539
6505803.0,19.474128896,19.474128896,-1.2894580402022904
65064.0,16.2059674399,16.2059674399,-1.2096749620124148
65067.0,66.12455174,66.12455174,-1.8183585863585927
6507024.0,20.789940824,20.789940824,-1.3178532531676002
65094.0,33.060079501,33.060079501,-1.5193038936033685
6510.0,9.878805635900001,9.878805635900001,-0.9842203710046125
65114.0,9.665361964,9.665361964,-0.9852181228264747
6514.0,12.398803502,12.398803502,-1.0877877025720086
6516.0,15.454911938999999,15.454911938999999,-1.1824453592497224
6518.0,26.49025224885,26.49025224885,-1.3434501640278074
6525.0,9.7461079839,9.7461079839,-0.9753450882696373
6526396.0,23.085896036,23.085896036,-1.3615575271516849
6527.0,25.5610604879,25.5610604879,-1.407578868050092
65275.0,26.645756736,26.645756736,-1.4256280586584564
6528.0,22.109069944,22.109069944,-1.3445704736196773
6529.0,15.0689382719,15.0689382719,-1.1780826538475497
6532.0,17.278539992,17.278539992,-1.2235589524532768
65326.0,16.268361132000003,16.268361132000003,-1.2086713496756514
65329.0,16.279699477900003,16.279699477900003,-1.2116411724386675
65332.0,8.9857456259,8.9857456259,-0.9262476131454846
6534.0,7.332981332,7.332981332,-0.8652805793881228
65340.0,16.060807091,16.060807091,-1.2057673657471744
65341.0,7.460437241999999,7.460437241999999,-0.8601564381355269
6535.0,29.6323037284,29.6323037284,-1.4713618427354782
6536.0,3.3512002479499996,3.3512002479499996,-0.5221913417159205
65360.0,59.7751575959,59.7751575959,-1.7765207297972565
6536864.0,5.71337266195,5.71337266195,-0.7285675929311048
6537.0,6.0652256599,6.0652256599,-0.7828469636570371
6537488.0,19.7465124959,19.7465124959,-1.2954904043914288
6537489.0,33.151703683,33.151703683,-1.520505851929738
6537493.0,21.2298254664,21.2298254664,-1.290466360613112
6537494.0,7.025476124,7.025476124,-0.8466757621741224
6537495.0,24.40049675395,24.40049675395,-1.3412563224784697
6537498.0,23.4783987119,23.4783987119,-1.3706684735678971
6537499.0,23.224236162900002,23.224236162900002,-1.3199891091108715
6537502.0,31.41161508505,31.41161508505,-1.4856049199405166
6537503.0,14.720825389949999,14.720825389949999,-1.1639243927502747
6537505.0,18.192685581950002,18.192685581950002,-1.1898883362059671
6537506.0,27.27227019195,27.27227019195,-1.4343162215044538
65394.0,20.760935742,20.760935742,-1.303583387309739
65399.0,35.9384995571,35.9384995571,-1.5554189302325774
6540.0,17.041048022,17.041048022,-1.1954471028948626
6540478.0,40.308955229,40.308955229,-1.6054015417858882
6540548.0,8.7425830799,8.7425830799,-0.9416397680582842
65420.0,24.570299496,24.570299496,-1.3904104502801387
6544.0,20.68629428645,20.68629428645,-1.288526081978637
6545.0,15.55188148195,15.55188148195,-1.1023908497175676
65452.0,26.609899972,26.609899972,-1.425043242018879
65457.0,24.17658332,24.17658332,-1.383394925552239
65463.0,15.941576065949999,15.941576065949999,-1.1856804276010866
65464.0,20.970857792399997,20.970857792399997,-1.1926938071505642
6547.0,10.365865792,10.365865792,-1.0156055816816774
65477.0,12.8265999119,12.8265999119,-1.1081115484094515
65478.0,9.5295398999,9.5295398999,-0.9790719327728227
6548.0,4.900367144,4.900367144,-0.6902286193428058
65483.0,9.06622542395,9.06622542395,-0.9268407123141865
6549.0,6.056066041999999,6.056066041999999,-0.7744250340178129
65492.0,29.812673873,29.812673873,-1.4744009292769105
65494.0,10.461618437950001,10.461618437950001,-1.010856028626608
65495.0,21.4421105102,21.4421105102,-1.2950096503172683
65522.0,10.1279049,10.1279049,-0.9942858346115651
6553885.0,10.4840841159,10.4840841159,-1.0205304967198758
6554.0,15.68728531995,15.68728531995,-1.1509745277897938
65552.0,10.024843284,10.024843284,-0.9624496908161166
65584.0,21.173265897950003,21.173265897950003,-1.3177521182194796
6559.0,10.80189757195,10.80189757195,-1.0323754267889633
65596.0,12.418233576,12.418233576,-1.094059824282222
6560.0,13.3284432439,13.3284432439,-1.124779426978308
65600.0,18.2369456439,18.2369456439,-1.2609521036702893
6561.0,27.18851095205,27.18851095205,-1.4096485454272503
65614.0,11.6590631119,11.6590631119,-1.0666636531948985
65620.0,6.6964143359,6.6964143359,-0.8258423174804189
65628.0,11.22572956195,11.22572956195,-0.9611178954294037
6563.0,16.4091430321,16.4091430321,-1.2150859006052912
65630.0,5.396977479949999,5.396977479949999,-0.7314155395345668
65632.0,3.5498953279,3.5498953279,-0.5502155476506921
6564.0,22.3950806639,22.3950806639,-1.3501526310505692
6565.0,33.38532676555,33.38532676555,-1.5192620079936718
65651.0,8.186105734,8.186105734,-0.901256558464935
656511.0,6.52745019395,6.52745019395,-0.76239557508818
656582.0,24.6110684079,24.6110684079,-1.391024960306065
656583.0,31.8169373137,31.8169373137,-1.491528341884142
65659.0,15.82603779195,15.82603779195,-1.188651301854188
656597.0,16.6031290399,16.6031290399,-1.2201899432630743
656604.0,14.324781392,14.324781392,-0.9566236500179941
656612.0,6.7909794519,6.7909794519,-0.831932416383408
656630.0,14.6947049719,14.6947049719,-1.1671608710917165
656634.0,8.1544482839,8.1544482839,-0.9113945827443714
656641.0,9.953764016,9.953764016,-0.9979873402693782
656655.0,16.68001686805,16.68001686805,-1.2220942588083004
656665.0,25.31742059595,25.31742059595,-1.3865527244778746
656667.0,13.113647462,13.113647462,-1.101312260789725
656678.0,17.0467369759,17.0467369759,-1.2316412602210898
6567.0,13.9702792159,13.9702792159,-1.14520508619384
656743.0,6.453136156,6.453136156,-0.809770828469229
6568.0,36.9790186382,36.9790186382,-1.5586286561371092
65681.0,11.8726824239,11.8726824239,-1.074548851244958
656829.0,24.22522341675,24.22522341675,-1.3535796716964847
656832.0,19.24805282395,19.24805282395,-1.2820165881976613
656833.0,3.4816518399,3.4816518399,-0.5417853401385534
6569.0,13.924403628,13.924403628,-1.1437766037297812
6570.0,6.81228637,6.81228637,-0.8332486388470703
65708.0,6.56860292,6.56860292,-0.8174730090339686
65709.0,5.3289242439,5.3289242439,-0.7266395463452361
6571.0,17.12178053395,17.12178053395,-1.1878255693093602
65710.0,60.7933659667,60.7933659667,-1.7780281966466491
657180.0,6.932215901999999,6.932215901999999,-0.770374824233722
657201.0,24.122098184,24.122098184,-1.3824150808355207
657220.0,10.83306937395,10.83306937395,-1.0047349183374203
657237.0,59.138541544,59.138541544,-1.7718706098890642
657298.0,11.1051685839,11.1051685839,-1.0451129237671328
657302.0,5.167502296,5.167502296,-0.7132806782630238
657381.0,18.4995483719,18.4995483719,-1.2671611261335083
6574.0,5.8992225279,5.8992225279,-0.7707947787452217
6575.0,9.089135424,9.089135424,-0.9585225742622715
65758.0,14.956726776,14.956726776,-1.174231208793076
65760.0,14.021422452,14.021422452,-1.146792074380836
65768.0,28.801175704,28.801175704,-1.4594102166251222
6577.0,14.551657947950002,14.551657947950002,-1.1339060334659659
65770.0,18.401859208,18.401859208,-1.2648617036065049
65781.0,6.4718173679,6.4718173679,-0.8110262531604007
65784.0,7.3296661479,7.3296661479,-0.8650841938189231
6579.0,16.72977424805,16.72977424805,-1.2119712769641873
65790.0,16.00604508,16.00604508,-1.2042840357222326
6581.0,11.428057996,11.428057996,-0.9503041341363108
6582.0,7.9068960079,7.9068960079,-0.8890130601149732
6584.0,6.27452797395,6.27452797395,-0.7960448352653258
65854.0,36.5457865515,36.5457865515,-1.562837313361877
6586.0,16.366599726,16.366599726,-1.2126463414229691
6587.0,12.17323701605,12.17323701605,-1.0514589913816739
65889.0,36.1342240439,36.1342240439,-1.5579187329969955
6589.0,27.140948532,27.140948532,-1.4336250214746051
65894.0,8.580693884,8.580693884,-0.931876232978047
6590.0,20.218656336000002,20.218656336000002,-1.3048011034232334
65906.0,19.651783796,19.651783796,-1.2934019774900245
65909.0,15.683363008,15.683363008,-1.1954391947778402
6591.0,11.6826448679,11.6826448679,-1.0675411750966926
6593.0,18.39906974795,18.39906974795,-1.2038187439301133
65940.0,12.81815102,12.81815102,-1.030626588745862
65947.0,6.233734644,6.233734644,-0.7947483113993846
65948.0,83.4418886121,83.4418886121,-1.9213841252906114
6595.0,15.758597704,15.758597704,-1.1975175687048896
65953.0,21.5986021919,21.5986021919,-1.334425645595936
65957.0,18.778643242,18.778643242,-1.259610024512333
65958.0,5.332221024,5.332221024,-0.7269081429012603
6597.0,23.403328426,23.403328426,-1.3690978027244771
6598.0,14.533534892,14.533534892,-1.162371257613812
65981.0,23.0530629619,23.0530629619,-1.3627286364101232
66.0,10.481238925949999,10.481238925949999,-1.0133843211768068
660.0,16.605151844,16.605151844,-1.2202428513110855
66007.0,19.41697819995,19.41697819995,-1.2876538054452493
66011.0,11.0425169279,11.0425169279,-1.0430680736934286
6602188.0,16.9666162199,16.9666162199,-1.2295952363331102
6603108.0,17.443279236899997,17.443279236899997,-1.241126005888503
6603149.0,14.6655111559,14.6655111559,-1.1662972046038556
6603759.0,13.801077964049998,13.801077964049998,-1.116244416944138
6603901.0,31.04858602,31.04858602,-1.4920418268090798
6603980.0,9.25102483,9.25102483,-0.9660738046561494
6604087.0,17.490053664,17.490053664,-1.242791142008312
66041.0,13.59805966,13.59805966,-1.1334769422618274
6604122.0,14.821504132,14.821504132,-1.1708922794247074
6604155.0,13.31377745605,13.31377745605,-1.0458032102659465
6604472.0,37.687696078,37.687696078,-1.576199588996582
6604492.0,17.61448566,17.61448566,-1.2420706722006032
6604495.0,12.06262522005,12.06262522005,-1.0671075669743033
6604497.0,9.2632756319,9.2632756319,-0.9667645868228614
6604557.0,4.5463980399,4.5463980399,-0.657667455798244
6604561.0,10.83454090995,10.83454090995,-1.0338360210385162
66061.0,20.558654996,20.558654996,-1.312994698507939
66063.0,23.189567472,23.189567472,-1.3652926483242538
66064.0,9.936739679999999,9.936739679999999,-0.9954925416492009
66067.0,8.2860061559,8.2860061559,-0.9183452516116121
66068.0,13.52998660395,13.52998660395,-1.12434791962701
66070.0,32.91868342185,32.91868342185,-1.5168535258061753
66094.0,13.794190088,13.794190088,-1.1396962063999623
6610.0,13.94589552,13.94589552,-1.1444464072293297
66117.0,14.23424466,14.23424466,-1.1533344262636185
6616.0,17.2554064,17.2554064,-1.236925192268421
66166.0,5.8423004439,5.8423004439,-0.7665838870731349
66172.0,30.628695199200003,30.628695199200003,-1.4342010436140673
6618.0,16.501903144,16.501903144,-1.2175340337456995
66187.0,8.580173308,8.580173308,-0.933496060103708
6619.0,22.609736524,22.609736524,-1.3538565662403346
6620.0,20.0597543801,20.0597543801,-1.3023256110363297
66204.0,11.6180542119,11.6180542119,-1.0651333986399598
66207.0,10.89265645205,10.89265645205,-0.966447496884685
6621.0,7.533279408,7.533279408,-0.8769840756367842
6623.0,24.162088501950002,24.162088501950002,-1.38313008955598
66245.0,10.64743721795,10.64743721795,-1.013899678633455
6625.0,7.85222001795,7.85222001795,-0.894780136498343
66251.0,21.2343372239,21.2343372239,-1.3270387101350327
6626.0,42.1515963975,42.1515963975,-1.6248140272050384
66264.0,7.2086258159,7.2086258159,-0.857852482825901
6627.0,5.755308112,5.755308112,-0.7600685786625144
6629.0,21.632397004,21.632397004,-1.3351046446324908
66308.0,12.647040004,12.647040004,-1.101988892282422
6634.0,17.57019534,17.57019534,-1.2447765898739238
6635.0,6.521103912,6.521103912,-0.8143211206258996
66357.0,6.78831281195,6.78831281195,-0.8267970619344434
66359.0,22.3026412491,22.3026412491,-1.3483562985631292
6636.0,10.9260113679,10.9260113679,-1.0050278079615205
6637.0,6.146958006,6.146958006,-0.7884639526267934
66377.0,12.4073280159,12.4073280159,-1.093678263940828
6640.0,11.353793828050001,11.353793828050001,-0.9855949895049194
6641.0,15.972149224,15.972149224,-1.2032684799110147
6643.0,10.12382682395,10.12382682395,-0.9981279360832955
66435.0,10.540803682,10.540803682,-0.9998821494326595
66449.0,13.239441372,13.239441372,-1.1210786072364456
66461.0,15.6814864,15.6814864,-1.194705557737536
6649.0,11.126475704,11.126475704,-1.0463576239317673
66491.0,37.1262018119,37.1262018119,-1.5696805210950602
66494.0,12.74998352795,12.74998352795,-1.0923681416017308
6650.0,19.3434851237,19.3434851237,-1.283894801881084
6654.0,9.7874427639,9.7874427639,-0.9904000602577883
66571.0,10.7321906679,10.7321906679,-1.0306883797361366
66573.0,23.46271585195,23.46271585195,-1.3548371608577718
6658.0,28.8424847898,28.8424847898,-1.3705694978305127
66597.0,12.925139167900001,12.925139167900001,-1.06570484775441
66598.0,13.2315103281,13.2315103281,-1.12160942013024
66609.0,26.58413636395,26.58413636395,-1.4061883129413197
66623.0,10.169496248,10.169496248,-1.0072994404220195
66636.0,17.75113846,17.75113846,-1.2492262115342465
66666.0,7.5894193560000005,7.5894193560000005,-0.8687767202498897
66678.0,23.58086008,23.58086008,-1.3725596413521979
6668.0,19.3859347594,19.3859347594,-1.2836507150515666
66688.0,11.219471836,11.219471836,-1.049972412703589
6669.0,9.4154649159,9.4154649159,-0.973841769432331
6670.0,31.783167302949998,31.783167302949998,-1.5013968045265327
6672.0,31.357967742,31.357967742,-1.4954614779383464
6674.0,21.0985661479,21.0985661479,-1.3242529417804347
66743.0,14.43857222,14.43857222,-1.1595242494917237
667476.0,4.77830617595,4.77830617595,-0.638051712338749
667483.0,8.255928248,8.255928248,-0.9167659098605251
667490.0,28.166496571750002,28.166496571750002,-1.4495793931141723
667493.0,21.97221302,21.97221302,-1.341873800842771
667497.0,9.229856248,9.229856248,-0.9651949370837096
66755.0,12.6502811519,12.6502811519,-1.1021001777934076
66760.0,11.928200061950001,11.928200061950001,-1.0577453572584163
66793.0,8.777216364,8.777216364,-0.9433568041254314
6680.0,6.228404996,6.228404996,-0.7943768443921345
6681.0,13.6832152439,13.6832152439,-1.1311713576834848
66826.0,7.6842376119,7.6842376119,-0.8837747759970644
66829.0,17.472514184,17.472514184,-1.2308628329221198
6683.0,27.4330812239,27.4330812239,-1.4382745893538893
66854.0,8.856287324,8.856287324,-0.9472266830116537
66858.0,27.2955116959,27.2955116959,-1.4360912402291859
6688.0,24.688929692000002,24.688929692000002,-1.3918890450142762
66885.0,24.5944055921,24.5944055921,-1.390836330811168
66909.0,23.4202546254,23.4202546254,-1.3695916124188825
66912.0,17.8902861,17.8902861,-1.2526172858249334
6693.0,10.544301268,10.544301268,-1.0230178059336232
67000.0,80.0270275775,80.0270275775,-1.903236686309637
67005.0,11.7975196801,11.7975196801,-1.0717907104864177
6702.0,17.758700422,17.758700422,-1.2458696920406718
67045.0,7.381227836,7.381227836,-0.8681286108807265
67054.0,12.2543311519,12.2543311519,-1.0882896122044887
67058.0,11.803456776,11.803456776,-1.0720092139917357
67060.0,10.0965953852,10.0965953852,-0.9550192883169826
67065.0,14.378870752,14.378870752,-1.1065550261456896
6708701.0,28.7089831679,28.7089831679,-1.4580178106647237
6708773.0,5.50226306405,5.50226306405,-0.7130317847926657
671.0,19.80719052,19.80719052,-1.2968228789615537
67123.0,13.4216462999,13.4216462999,-1.1278057896862264
6713324.0,22.7742691639,22.7742691639,-1.3574444491717945
6714002.0,3.0247755439,3.0247755439,-0.48069315298439985
67151.0,14.132069416,14.132069416,-1.150205762000263
671690.0,37.4974740001,37.4974740001,-1.5740020126672545
67172.0,13.1911376999,13.1911376999,-1.1202822538845583
67174.0,39.594729320149995,39.594729320149995,-1.5976302036628813
6719.0,6.8503180679,6.8503180679,-0.8357107367372295
6720.0,37.9194144145,37.9194144145,-1.5763878857713864
67215.0,9.77456830195,9.77456830195,-0.976420545925397
67236.0,18.96431541005,18.96431541005,-1.2774786622268037
6724.0,40.03806208455,40.03806208455,-1.5215350858735475
67271.0,23.19465004195,23.19465004195,-1.290248749551942
67274.0,40.1107398289,40.1107398289,-1.6032606724689478
67277.0,14.592294866,14.592294866,-1.1641210643908613
67285.0,12.203773835949999,12.203773835949999,-0.9298469423785938
67299.0,28.4069243495,28.4069243495,-1.4534242147032683
6730.0,33.094741312,33.094741312,-1.5197589907359004
6731.0,15.7417739839,15.7417739839,-1.1970536726231795
67313.0,6.2387369759,6.2387369759,-0.7519673276737713
6732.0,22.767603056,22.767603056,-1.357317311056636
6733.0,12.264273936,12.264273936,-1.0886418423978952
6734.0,28.81091616605,28.81091616605,-1.4595301222855253
67349.0,6.772713984,6.772713984,-0.8307627354626521
67350.0,22.690409002950002,22.690409002950002,-1.2767020621281504
6736.0,23.626216577949997,23.626216577949997,-1.3139248741785845
6737.0,15.4660576239,15.4660576239,-1.1893796239524126
6738.0,14.530501352,14.530501352,-1.0942378052840858
6739.0,7.326916488,7.326916488,-0.8649212414902179
674.0,8.7677187839,8.7677187839,-0.9428866117882134
6740.0,19.505103459700003,19.505103459700003,-1.2898112372552202
67406.0,5.792984952,5.792984952,-0.7623272753211576
6741.0,12.16880428595,12.16880428595,-1.0254421910002012
67437.0,10.263140904,10.263140904,-1.0112802914312384
6753.0,9.4904585239,9.4904585239,-0.9772871955241318
67533.0,12.741465284,12.741465284,-1.105219375264862
67535.0,15.08441832,15.08441832,-1.178528567723808
67542.0,23.58395771605,23.58395771605,-1.3644997967218067
6758.0,14.53622274205,14.53622274205,-1.1622304169788102
67589.0,7.5021450559,7.5021450559,-0.8751854570911505
676166.0,23.78691491295,23.78691491295,-1.3622780544939646
676454.0,10.57855450395,10.57855450395,-1.0010597348572254
676486.0,14.528820968,14.528820968,-1.1622303721873777
67678.0,18.6343251799,18.6343251799,-1.2703136699123834
67686.0,6.6973931780000004,6.6973931780000004,-0.8258425800934601
67688.0,15.589240396,15.589240396,-1.1928249541970082
6769.0,29.9401042959,29.9401042959,-1.4762533088679208
6773.0,18.45653762995,18.45653762995,-1.2532252396708061
6777.0,18.496647691950002,18.496647691950002,-1.2408966474896141
6778.0,17.4107941519,17.4107941519,-1.2408185808773566
6780.0,16.98163518195,16.98163518195,-1.0746127363320286
6781.0,13.3556456199,13.3556456199,-1.125664886919936
67818.0,22.3599678099,22.3599678099,-1.3067880456796086
6782.0,16.04670733595,16.04670733595,-1.204608604281458
67821.0,17.5498586161,17.5498586161,-1.244273622084183
6785.0,23.02667027195,23.02667027195,-1.342056816339333
6786.0,12.7988038919,12.7988038919,-1.1071693846931836
6787.0,9.999418792,9.999418792,-0.9999747577237185
6788.0,28.338445692,28.338445692,-1.4523760263666567
679.0,50.0536951989,50.0536951989,-1.69943614465756
67955.0,19.3014295639,19.3014295639,-1.2855894762990163
6796.0,18.99450416,18.99450416,-1.2786279610449087
67967.0,6.686702176,6.686702176,-0.8252119802658199
6799.0,19.383203350000002,19.383203350000002,-1.2871107747616846
68023.0,19.44662980595,19.44662980595,-1.286123951611277
6805.0,12.088463634,12.088463634,-1.051817233193392
6806.0,36.9050760112,36.9050760112,-1.5491244834555415
6808.0,8.445529548,8.445529548,-0.9266268857085793
68089.0,21.5438800879,21.5438800879,-1.3333239231500065
6809.0,8.91460326605,8.91460326605,-0.9501009715618827
68093.0,9.78647223195,9.78647223195,-0.9783264431709418
681.0,8.262214064,8.262214064,-0.9170964428324863
6810.0,19.72644994295,19.72644994295,-1.169649024276153
6811.0,15.393412276,15.393412276,-1.1873349010773857
68119.0,22.978421752,22.978421752,-1.3613201963306931
6818.0,15.4482088599,15.4482088599,-1.1888781324756936
68186.0,10.7773170561,10.7773170561,-1.0325106594822602
6819.0,8.242647852,8.242647852,-0.9160667460162026
68191.0,7.2242700079,7.2242700079,-0.8587939694136519
68226.0,22.202425632,22.202425632,-1.346400424047312
68236.0,20.6654430699,20.6654430699,-1.3151559707034455
6828.0,14.374546416,14.374546416,-1.1575941495608884
68289.0,33.29382789435,33.29382789435,-1.5126557069601503
6829.0,11.581546726,11.581546726,-1.0537533100105057
68297.0,18.5360371919,18.5360371919,-1.2680168921792399
68310.0,15.669260195949999,15.669260195949999,-1.1855383919736002
68313.0,20.7764553448,20.7764553448,-1.3175714548907382
68363.0,16.338051976,16.338051976,-1.213200273340335
6837.0,15.0861510945,15.0861510945,-1.1785784530537282
6838.0,36.52363609005,36.52363609005,-1.5568362891638543
68385.0,5.6123741239,5.6123741239,-0.7491466136267602
6839.0,20.155910672,20.155910672,-1.3044024249594086
6849.0,16.84983476,16.84983476,-1.226595646265395
6850780.0,122.0697609287,122.0697609287,-2.0847134200273585
6850814.0,23.186888684,23.186888684,-1.3652424770544194
6852391.0,20.27247615995,20.27247615995,-1.2058596375349444
6852400.0,20.601973144,20.601973144,-1.313908816704788
6852406.0,9.504407812,9.504407812,-0.9779250626015018
68526.0,15.967782392,15.967782392,-1.2032446054439487
68527.0,16.705381864,16.705381864,-1.2228564075127648
6853.0,9.8755990001,9.8755990001,-0.9945634470375883
68539.0,44.2903397599,44.2903397599,-1.6463090118558532
6854.0,14.788826393899999,14.788826393899999,-1.1656153266905538
68549.0,11.83770124595,11.83770124595,-1.0338474911350835
6855.0,27.354557556,27.354557556,-1.4370296947105743
68552.0,7.704569268,7.704569268,-0.8867483640460408
68570.0,34.588939848449996,34.588939848449996,-1.5366398245328985
68600.0,19.920786742300002,19.920786742300002,-1.2238499216014769
68601.0,12.695982116,12.695982116,-1.1036663019849782
6861.0,6.2290260399,6.2290260399,-0.7944201464081337
68610.0,13.20608118795,13.20608118795,-1.110020483379469
6862.0,18.18794896,18.18794896,-1.2597837267942615
68624.0,11.7550658239,11.7550658239,-1.0702250653517713
68626.0,10.88607898995,10.88607898995,-1.0108561281263382
68651.0,16.190283228,16.190283228,-1.2092544462383406
68654.0,15.47217575195,15.47217575195,-1.1658988537071133
68662.0,8.5545015639,8.5545015639,-0.9321947100367864
68664.0,10.846179716,10.846179716,-1.012925941684493
6867.0,150.9653086366,150.9653086366,-2.1788771592226217
6868.0,19.63663784395,19.63663784395,-1.2268462199789543
68706.0,11.7495288039,11.7495288039,-1.0700204502699333
68713.0,18.71220377395,18.71220377395,-1.2623932232376385
6872.0,43.7719123959,43.7719123959,-1.6411955213639273
6873.0,7.35627186,7.35627186,-0.8666577707449635
68736.0,17.42556021795,17.42556021795,-1.2235900387296734
68740.0,14.168928730000001,14.168928730000001,-1.125496017222529
68741.0,10.578012315999999,10.578012315999999,-0.9985075411952233
6877.0,17.50893067195,17.50893067195,-1.2363173118285011
68781.0,6.549151994000001,6.549151994000001,-0.815992400748218
68791.0,13.096573084,13.096573084,-1.117157670815411
6880.0,27.26970316595,27.26970316595,-1.4128134298416613
6881.0,20.3039458399,20.3039458399,-1.3075804462860934
688145.0,21.700779912,21.700779912,-1.3364753423919102
6883.0,16.31922822595,16.31922822595,-1.1567406141121042
68835.0,8.9175189399,8.9175189399,-0.9502440404085215
68841.0,37.1463251732,37.1463251732,-1.5672186794272716
68844.0,26.43179425595,26.43179425595,-1.4208804887664686
68848.0,22.984411324,22.984411324,-1.3614333850925342
688561.0,10.82687682,10.82687682,-1.0345031957337647
68872.0,8.32105369395,8.32105369395,-0.8820006901328752
68873.0,3.3962876799,3.3962876799,-0.5310044697054828
68888.0,19.203480314,19.203480314,-1.2728379457547507
68909.0,9.12000073195,9.12000073195,-0.8839310250234156
68928.0,20.790328328,20.790328328,-1.3178613479131298
6893.0,10.6903318919,10.6903318919,-1.028991188518719
68939.0,34.019163308,34.019163308,-1.5317236280541189
6894.0,7.295571352,7.295571352,-0.8630593092937933
68940.0,21.19397311735,21.19397311735,-1.306814438359635
68942.0,4.1409043039,4.1409043039,-0.617095194093686
68943.0,7.581427088,7.581427088,-0.8797509626384122
68947.0,12.8358148119,12.8358148119,-1.1084234427059443
6895.0,16.87499075205,16.87499075205,-1.2265092691854909
68952.0,22.0698321159,22.0698321159,-1.3437990295179965
6896.0,9.9665177959,9.9665177959,-0.9985434465577424
6899.0,35.8984937841,35.8984937841,-1.5547221115602916
6901.0,22.426903788,22.426903788,-1.3507653502026034
69026.0,17.5486494079,17.5486494079,-1.2442436975957358
6904.0,4.9272554479,4.9272554479,-0.6926050783572241
6905.0,14.498879332,14.498879332,-1.161334435425505
6909.0,9.6619043959,9.6619043959,-0.9850627358478207
69091.0,12.320473492,12.320473492,-1.090627398657251
69092.0,11.2901446879,11.2901446879,-1.0526995076250498
6912.0,20.4108119199,20.4108119199,-1.3098602808218498
6912870.0,62.942199759649995,62.942199759649995,-1.7282784110916296
6914.0,16.814818174,16.814818174,-1.2253313123824123
6914152.0,19.0312065119,19.0312065119,-1.2794663219102929
69144.0,10.22933355995,10.22933355995,-1.0049083549880737
6915.0,32.04512792175,32.04512792175,-1.4770826549500078
69150.0,37.4077728241,37.4077728241,-1.5729618520368314
6917.0,10.711645915950001,10.711645915950001,-1.0284834760813362
6917067.0,6.4413523119,6.4413523119,-0.8089770536862038
6917655.0,19.844104024,19.844104024,-1.2976314949681984
6917715.0,6.3648755919,6.3648755919,-0.8037899193361998
6917728.0,9.944966688000001,9.944966688000001,-0.995192029888207
6917754.0,14.334313149949999,14.334313149949999,-1.1367089717704477
6917787.0,8.05187661395,8.05187661395,-0.8767547895125625
6917941.0,28.32007098125,28.32007098125,-1.2256883378952201
6917974.0,22.5267159039,22.5267159039,-1.3526978819690836
6918003.0,17.7099924039,17.7099924039,-1.2482183749142406
6918029.0,6.658183248,6.658183248,-0.8233557437344442
6918132.0,10.27102267,10.27102267,-0.9786661165953032
6918155.0,15.5409958752,15.5409958752,-1.1889951494037552
6918178.0,21.407812467950002,21.407812467950002,-1.3305646140136478
6918197.0,13.2026498199,13.2026498199,-1.120661104438258
6918215.0,6.848442164,6.848442164,-0.8355917924380882
6918235.0,4.937953664,4.937953664,-0.6935470103501603
6918289.0,17.754054244,17.754054244,-1.2492975424471655
6918296.0,9.871060708,9.871060708,-0.9943638228702473
6918303.0,24.1447307519,24.1447307519,-1.3364012685962718
6918305.0,24.03397271,24.03397271,-1.3646203057714352
6918454.0,26.6136895119,26.6136895119,-1.425105085884964
6918580.0,7.0619654119,7.0619654119,-0.8489255861444168
6918686.0,17.1330385199,17.1330385199,-1.2338343913019447
69188.0,7.29021413995,7.29021413995,-0.8583128086765874
6919.0,31.840010604,31.840010604,-1.502973203703129
6921.0,12.2211563362,12.2211563362,-1.0693498897473843
69229.0,19.7745605145,19.7745605145,-1.2869345548953057
6923.0,17.590580876,17.590580876,-1.189363914361509
6926.0,10.48318872595,10.48318872595,-0.9372637146435185
6927.0,14.223476076,14.223476076,-1.1530057466145545
6928.0,12.33014990395,12.33014990395,-1.0866871518967138
6929.0,19.6604494119,19.6604494119,-1.293593441007689
69297.0,4.9340219359,4.9340219359,-0.6932010759642458
69301.0,18.8839924759,18.8839924759,-1.2760938187198314
6931.0,38.4366173879,38.4366173879,-1.584745160619573
69311.0,12.3442722161,12.3442722161,-1.0914654902299614
69317.0,4.5994942279,4.5994942279,-0.6627100781797162
6934.0,21.104979137999997,21.104979137999997,-1.153784502379474
6935.0,6.5553332919,6.5553332919,-0.8165947773614652
6936.0,19.650841564,19.650841564,-1.2933811541402047
6937.0,12.377660252,12.377660252,-1.0758115999631082
69413.0,43.1223684854,43.1223684854,-1.6256973603092484
6942.0,30.089062204,30.089062204,-1.4784086521476978
6943.0,5.812682188,5.812682188,-0.7643765782856351
6944.0,17.975277168,17.975277168,-1.254675595667155
6945.0,10.666552304,10.666552304,-1.0280240672869945
6946.0,12.479124166,12.479124166,-1.0874597004756832
6947.0,9.695003163900001,9.695003163900001,-0.9351871097764947
6948.0,27.15515760525,27.15515760525,-1.432518614328051
69484.0,20.8384907479,20.8384907479,-1.318866261479959
6950.0,22.4496431599,22.4496431599,-1.351209442224954
6950248.0,27.3345886559,27.3345886559,-1.4367125428035061
69508.0,16.550250307949998,16.550250307949998,-1.2120531419731702
6951.0,15.987081348,15.987081348,-1.2002406114474728
69537.0,10.075424008,10.075424008,-1.0032633317818735
6956.0,15.5436211119,15.5436211119,-1.1891644109160289
69594.0,11.93054363395,11.93054363395,-1.0664224714414003
6960.0,24.39783525295,24.39783525295,-1.318356789131188
6961.0,26.65874166265,26.65874166265,-1.4214907367466691
69619.0,24.19715808,24.19715808,-1.3837643617386786
6962.0,9.5598352759,9.5598352759,-0.9804504090769369
69627.0,11.4480844679,11.4480844679,-1.0545197635068728
6966.0,25.48877366345,25.48877366345,-1.2564522404124348
69685.0,8.4477656319,8.4477656319,-0.9267418566357042
6969.0,7.2569467919,7.2569467919,-0.8607539388361326
6970.0,7.7892369599,7.7892369599,-0.8914949159093165
69705.0,16.953081011949998,16.953081011949998,-1.2288291355801073
6974.0,115.2604254531,115.2604254531,-2.061680218330472
6975516.0,9.35350104,9.35350104,-0.9709741988679341
69765.0,22.495081652,22.495081652,-1.3520875738940585
69779.0,30.2430280959,30.2430280959,-1.4805965814018927
6978.0,31.802441968,31.802441968,-1.502460468805487
69785.0,37.0780840965,37.0780840965,-1.553573066825221
6979.0,11.3100530019,11.3100530019,-0.9012668432463128
697993.0,26.524060208,26.524060208,-1.4236400050630933
69819.0,31.888682868,31.888682868,-1.5036365814890296
6982.0,14.986360929900002,14.986360929900002,-1.1367908264171211
69827.0,20.569774864,20.569774864,-1.2798302646746125
6983.0,9.97799612395,9.97799612395,-0.983716440515985
6984.0,41.192167907,41.192167907,-1.6148146490885256
69861.0,12.018465136,12.018465136,-1.0798490079722014
69885.0,8.1474316919,8.1474316919,-0.9110207280257663
6989.0,13.90635802,13.90635802,-1.1432134061303458
69908.0,20.237917056,20.237917056,-1.3061658116442294
6991.0,15.377797268,15.377797268,-1.1868941311179415
69917.0,35.4583809466,35.4583809466,-1.5497189015409751
6992284.0,7.6696032,7.6696032,-0.8847728955646021
6993773.0,14.05380724395,14.05380724395,-1.1396715309635885
699414.0,8.11113429195,8.11113429195,-0.8701878090791115
6996.0,18.64931286395,18.64931286395,-1.2706603542611161
6997.0,21.597711172049998,21.597711172049998,-1.3234492830861102
6998.0,12.747372576,12.747372576,-1.1054206794105133
69985.0,18.65506826305,18.65506826305,-1.2565228749685695
6999.0,24.450999586949997,24.450999586949997,-1.3605776002086052
69990.0,8.8259778999,8.8259778999,-0.9457628356464677
6999030.0,18.841463258,18.841463258,-1.266678434587352
6999977.0,14.0478430669,14.0478430669,-1.13514113207296
700.0,12.176714468,12.176714468,-1.085530122377106
7000.0,12.105180552050001,12.105180552050001,-1.0828229191702765
70014.0,12.722297704,12.722297704,-1.1045655539265464
7002.0,18.7479895434,18.7479895434,-1.2729547026226047
7003.0,25.09264556595,25.09264556595,-1.3983441821486275
70038.0,34.40208569215,34.40208569215,-1.535255391613629
7005.0,14.357939,14.357939,-1.157092103891936
7006.0,19.073217248,19.073217248,-1.280423955510865
7007.0,15.3628363399,15.3628363399,-1.1864714040451132
700999.0,28.3307330259,28.3307330259,-1.4511362407477844
701.0,8.900186544,8.900186544,-0.9493991093618573
7010.0,15.326784392,15.326784392,-1.185451048050894
7013.0,24.4406335559,24.4406335559,-1.3881124596010022
7015.0,11.01443005795,11.01443005795,-1.0247756637197756
70151.0,14.763295450000001,14.763295450000001,-1.1467888405524582
7016.0,64.41680467815,64.41680467815,-1.8070068169751279
7017.0,13.9125709479,13.9125709479,-1.143399127570897
7018.0,14.8054343799,14.8054343799,-1.1704211537736928
702.0,9.4998625279,9.4998625279,-0.977717320677645
7020.0,13.8147756739,13.8147756739,-1.1403302177262207
70213.0,6.4661714199,6.4661714199,-0.8106472136887524
70223.0,13.9468962779,13.9468962779,-1.0983951512204921
70248.0,17.194346388,17.194346388,-1.2353856715520393
7026.0,26.358853027949998,26.358853027949998,-1.4195168883418154
70262.0,12.74981226,12.74981226,-1.10550378986438
7027.0,7.1498885639,7.1498885639,-0.8542992730653525
7031.0,8.5,8.5,-0.9294189257142927
70315.0,11.0397847879,11.0397847879,-1.0429606072393323
70324.0,23.380933947899997,23.380933947899997,-1.3683189583239759
7034.0,5.3561512599,5.3561512599,-0.7135998643576285
70355.0,13.819959288,13.819959288,-1.1134864941502989
70374.0,16.70116204395,16.70116204395,-1.219016581108061
70381.0,9.8841884949,9.8841884949,-0.9949410189552907
7040.0,12.78460879395,12.78460879395,-1.1062688094885624
70400.0,24.067713509999997,24.067713509999997,-1.3790330410833822
70414.0,195.52723915455002,195.52723915455002,-2.21849945121624
7042.0,3.6770472239,3.6770472239,-0.5654992074993996
70425.0,21.79331295595,21.79331295595,-1.3250671094228523
7043.0,13.759103024,13.759103024,-1.1385901225314223
70438.0,10.0913868479,10.0913868479,-1.0039508549387521
7044.0,19.441638384,19.441638384,-1.283291643052932
7045.0,15.036448083900002,15.036448083900002,-1.1752136316546833
70452.0,14.97464474,14.97464474,-1.1753565279369556
7046.0,16.67602878395,16.67602878395,-1.2218245158314165
7047.0,24.068177106,24.068177106,-1.3763745762361212
7048.0,12.7013766761,12.7013766761,-1.1038507957930264
7050.0,212.9441745464,212.9441745464,-2.327834979711119
7054.0,10.12975184,10.12975184,-1.005598806086958
7055.0,14.86725049795,14.86725049795,-1.1710392153506164
7056.0,11.5689615759,11.5689615759,-1.0632943786496016
7057.0,21.0481365479,21.0481365479,-1.3232136525333253
7057995.0,38.9832903406,38.9832903406,-1.5542113965633921
7059.0,20.17228735995,20.17228735995,-1.2849586940700335
7060.0,14.516509049949999,14.516509049949999,-1.1559540133182624
7061.0,8.9728002959,8.9728002959,-0.9529280019364483
70613.0,37.5470262959,37.5470262959,-1.5745691997330167
7062.0,24.125959236,24.125959236,-1.3824845896891902
7064.0,19.368126176,19.368126176,-1.2870876057068104
7067.0,16.741398924,16.741398924,-1.2237917451500508
7069.0,7.794372118,7.794372118,-0.8889111075093398
7070.0,29.843302780000002,29.843302780000002,-1.4738360824573995
70700.0,16.39713402005,16.39713402005,-1.0669612541413525
707035.0,15.8660600099,15.8660600099,-1.1865885401906358
7071.0,9.08379188,9.08379188,-0.9582671754813191
70724.0,15.158132046999999,15.158132046999999,-1.1805352043515613
70754.0,10.981884816,10.981884816,-1.0406768842797558
70755.0,51.5935485664,51.5935485664,-1.7125953993562764
7076.0,19.640259468,19.640259468,-1.2931472209649981
70763.0,6.8602053,6.8602053,-0.8131962137083174
7078.0,8.65790959405,8.65790959405,-0.9329503278145379
70801.0,11.4965479239,11.4965479239,-1.0605674540349728
70807.0,10.17218522395,10.17218522395,-0.9935845927242826
70811.0,9.0641559039,9.0641559039,-0.9451663623041374
70837.0,25.113559188,25.113559188,-1.3999082669211877
70846.0,24.02186948395,24.02186948395,-1.365426189661465
7090.0,22.166664040900002,22.166664040900002,-1.3455992750820112
70912.0,9.13348872795,9.13348872795,-0.9430283594757098
70916.0,11.732772124,11.732772124,-1.0694006358085517
70917.0,21.404565204,21.404565204,-1.3305064103333084
7092.0,11.870908702000001,11.870908702000001,-1.0735395097010216
7094.0,32.717661474,32.717661474,-1.5147822544970688
7095.0,15.645185739950001,15.645185739950001,-1.194331274007514
70962.0,13.4947253361,13.4947253361,-1.1301640496016818
7097.0,65.012088636,65.012088636,-1.812994118793187
7098.0,6.34851926195,6.34851926195,-0.7950355218164182
7101.0,20.657405294,20.657405294,-1.3143046460007959
7102.0,7.207665219899999,7.207665219899999,-0.8029143886654012
71027.0,16.161008287999998,16.161008287999998,-1.1981673603376153
7103.0,23.819266164,23.819266164,-1.376928377388794
7104.0,22.414059521,22.414059521,-1.3505205208770745
71077.0,25.28312337995,25.28312337995,-1.390546137391975
7108.0,13.2522952879,13.2522952879,-1.1222911042757833
71080.0,24.767142503000002,24.767142503000002,-1.389105556943791
7111.0,20.997049809,20.997049809,-1.3221582784635004
71113.0,10.86613488195,10.86613488195,-1.0320098751629623
71116.0,2.6585304679,2.6585304679,-0.4246416418798466
7112.0,48.3635347316,48.3635347316,-1.6842270656775273
7115.0,13.8356807559,13.8356807559,-1.1410005325595431
71157.0,11.52717937195,11.52717937195,-1.0171197808385073
71172.0,8.4113693359,8.4113693359,-0.9248667028865778
71188.0,5.9495483599500005,5.9495483599500005,-0.7727629950576287
7119.0,14.711440754,14.711440754,-1.1566002784844653
712.0,12.5808038879,12.5808038879,-1.0969503201945603
7120.0,25.3230524801,25.3230524801,-1.4035160550325552
71208.0,20.89766394,20.89766394,-1.320097740911499
7122.0,11.909159536,11.909159536,-1.075747333775717
71234.0,14.3179653401,14.3179653401,-1.155881306774263
71245.0,15.18686385795,15.18686385795,-1.1546603790374845
71264.0,4.507633076,4.507633076,-0.6539485569849787
71267.0,25.3600751384,25.3600751384,-1.4041505359661681
7127.0,14.99531526995,14.99531526995,-1.1510510259788376
71277.0,12.426901684,12.426901684,-1.092021338645134
71285.0,13.279174,13.279174,-1.1231710615983603
713.0,12.8883690699,12.8883690699,-1.1101979639976012
71321.0,9.4606548,9.4606548,-0.9708158349087033
71329.0,11.146328252,11.146328252,-1.0471318285939597
71335.0,17.269898864,17.269898864,-1.2372897942591015
71339.0,12.27643182395,12.27643182395,-0.9597579269508153
71346.0,6.2232625719,6.2232625719,-0.7940181251242082
71360.0,30.4661494675,30.4661494675,-1.4838175684107549
71384.0,8.17909924,8.17909924,-0.9127054776764836
71386.0,22.654867723949998,22.654867723949998,-1.3448292771115256
71399.0,30.69184836795,30.69184836795,-1.4787936198559415
71401.0,28.107888564,28.107888564,-1.4488282230729577
71404.0,14.2005286641,14.2005286641,-1.1523045128075355
71412.0,22.4028974401,22.4028974401,-1.3503041906944666
71413.0,17.51045982195,17.51045982195,-1.2421041648633246
71414.0,5.073011872,5.073011872,-0.7052658786663213
71417.0,41.5764470134,41.5764470134,-1.6188473732012116
7142.0,13.18456659285,13.18456659285,-1.116947836599922
7144.0,21.8994017919,21.8994017919,-1.3404322517339458
71467.0,24.475639588,24.475639588,-1.3857418586599253
7147.0,14.013001707899999,14.013001707899999,-1.05359932554978
71470.0,16.91473115995,16.91473115995,-1.2282592978286484
71478.0,15.0376391479,15.0376391479,-1.1771796590269066
7148.0,17.5199070959,17.5199070959,-1.2435317988728751
71482.0,38.0877773599,38.0877773599,-1.580785629828314
71484.0,11.2437809439,11.2437809439,-1.050912375908884
71485.0,5.3068018719,5.3068018719,-0.7248328736578816
71486.0,29.2754628,29.2754628,-1.4665037693258707
71489.0,10.950361884,10.950361884,-1.0394284718361648
7149.0,13.116187894,13.116187894,-1.117230170016155
7150.0,17.5852800599,17.5852800599,-1.2451492892011928
7151.0,14.392105116,14.392105116,-1.1580936282545955
7153.0,11.82928807,11.82928807,-1.0499947201793782
7154.0,6.7549379720000005,6.7549379720000005,-0.826816400079855
7155.0,6.2893961279,6.2893961279,-0.7986089489570846
71577.0,8.489646864,8.489646864,-0.928889625673186
7158.0,16.519219054,16.519219054,-1.2165198078068218
71587.0,7.30106582995,7.30106582995,-0.8598110307621052
71593.0,4.4825077719,4.4825077719,-0.6515210512270498
71611.0,16.3672481001,16.3672481001,-1.213975665642398
71612.0,12.1461326719,12.1461326719,-1.0844380206000954
71616.0,18.37499036,18.37499036,-1.264227119914061
71645.0,26.661403421099998,26.661403421099998,-1.4019422077877925
71648.0,25.04418594,25.04418594,-1.3987069195347444
7165.0,29.866011674,29.866011674,-1.4648810579561586
71651.0,6.0772335319,6.0772335319,-0.7837059254483222
7166.0,5.8948744479,5.8948744479,-0.7704745596999995
71668.0,12.79296834,12.79296834,-1.1069713250973112
7167.0,30.07548128375,30.07548128375,-1.2590806763671352
71671.0,34.3611386962,34.3611386962,-1.536067547513163
7169.0,16.2869729919,16.2869729919,-1.2118403762010608
71693.0,10.690444266050001,10.690444266050001,-1.0267252756911174
7170.0,10.0016066439,10.0016066439,-1.0000697700533838
7172.0,26.7246181,26.7246181,-1.426911507772389
7173.0,12.0628652039,12.0628652039,-1.0814504748399412
71734.0,34.3778229932,34.3778229932,-1.4432835639771553
7174.0,18.3291873999,18.3291873999,-1.262741805540546
7175.0,20.4559807039,20.4559807039,-1.3108203053490521
7176.0,12.83158528995,12.83158528995,-1.0694487972111202
71764.0,15.33246831995,15.33246831995,-1.1416366075593778
71771.0,11.83935673795,11.83935673795,-0.9139178379571884
71773.0,16.7167081519,16.7167081519,-1.1752308702469763
71777.0,11.332551792,11.332551792,-1.0543277125468213
7180.0,18.44868674995,18.44868674995,-1.2622387249380584
71808.0,6.1776890999,6.1776890999,-0.790826048090492
71809.0,10.61188354,10.61188354,-1.0257924751763965
7181.0,11.915857136,11.915857136,-1.07612528764314
71815.0,16.0308717679,16.0308717679,-1.2049571401765986
71818.0,7.152272709950001,7.152272709950001,-0.8419520935211471
71821.0,11.674261468000001,11.674261468000001,-1.0602208931149775
71822.0,19.551640644,19.551640644,-1.2911832063733202
71827.0,25.8043678641,25.8043678641,-1.4116932245183207
7183.0,8.5,8.5,-0.9294189257142927
71833.0,62.3430666949,62.3430666949,-1.79478816168665
71837.0,13.1551626919,13.1551626919,-1.1190962234409167
71839.0,26.5529214559,26.5529214559,-1.4241123108177254
7184.0,18.425739064,18.425739064,-1.2654249166114004
7185.0,21.322261468,21.322261468,-1.3288332646597807
7187.0,20.279361332,20.279361332,-1.3070542734248192
71873.0,11.204867086,11.204867086,-0.9715388098158608
7188.0,37.1368418799,37.1368418799,-1.569804968535439
71884.0,12.0157174159,12.0157174159,-1.0797497060983086
71890.0,9.401827801949999,9.401827801949999,-0.9400505098289968
71894.0,20.6188821,20.6188821,-1.314265115314022
71895.0,11.216018116,11.216018116,-1.0498387020912425
71900.0,6.5408425919,6.5408425919,-0.8156336977802142
71905.0,12.02233897995,12.02233897995,-1.0786191298002858
7191.0,21.751919596,21.751919596,-1.3374975892522067
71916.0,11.676382076,11.676382076,-1.0673082975855546
7192.0,27.19823607995,27.19823607995,-1.4343092846827714
7193.0,20.824377516,20.824377516,-1.3185720283065916
7195.0,13.404163489950001,13.404163489950001,-1.1150058464269739
71957.0,16.9759923399,16.9759923399,-1.2298351705900228
71961.0,10.338243546,10.338243546,-0.9971804404138246
7198.0,18.24898842,18.24898842,-1.260088350675196
71986.0,13.875029108,13.875029108,-1.1422339028888053
71992.0,8.6815737919,8.6815737919,-0.938598461027043
72.0,2.891246524,2.891246524,-0.4610851236486191
72004.0,13.53874646595,13.53874646595,-1.130912759530153
7203.0,11.04436654595,11.04436654595,-1.0417813089497363
7204.0,24.414835824,24.414835824,-1.3876538082445293
720471.0,13.37725765395,13.37725765395,-1.0741760652721697
7206.0,34.3045788801,34.3045788801,-1.53535209233547
72060.0,7.87925715595,7.87925715595,-0.8964726541772567
72068.0,31.8718382976,31.8718382976,-1.458587290209472
7207.0,23.8068043803,23.8068043803,-1.376701103378688
72092.0,8.015231472,8.015231472,-0.9039160688686715
7211.0,12.744599111900001,12.744599111900001,-1.0978876272889422
7212.0,12.9676684519,12.9676684519,-1.1128618982507754
72120.0,14.34727165395,14.34727165395,-1.1385795364852758
72124.0,13.08972448295,13.08972448295,-1.1137465758326055
72139.0,11.538922608,11.538922608,-1.062165260531672
7214.0,11.807004824,11.807004824,-1.0721397406799158
72158.0,19.09342606,19.09342606,-1.2685446832654395
72159.0,15.965715735949999,15.965715735949999,-1.1615921932933415
7216.0,5.342399479899999,5.342399479899999,-0.722788636077772
72179.0,10.71703830795,10.71703830795,-1.029995519245281
7219.0,10.4993620559,10.4993620559,-1.0210157647896048
7220.0,14.091707896199999,14.091707896199999,-1.143731149954704
7222.0,29.4420632919,29.4420632919,-1.4689682419727845
72276.0,18.2574437519,18.2574437519,-1.2614399713276145
7230.0,29.4819519079,29.4819519079,-1.4695562334192953
7231.0,14.373596104,14.373596104,-1.1575654370792003
7232.0,24.5175758699,24.5175758699,-1.3841255736038467
7237.0,19.352065433950003,19.352065433950003,-1.2862978618049608
7238.0,20.36024360995,20.36024360995,-1.259707828233814
7239.0,10.474017092,10.474017092,-1.0176225045877647
7240.0,11.348739032,11.348739032,-1.054947609382267
7242.0,16.564070598,16.564070598,-1.2185127550980421
7243.0,18.38034139745,18.38034139745,-1.264137910672288
7245.0,16.293065944,16.293065944,-1.201217023366938
7247.0,14.17120177395,14.17120177395,-1.147342806759812
7248.0,8.8152181839,8.8152181839,-0.9452330659139745
7249.0,15.64462140145,15.64462140145,-1.1922247714994276
7250.0,14.0613726639,14.0613726639,-1.1480277183551333
7251.0,15.6229828599,15.6229828599,-1.1937639562966817
7253.0,29.8379212436,29.8379212436,-1.4738565236788674
7254.0,10.4231611879,10.4231611879,-1.0179994539205384
7255.0,14.09206292,14.09206292,-1.148974573605699
7257.0,18.45836741005,18.45836741005,-1.2618136649120917
7258.0,30.50861151625,30.50861151625,-1.4839395064350054
7259.0,15.480632554,15.480632554,-1.154466731903311
7260.0,8.7485941079,8.7485941079,-0.9419382678522898
7261.0,26.7754465399,26.7754465399,-1.427736722387083
7262.0,10.9980143359,10.9980143359,-1.041314281448625
7263.0,35.50296606845,35.50296606845,-1.5502642415186303
7264.0,65.3568515145,65.3568515145,-1.8152911224286714
7265.0,30.559520744,30.559520744,-1.4851465390440877
7267.0,11.9389501639,11.9389501639,-1.0769661393502428
7268.0,11.735906036,11.735906036,-1.0695166236530464
7269.0,26.04625204595,26.04625204595,-1.4154427997205357
727.0,14.63814672,14.63814672,-1.1654860958326199
7270.0,8.7927617801,8.7927617801,-0.9441253070953763
7271.0,23.514819136,23.514819136,-1.3713416427232104
7272.0,6.7340931478999995,6.7340931478999995,-0.8014249819991497
727200.0,35.860213401150006,35.860213401150006,-1.553230783287253
7274.0,15.3278885699,15.3278885699,-1.1336943902075634
7275.0,10.5680858439,10.5680858439,-1.0239963323676988
7276.0,13.5210957321,13.5210957321,-1.1310118876945368
7281.0,9.40157171395,9.40157171395,-0.9573203906113106
7284.0,4.8613871999,4.8613871999,-0.6867602131508698
7285.0,14.6192766519,14.6192766519,-1.1649258846697197
7288.0,11.294360432,11.294360432,-1.0519821030910559
7289.0,11.038776516,11.038776516,-1.020344987261486
7290.0,13.876162207899998,13.876162207899998,-1.1252211242115528
7291.0,11.31922802795,11.31922802795,-1.0179814231190694
7292.0,16.294083818,16.294083818,-1.2100809335339697
7293.0,11.2982278439,11.2982278439,-1.053010328618644
7294.0,9.97795727595,9.97795727595,-0.9839010934226218
7296.0,20.125882598,20.125882598,-1.288498260727362
7298.0,6.5811455999,6.5811455999,-0.8183014991473065
7302.0,10.831799048,10.831799048,-1.034700594365971
7303.0,7.75491308595,7.75491308595,-0.8895523378998607
7309.0,8.91420761595,8.91420761595,-0.9254408223963406
73093.0,14.388163676,14.388163676,-1.1580053695954104
7311.0,44.5711313711,44.5711313711,-1.6490536581379958
73111.0,11.217811276,11.217811276,-1.0499081293371417
7313.0,13.1922895041,13.1922895041,-1.0358416739556566
7314.0,8.2468849319,8.2468849319,-0.9162899349305967
7315.0,31.945906692450002,31.945906692450002,-1.4438381420075366
7319.0,12.334099688,12.334099688,-1.0911074542064976
7321.0,25.52616174795,25.52616174795,-1.356952127212237
7327.0,26.0800559489,26.0800559489,-1.4163085187421094
7328.0,9.759022548,9.759022548,-0.9894063214302142
73281.0,11.2330404719,11.2330404719,-1.0504973236208959
73282.0,3.6794987759,3.6794987759,-0.5657886627804897
7329.0,29.9946328642,29.9946328642,-1.4753357608521034
73303.0,11.6226590959,11.6226590959,-1.0653054997033555
7331.0,26.999557904,26.999557904,-1.4099467795969451
7333.0,37.753233168250006,37.753233168250006,-1.5731413044962061
73334.0,20.9732771,20.9732771,-1.311661606600361
73339.0,7.549613572,7.549613572,-0.8779247227758088
7335.0,22.07691729995,22.07691729995,-1.34229952489967
73356.0,22.416740636,22.416740636,-1.3505724670144246
73357.0,40.7202003792,40.7202003792,-1.6098099064447813
7337.0,15.501018865899999,15.501018865899999,-1.1641585223978128
7338.0,24.7019799878,24.7019799878,-1.392721670716142
7340.0,26.9751223759,26.9751223759,-1.4309634235887772
7341.0,26.4269660441,26.4269660441,-1.4220473066830426
7343.0,22.13815706405,22.13815706405,-1.3383864762542155
7344.0,26.576474236,26.576474236,-1.424497364815339
7346.0,10.384212184,10.384212184,-1.0163735536279883
7348.0,17.966458904,17.966458904,-1.254462488350116
7351.0,20.31349887,20.31349887,-1.2264182812673163
7352.0,11.3394512439,11.3394512439,-1.0545920380213796
73539.0,23.083791032,23.083791032,-1.3633071341663396
7354.0,32.632134994750004,32.632134994750004,-1.4961661289031083
7355.0,6.7026703319,6.7026703319,-0.8262478593224767
7358.0,12.0458865799,12.0458865799,-1.0808387696800321
7360.0,16.13064827195,16.13064827195,-1.202575069149237
7361.0,28.6384100719,28.6384100719,-1.4569489034344432
7362.0,13.19917890195,13.19917890195,-1.1203876752953446
736366.0,6.3502141679,6.3502141679,-0.8027883725941314
7366.0,12.9717947839,12.9717947839,-1.0983626652516694
73665.0,24.95908351005,24.95908351005,-1.395503116523026
7367.0,13.8234793119,13.8234793119,-1.1406173669007744
73670.0,15.108082037700001,15.108082037700001,-1.1792059449351395
736715.0,14.125112544,14.125112544,-1.1499919168131365
73672.0,17.214419936,17.214419936,-1.2358923931261598
73674.0,12.386006984,12.386006984,-1.0929313205558233
73675.0,9.624804472,9.624804472,-0.98339191557337
7368.0,20.8233044694,20.8233044694,-1.318549649235532
7369.0,115.5801345335,115.5801345335,-2.06288319564276
7371.0,22.1418375259,22.1418375259,-1.3442611517365415
7374.0,9.1221668579,9.1221668579,-0.9598257571869889
7375.0,17.6471968015,17.6471968015,-1.2446254225129039
73764.0,10.98448352795,10.98448352795,-1.0345468900632937
73773.0,121.83292924930001,121.83292924930001,-2.0829740449143683
73791.0,15.2066599439,15.2066599439,-1.1820338342222094
7381.0,20.411273886,20.411273886,-1.3095593420371852
73812.0,8.0274700159,8.0274700159,-0.9045786920705557
73848.0,19.90901572,19.90901572,-1.2990497895131337
7385.0,10.001450336,10.001450336,-1.0000629827249752
73851.0,17.5025734001,17.5025734001,-1.243101907617602
73852.0,30.30971389675,30.30971389675,-1.4788414916834092
73854.0,5.7746490239,5.7746490239,-0.7615255934792332
7386.0,17.6345642501,17.6345642501,-1.2239565050843075
73864.0,11.862570436,11.862570436,-1.0738945864218037
7389.0,7.907954921949999,7.907954921949999,-0.8980252983924379
7390.0,19.75306387,19.75306387,-1.2904768978306835
7391.0,14.059400977900001,14.059400977900001,-1.1368431710662048
73917.0,10.21330418,10.21330418,-1.0091662665721832
7392.0,15.26502512795,15.26502512795,-1.1664517022167247
7393.0,14.9591952721,14.9591952721,-1.1749082313435102
7394.0,17.67225545795,17.67225545795,-1.238139544723937
7395.0,5.56123694,5.56123694,-0.7451713988608266
73957.0,12.55594528,12.55594528,-1.0988494143356
7400.0,7.90350422795,7.90350422795,-0.892950611217231
7402.0,9.0073295099,9.0073295099,-0.9487604617634642
7403.0,12.264467808,12.264467808,-1.0886487076126443
74062.0,26.543488536,26.543488536,-1.423958000381124
7407.0,10.1907274439,10.1907274439,-1.0082051863219883
74080.0,13.724536688,13.724536688,-1.1374976924852447
7409.0,11.4636528481,11.4636528481,-1.0593230259205737
7410.0,13.140672611949999,13.140672611949999,-1.117972009814432
7411.0,12.532932747899999,12.532932747899999,-1.0961930596990155
7412.0,10.60597462745,10.60597462745,-0.9982635678560848
7415.0,10.33928524,10.33928524,-1.0144905167991949
7416.0,12.985173093899999,12.985173093899999,-1.1111129387577816
7418.0,23.92959869,23.92959869,-1.3779119471411243
74195.0,14.48312707195,14.48312707195,-1.1132255893536
7420.0,13.80556327795,13.80556327795,-1.1395185320178094
7421.0,29.07983538345,29.07983538345,-1.4633549070118665
7422.0,13.042448808,13.042448808,-1.1153591407789822
7423.0,7.2993427199,7.2993427199,-0.8632837551927665
74236.0,14.591776742,14.591776742,-1.084069654806017
7426.0,42.3872228924,42.3872228924,-1.6272349635836665
74266.0,13.19177871195,13.19177871195,-1.1202898262633103
743.0,8.8699245641,8.8699245641,-0.9479199263103713
7430.0,29.501543888,29.501543888,-1.4698447442661042
74325.0,18.79354842545,18.79354842545,-1.2739962587479596
7436.0,8.0635858519,8.0635858519,-0.9065282141841224
7438.0,15.2126779119,15.2126779119,-1.1822056703312764
7439.0,17.87789928695,17.87789928695,-1.1844011520384683
7440.0,22.8597935159,22.8597935159,-1.359072303254791
7441.0,13.963361935950001,13.963361935950001,-1.1361226160764546
7443.0,14.774355848,14.774355848,-1.1695085550180977
7444.0,17.96157754995,17.96157754995,-1.2536829841244155
74448.0,7.1405828699,7.1405828699,-0.8537111544897158
7447.0,6.6092345239,6.6092345239,-0.820151162768984
74483.0,11.7295511361,11.7295511361,-1.0683600596432676
7449.0,25.6306551879,25.6306551879,-1.408759708051302
7450.0,8.498287376,8.498287376,-0.9293314129974126
7451.0,17.93797136795,17.93797136795,-1.2511111714763676
7452.0,18.2202150559,18.2202150559,-1.260553497952238
7453.0,13.701122588,13.701122588,-1.1367561521053489
7455.0,15.00656230405,15.00656230405,-1.176243674392507
7456.0,22.4496986561,22.4496986561,-1.3512105158127818
74563.0,16.7301143359,16.7301143359,-1.2234989090006956
7460.0,19.9602733039,19.9602733039,-1.300166483522647
7461.0,12.52977910195,12.52977910195,-1.097813583040937
7462.0,11.282165374000002,11.282165374000002,-0.9538290540957031
7463.0,6.962063404,6.962063404,-0.842737974116604
7465.0,17.45042031195,17.45042031195,-1.219086972532638
74651.0,12.7927790959,12.7927790959,-1.101207939722371
7469.0,28.275338034100002,28.275338034100002,-1.4513534161029025
74695.0,22.508441781949998,22.508441781949998,-1.3392955088668814
7470.0,11.0308617459,11.0308617459,-1.0234706682262036
7471.0,18.893104064699997,18.893104064699997,-1.2759727452476048
74710.0,20.398541644,20.398541644,-1.3095991194551528
7472.0,18.363414528,18.363414528,-1.2639534379105697
74724.0,5.184437764,5.184437764,-0.7147016654055017
7473.0,16.446639564,16.446639564,-1.2146474783272665
7474.0,13.3945674259,13.3945674259,-1.126442924794885
74745.0,5.937048035949999,5.937048035949999,-0.773533674809858
7475.0,12.8676098999,12.8676098999,-1.1094978861676945
7476.0,18.350086746,18.350086746,-1.2632481407069065
7479.0,14.570140824,14.570140824,-1.163463749353419
74791.0,29.9999085719,29.9999085719,-1.477119931160335
7482.0,11.8520250639,11.8520250639,-1.0737925612270107
7483.0,6.7602979599,6.7602979599,-0.8299658378778274
7486.0,14.23283496605,14.23283496605,-1.0926085064456093
74867.0,25.8058357321,25.8058357321,-1.4117179284306602
7487.0,6.209273056,6.209273056,-0.7930407585907981
74879.0,31.849060412,31.849060412,-1.5030966246179087
7488.0,13.800790992,13.800790992,-1.1399039786922598
74887.0,12.50516298,12.50516298,-1.015277056695802
7489.0,36.03789805645,36.03789805645,-1.4638289965618698
7490.0,21.442244224,21.442244224,-1.3312702382545074
74904.0,8.3476316399,8.3476316399,-0.921563276487281
74937.0,13.983710968,13.983710968,-1.1456224388672775
7494.0,26.89318979595,26.89318979595,-1.4271905701144791
7495.0,13.578991288,13.578991288,-1.1249306401865589
7497.0,17.458423564,17.458423564,-1.233387165736222
74978.0,9.3394196839,9.3394196839,-0.8923350020804863
7498.0,6.8776234239,6.8776234239,-0.8374383928585566
74989.0,18.272238788,18.272238788,-1.261791762114852
7499.0,8.1053698719,8.1053698719,-0.9087728377730643
74990.0,9.9963793199,9.9963793199,-0.999842727387774
750.0,11.76356961195,11.76356961195,-1.070482912391142
7500.0,16.5203708159,16.5203708159,-1.2180197912586836
7501.0,10.055584364,10.055584364,-1.0024073139865943
7503.0,14.693791796,14.693791796,-1.1671338818069201
7504.0,12.495525612,12.495525612,-1.0967545290171044
7505.0,30.2124520359,30.2124520359,-1.480185973947424
75050.0,21.548600856,21.548600856,-1.3334190768055616
7506.0,11.861354760000001,11.861354760000001,-1.0741316486390182
75066.0,3.6498578399,3.6498578399,-0.5622759492374831
7508.0,11.9993206799,11.9993206799,-1.0791566599374687
7509.0,12.666413892900001,12.666413892900001,-1.0235241105613806
7510.0,10.0693544599,10.0693544599,-1.0030016290948531
75146.0,17.609433804,17.609433804,-1.2457453923243709
7515.0,18.9515989479,18.9515989479,-1.2776458573096374
7516.0,11.224937552,11.224937552,-1.0501839335597931
7517.0,16.821606272,16.821606272,-1.225851088145025
75171.0,15.2048470639,15.2048470639,-1.1819820562040346
7518.0,33.151262983950005,33.151262983950005,-1.4866199926377388
75194.0,56.29036701335,56.29036701335,-1.5931248724152367
75195.0,12.927762928,12.927762928,-1.1115233793211785
7521.0,8.64002249995,8.64002249995,-0.9219380341696936
7522.0,10.929117706,10.929117706,-1.0256936356284023
75227.0,13.622084108,13.622084108,-1.1342435574564649
7525.0,10.349832256,10.349832256,-1.01493331106019
7526.0,9.0728256839,9.0728256839,-0.9577425668623352
7529.0,14.4992046459,14.4992046459,-1.154749787334573
753.0,22.218451452,22.218451452,-1.346713786860152
7531.0,14.19956451795,14.19956451795,-1.119603713852277
75311.0,23.4911884361,23.4911884361,-1.3705780864023112
7533.0,20.00936842375,20.00936842375,-1.2915244393305283
75345.0,17.317866856,17.317866856,-1.238494396357897
75360.0,5.0890195,5.0890195,-0.7066341149971249
7540.0,11.22612964,11.22612964,-1.0502300531706252
7541.0,26.2853452999,26.2853452999,-1.419713686542048
7542.0,19.072657516,19.072657516,-1.2804112103047076
7543.0,3.6018870759,3.6018870759,-0.5565300929692814
75430.0,8.1931957699,8.1931957699,-0.913307200620685
75454.0,9.564162972,9.564162972,-0.9806469678240466
7546.0,26.229457722,26.229457722,-1.4187824129183266
7547.0,15.2756723719,15.2756723719,-1.1840003351816546
75471.0,18.397583087900003,18.397583087900003,-1.2431108823739065
75472.0,10.721379208,10.721379208,-1.0302506569887775
75494.0,30.418021284,30.418021284,-1.4831309594411746
75498.0,14.4095062,14.4095062,-1.1586490982123447
7550.0,10.1888229479,10.1888229479,-1.0081240155316507
7551.0,28.069907184,28.069907184,-1.4482409765979847
75516.0,11.242079848,11.242079848,-1.0508466655880024
75518.0,8.2394154319,8.2394154319,-0.9158964005677669
75538.0,15.347075768,15.347075768,-1.1860256372200773
75547.0,46.71028436585,46.71028436585,-1.6639991466725879
7555.0,14.629562792000002,14.629562792000002,-1.1600626659502364
75557.0,3.7728635599,3.7728635599,-0.5766710998593666
7557.0,8.674041096,8.674041096,-0.9382214754244272
75575.0,51.705690749,51.705690749,-1.713538344348848
75576.0,31.528057532,31.528057532,-1.4986972143533388
7558.0,19.472084696,19.472084696,-1.2894124499022923
75588.0,25.63650462995,25.63650462995,-1.4020146866206327
7559.0,15.024098863950002,15.024098863950002,-1.1448820626839369
7560.0,20.5670636479,20.5670636479,-1.3131722920572664
75628.0,22.300837252,22.300837252,-1.3440106283506041
7563.0,17.6479591839,17.6479591839,-1.24669449066346
7564.0,12.872406288,12.872406288,-1.1096597388171878
7565.0,20.8675011599,20.8675011599,-1.3194704463131222
75654.0,36.8935006568,36.8935006568,-1.5669498654138747
7567.0,6.6057786439,6.6057786439,-0.8199240166240236
757.0,14.5775684479,14.5775684479,-1.163685089295653
7570.0,16.029380811899998,16.029380811899998,-1.2023788945457219
75706.0,11.143645952,11.143645952,-1.0470273055394446
7571.0,9.7965528779,9.7965528779,-0.989860441688788
7572.0,15.5022159561,15.5022159561,-1.1903937826038282
7573.0,27.24336186,27.24336186,-1.435260698951399
7577.0,19.928949828,19.928949828,-1.299484413807297
75771.0,75.2084949835,75.2084949835,-1.8762668979864687
7578.0,7.6163767719,7.6163767719,-0.881748419870872
7579.0,18.386803816,18.386803816,-1.2628282377268334
7580.0,18.72019476195,18.72019476195,-1.2657429918119263
75819.0,12.20859480595,12.20859480595,-1.0611411763475735
7582.0,22.6610333922,22.6610333922,-1.3552797107478947
75821.0,15.481277143949999,15.481277143949999,-1.1897577185182082
7583.0,20.37171429195,20.37171429195,-1.3087819832404888
7585.0,15.418124212950001,15.418124212950001,-1.0353082950910109
7586.0,20.888283872,20.888283872,-1.3199027609216214
75868.0,14.462592724,14.462592724,-1.160246156360321
7589.0,6.8489616719,6.8489616719,-0.8356247358216793
7590.0,8.6662044799,8.6662044799,-0.9378289320379067
75903.0,16.3127966639,16.3127966639,-1.2125284228171123
75908.0,15.4198886841,15.4198886841,-1.1880812385621746
7592.0,18.371012077899998,18.371012077899998,-1.216538551067301
7594.0,15.351651504,15.351651504,-1.1861551029723578
7595.0,8.5085897879,8.5085897879,-0.9293469049853257
75969.0,17.2119053439,17.2119053439,-1.2358289490340977
7597.0,12.7025687839,12.7025687839,-1.1038915552758846
75982.0,21.525536373999998,21.525536373999998,-1.3266220348936328
76004.0,12.1017879399,12.1017879399,-1.0828495385040142
7601.0,23.0,23.0,-1.3617278360175928
7603.0,5.0277615399,5.0277615399,-0.701374671487777
7604.0,3.523654568,3.523654568,-0.5318642821875861
76063.0,14.9980586479,14.9980586479,-1.1760350475177592
7607.0,4.950082188,4.950082188,-0.6946124097413583
76079.0,10.0079877039,10.0079877039,-1.0003467630990666
76092.0,12.1966680139,12.1966680139,-1.0862141948473623
7610.0,23.8557070839,23.8557070839,-1.3775922935876717
7611.0,14.465948319950002,14.465948319950002,-1.1552087168329994
7612.0,13.2614625659,13.2614625659,-1.1071389347041316
7615.0,15.23733494795,15.23733494795,-1.1823531762622144
7617.0,14.3264936359,14.3264936359,-1.1561399111988409
7618.0,7.620532748,7.620532748,-0.8819853337318561
7619.0,18.2981144882,18.2981144882,-1.2622860785792531
76191.0,14.822977731950001,14.822977731950001,-1.1704842412244938
76192.0,16.94086629,16.94086629,-1.1371625633644173
7620.0,8.652649631900001,8.652649631900001,-0.9366974552439384
7621.0,35.2541801392,35.2541801392,-1.5172096132991024
7622.0,14.078345536,14.078345536,-1.1485516202319481
7624.0,26.9468449519,26.9468449519,-1.4305079235044884
7626.0,30.326835236,30.326835236,-1.4818270917727732
76262.0,15.196600752,15.196600752,-1.1817464537509053
7628.0,16.317614378000002,16.317614378000002,-1.2126432366161046
76302.0,8.99210165205,8.99210165205,-0.9515607213098304
7632.0,23.5376924439,23.5376924439,-1.371763883825876
7635.0,21.325792028000002,21.325792028000002,-1.328259372653391
7636.0,23.3085268639,23.3085268639,-1.3653273006255224
7638.0,28.400662548,28.400662548,-1.4533284716521107
76382.0,13.730405659950002,13.730405659950002,-1.1305839060298941
7641.0,19.44104065795,19.44104065795,-1.2112099402012502
7642.0,12.1084406839,12.1084406839,-1.083088218619459
76464.0,12.4284488079,12.4284488079,-1.0944169278203881
7647.0,26.16318456,26.16318456,-1.4176906048151063
76476.0,12.72941670995,12.72941670995,-1.0891538909861715
7648.0,13.79443029,13.79443029,-1.1314638645205495
7649.0,13.1280085239,13.1280085239,-1.1181988500287001
76497.0,15.36702519995,15.36702519995,-1.1791592800888582
7650.0,20.0995396079,20.0995396079,-1.3031861097568838
7651.0,9.84628955795,9.84628955795,-0.9916768337342434
7652.0,10.2490405039,10.2490405039,-1.0106832094535732
7654.0,5.34362172,5.34362172,-0.7278357064414004
7655.0,9.4299667359,9.4299667359,-0.9745101607712038
7656.0,27.7639851359,27.7639851359,-1.443481803220657
76564.0,11.4887888639,11.4887888639,-1.0602742482314764
7657.0,11.7886646399,11.7886646399,-1.0714263716168106
7658.0,19.6342980149,19.6342980149,-1.2930153785524405
76583.0,5.410516836,5.410516836,-0.7332387527778926
7659.0,40.2802362214,40.2802362214,-1.6050920087869853
76621.0,12.63615128,12.63615128,-1.101614816637665
7663.0,7.4926133079,7.4926133079,-0.8746333193352186
7666.0,26.813810908,26.813810908,-1.4283585423938299
76674.0,29.8359983952,29.8359983952,-1.408202490792395
7668.0,20.040649787950002,20.040649787950002,-1.3016438456510282
7670.0,12.180414542,12.180414542,-1.0856620691046974
7671.0,7.562759772,7.562759772,-0.8786803054269458
76714.0,13.65115339595,13.65115339595,-1.1332990590667185
7673.0,23.8801614679,23.8801614679,-1.3780372589891947
76748.0,12.548997926,12.548997926,-1.098320585532892
7675.0,19.35076637395,19.35076637395,-1.2865723838155678
76767.0,12.7292736759,12.7292736759,-1.104803623799147
7677.0,27.127378634000003,27.127378634000003,-1.4332681625702555
7681.0,19.5291506459,19.5291506459,-1.0635110165021056
76857.0,12.631809964,12.631809964,-1.1014655834183051
76921.0,10.6907428519,10.6907428519,-1.0290078834381693
7693.0,11.1265583359,11.1265583359,-1.0463608492517966
7694.0,13.230923368,13.230923368,-1.1215901540615558
7695.0,28.53332940355,28.53332940355,-1.3136542232979649
7697.0,9.523899216,9.523899216,-0.978814790957259
76980.0,8.696578594,8.696578594,-0.8928936086169758
76985.0,20.6179637,20.6179637,-1.314245770669954
7699.0,19.794198588,19.794198588,-1.296537923069532
7702.0,17.15024508805,17.15024508805,-1.2261913487263507
7703.0,11.669144708000001,11.669144708000001,-1.039826040082396
7704.0,14.44681479995,14.44681479995,-1.1289607145969716
7705.0,13.3909141159,13.3909141159,-1.1191892851592387
7707.0,14.7028775999,14.7028775999,-1.1674023417858335
77080.0,12.985446652,12.985446652,-1.1134568923683108
7710.0,17.311608174,17.311608174,-1.237943257886171
77117.0,10.923217244,10.923217244,-1.038350571109636
7713.0,11.052153660000002,11.052153660000002,-0.9859532475705797
7714.0,6.1472047439,6.1472047439,-0.7886776783339938
7719.0,42.1695258391,42.1695258391,-1.624998717765631
7720.0,14.673315388,14.673315388,-1.166528252359729
77222.0,44.625513967,44.625513967,-1.6495832310641503
7724.0,11.42340509395,11.42340509395,-1.023989142304492
7726.0,7.952704898,7.952704898,-0.8996609349275801
77287.0,18.2123176719,18.2123176719,-1.2603652169683504
77288.0,11.1446519939,11.1446519939,-0.9876259684489272
7729.0,18.0023807339,18.0023807339,-1.255329942393623
77290.0,16.033679314,16.033679314,-1.202323562060543
7731.0,18.7058717851,18.7058717851,-1.2004054705109566
77311.0,7.4188951779000005,7.4188951779000005,-0.8574526949984663
7732.0,15.3390701959,15.3390701959,-1.1857990349044605
77328.0,16.4335334139,16.4335334139,-1.2157309521857866
7734.0,11.58054859,11.58054859,-1.0458822484584576
77342.0,18.234323436,18.234323436,-1.260889653941938
7735.0,11.682489766,11.682489766,-1.067250764192964
77353.0,8.9153646119,8.9153646119,-0.9501391092273759
7737.0,12.5556497559,12.5556497559,-1.0988391924053944
77378.0,11.260709632,11.260709632,-1.0515657599248105
7738.0,17.7677706839,17.7677706839,-1.2435556642289018
774.0,17.060056224,17.060056224,-1.2319804581171263
77406.0,13.707120144000001,13.707120144000001,-1.111104693297572
7742.0,22.8967336279,22.8967336279,-1.3597735317478303
7745.0,13.01930613995,13.01930613995,-1.088161475393457
77463.0,10.6029736679,10.6029736679,-1.0254276828540083
7747.0,9.156122692,9.156122692,-0.9617116035854636
7748.0,5.37435943995,5.37435943995,-0.7212617087607227
77487.0,15.65921303595,15.65921303595,-1.1772889765997432
7749.0,9.6128642839,9.6128642839,-0.9828528109098698
7751.0,36.5836012952,36.5836012952,-1.5260390380834394
77531.0,21.610694734,21.610694734,-1.3290288649599133
7756.0,19.62766471595,19.62766471595,-1.2906034779159694
7757.0,22.2875944699,22.2875944699,-1.3480006773720268
7761.0,12.411415965949999,12.411415965949999,-1.086937276069063
7762.0,13.13098070795,13.13098070795,-1.1176012755161024
7764.0,13.590070744,13.590070744,-1.1332217174866415
7765.0,10.3770672679,10.3770672679,-1.0160746319969216
7766.0,19.651820879,19.651820879,-1.2934027970047943
7768.0,14.32285299395,14.32285299395,-1.155759310576192
77680.0,10.683910532,10.683910532,-1.028730242544637
77703.0,11.4421233519,11.4421233519,-1.0585066253699342
7771.0,25.870026572,25.870026572,-1.4127968747956716
7778.0,49.0607319231,49.0607319231,-1.6899828108169297
77780.0,7.0435219379000005,7.0435219379000005,-0.8161598514448245
77781.0,8.4675762959,8.4675762959,-0.9277591184833739
77797.0,28.229700085700003,28.229700085700003,-1.3784778661164143
7784.0,14.077665104,14.077665104,-1.1485306294838802
7789.0,15.68840076,15.68840076,-1.1955290534005685
7790.0,20.83752921595,20.83752921595,-1.275244378692494
7791.0,19.70167939,19.70167939,-1.2547473145523393
779179.0,8.1723184039,8.1723184039,-0.9123452789544076
7792.0,21.2225339999,21.2225339999,-1.326797238022926
7793.0,17.78115156995,17.78115156995,-1.2392829745330243
7794.0,11.9546273139,11.9546273139,-1.0546135470609583
77942.0,7.1811746859,7.1811746859,-0.8137186826735034
7795.0,14.663375656,14.663375656,-1.1662339607562275
7797.0,21.8468125214,21.8468125214,-1.3016702299493064
7798.0,18.580189521999998,18.580189521999998,-1.26465436969144
77990.0,15.382763156,15.382763156,-1.187034353386012
77993.0,9.21830929,9.21830929,-0.96015554478313
77999.0,16.6508848939,16.6508848939,-1.2087555425810517
7800.0,9.197012124,9.197012124,-0.9636467589957521
7803.0,10.702822224,10.702822224,-1.029498311769002
7804.0,15.912824132,15.912824132,-1.201747262996689
7805.0,13.072098035900002,13.072098035900002,-1.0922347319424182
7807.0,18.9686800879,18.9686800879,-1.278037112096626
7809.0,17.748834866000003,17.748834866000003,-1.2283799399594395
7810.0,14.6570180799,14.6570180799,-1.166045623567672
7811.0,7.17972986395,7.17972986395,-0.8559979048658239
7812.0,16.84265650995,16.84265650995,-1.2264101859081835
7813.0,17.9382079599,17.9382079599,-1.253779054538591
78138.0,4.049046064,4.049046064,-0.6073527175506358
7814.0,27.825786583899998,27.825786583899998,-1.4439744750529135
78170.0,24.472282280050003,24.472282280050003,-1.3844404040674623
7819.0,9.6808352639,9.6808352639,-0.9859128299171922
7820.0,17.75238651995,17.75238651995,-1.2238412528018092
78202.0,12.78950087395,12.78950087395,-1.1068234605765972
7823.0,18.78644662795,18.78644662795,-1.247007796294544
7825.0,21.895188188,21.895188188,-1.3403486822825965
7828.0,23.647825347949997,23.647825347949997,-1.3118788243644128
7829.0,21.0504172879,21.0504172879,-1.3232607093895532
7833.0,14.1162634439,14.1162634439,-1.1497197547576714
7834.0,26.1650552681,26.1650552681,-1.4177216564311401
7835.0,11.658528904,11.658528904,-1.066643753752191
78361.0,8.92403865595,8.92403865595,-0.9484140921874451
7837.0,23.5831213799,23.5831213799,-1.3726012862701567
7838.0,28.4109515635,28.4109515635,-1.4534857797228142
7839.0,8.026728468,8.026728468,-0.9045385717043364
78392.0,25.9897215932,25.9897215932,-1.337134658195927
7840.0,11.430052168,11.430052168,-1.0580482125670079
7841.0,14.83280361605,14.83280361605,-1.1664950166626316
78435.0,29.765642084,29.765642084,-1.4737152552912822
78452.0,12.4258571679,12.4258571679,-1.0943263572000494
7847.0,13.9739654919,13.9739654919,-1.1453196664483147
7849.0,14.3718594,14.3718594,-1.1575129598474714
78490.0,22.1930158119,22.1930158119,-1.3462163225777277
785.0,37.298892644,37.298892644,-1.5716959383572355
7850.0,3.732171964,3.732171964,-0.5719616461397645
78501.0,4.464697348,4.464697348,-0.6497920243559305
7854.0,12.7620265989,12.7620265989,-1.0181076727167322
7855.0,12.83010415195,12.83010415195,-1.1051149335022887
7856.0,15.300975276,15.300975276,-1.184719113398396
7858.0,9.287447904,9.287447904,-0.9586979326487806
7859.0,14.05376711195,14.05376711195,-1.0770375630223825
7860.0,7.8238298479,7.8238298479,-0.8934193968764709
7864.0,9.087653856,9.087653856,-0.9584517766314602
7865.0,4.8339626159,4.8339626159,-0.6843032874098357
7868.0,8.81139386195,8.81139386195,-0.819868931473317
7869.0,15.496198676,15.496198676,-1.1786868973079994
7870.0,13.0178483839,13.0178483839,-1.114539209100238
7873.0,21.0683298171,21.0683298171,-1.3205812065593512
78738.0,20.8809304199,20.8809304199,-1.319749846208855
7877.0,21.23352423205,21.23352423205,-1.2754066709197311
78771.0,12.0057581519,12.0057581519,-1.079389590531333
7881.0,13.928154512,13.928154512,-1.1438935759823923
7884.0,15.470962021999998,15.470962021999998,-1.1875648319856615
78860.0,9.218345784,9.218345784,-0.9646529946614226
7888.0,17.3534337319,17.3534337319,-1.2393854216784506
78882.0,12.801755962,12.801755962,-1.1006232457156278
7895.0,24.667940588,24.667940588,-1.3921328937702055
78950.0,18.05598014995,18.05598014995,-1.2566210674986902
7896.0,23.4223657799,23.4223657799,-1.3153599843657506
7899.0,48.0315012544,48.0315012544,-1.6815261609948362
79.0,6.68276294995,6.68276294995,-0.8072802872611422
790.0,9.7893101919,9.7893101919,-0.990752090127329
7900.0,16.565146868,16.565146868,-1.2191952907268355
79016.0,11.8983688801,11.8983688801,-1.0754874290458754
7902.0,15.7046786479,15.7046786479,-1.1960290542097458
7903.0,17.9064740079,17.9064740079,-1.25301007665475
7904.0,15.564832064,15.564832064,-1.1921444392445817
79050.0,17.03923008995,17.03923008995,-1.2151078190794584
7908.0,18.960556623949998,18.960556623949998,-1.2755186347573821
79081.0,7.975733364,7.975733364,-0.901770626687867
7909.0,8.632660699999999,8.632660699999999,-0.9316447979264759
7910.0,6.90724516,6.90724516,-0.8393048707659057
79103.0,12.3794080639,12.3794080639,-1.0926998788740883
7912.0,6.79419042,6.79419042,-0.8306515911393794
7913.0,11.311501572000001,11.311501572000001,-1.0534344810770322
7914.0,13.61262065595,13.61262065595,-1.0401588882296644
7915.0,11.515954092000001,11.515954092000001,-1.057155635706905
79154.0,18.933491436,18.933491436,-1.2772307075492275
7916.0,14.299185884,14.299185884,-1.1553113118600773
7918.0,11.261960376,11.261960376,-1.0516139949891115
7921.0,15.829114190000002,15.829114190000002,-1.1772432449648593
7922.0,8.95067744595,8.95067744595,-0.9508548659368399
7923.0,13.852410248,13.852410248,-1.1415253449770695
7924.0,20.81118238,20.81118238,-1.3182967552006728
79242.0,19.280677488,19.280677488,-1.2851222901544963
7929.0,23.1440344,23.1440344,-1.3644390661514663
79302.0,17.113498592,17.113498592,-1.2333388034556814
7931.0,19.18640534395,19.18640534395,-1.2435703686604207
7932.0,15.431988034,15.431988034,-1.1861585985967884
7933.0,7.2577955201,7.2577955201,-0.8608047282978252
7934.0,13.245090542,13.245090542,-1.121623830401433
7935.0,17.8007464039,17.8007464039,-1.2504382131121963
79358.0,9.7044478679,9.7044478679,-0.9869708313528702
7940.0,7.186864696,7.186864696,-0.8565394686589299
79414.0,20.205534792,20.205534792,-1.3054703496631457
7943.0,12.531900504,12.531900504,-1.0980169381778047
7944.0,11.93352205805,11.93352205805,-1.0719113110788812
7945.0,19.317657896,19.317657896,-1.2859544707077362
7946.0,24.06200674595,24.06200674595,-1.3293782696471408
7947.0,16.10227471595,16.10227471595,-1.2063433251162436
79472.0,20.0926058319,20.0926058319,-1.303036264524564
7948.0,18.5259068419,18.5259068419,-1.2501949618625234
7949.0,7.92476907195,7.92476907195,-0.8619813765814837
795.0,22.054235428,22.054235428,-1.306274000834522
7950.0,35.38292363675,35.38292363675,-1.5387297357756644
7954.0,11.0251256259,11.0251256259,-1.0338084292189096
7955.0,9.4022161679,9.4022161679,-0.9567357248094388
7956.0,12.02295204595,12.02295204595,-1.079367213193859
7957.0,47.9545977654,47.9545977654,-1.6808302525581098
79571.0,8.945514591950001,8.945514591950001,-0.9184526001815754
7958.0,19.059914148,19.059914148,-1.28012094010431
7961.0,13.9555421339,13.9555421339,-1.0867368419330876
7963.0,17.0470137399,17.0470137399,-1.2316483111952694
79633.0,27.048500012,27.048500012,-1.4321431860942018
79635.0,17.218224338,17.218224338,-1.18301931761609
79639.0,10.179396276,10.179396276,-1.0077220214411333
7964.0,11.91731810995,11.91731810995,-1.0760466359870429
7965.0,22.74086544395,22.74086544395,-1.3426234273712971
7966.0,13.066454816,13.066454816,-1.1161577710006896
7967.0,12.531276052,12.531276052,-1.0979952971813203
79688.0,20.909480105950003,20.909480105950003,-1.3202551554697899
7969.0,36.48075446,36.48075446,-1.5620638114114949
7970.0,7.67291966795,7.67291966795,-0.8847815077365195
7972.0,13.482054276,13.482054276,-1.1297560711872743
7975.0,13.0721130319,13.0721130319,-1.1163457944605417
7977.0,14.12379181,14.12379181,-1.1476835342001432
7979.0,13.850337832,13.850337832,-1.1414603666700736
798.0,22.801256896,22.801256896,-1.3579587877000934
7980.0,9.089399362,9.089399362,-0.9566340268814908
7984.0,31.6953684069,31.6953684069,-1.5009958041014924
7985.0,16.606754396,16.606754396,-1.2202847627561
7986.0,13.086157039949999,13.086157039949999,-1.0795717670493854
79878.0,13.40963488805,13.40963488805,-1.1273443992268612
7991.0,23.859298524,23.859298524,-1.3776576710344766
7992.0,12.816259236,12.816259236,-1.1077612833551491
7993.0,6.609454244,6.609454244,-0.8201656003926663
7996.0,25.35690076,25.35690076,-1.4040961709335544
7997.0,6.1702962079,6.1702962079,-0.7903060130395092
8001.0,13.1325185959,13.1325185959,-1.1183480244449568
8003.0,13.98505558595,13.98505558595,-1.1445246854525504
80037.0,34.3380530056,34.3380530056,-1.535591709437142
8004.0,16.60272208995,16.60272208995,-1.2126612807052486
8005.0,15.19060944395,15.19060944395,-1.179644824777865
8007.0,52.08519623065,52.08519623065,-1.6409190713575925
8010.0,56.18495820995,56.18495820995,-1.7475681974236923
8012.0,10.63377012595,10.63377012595,-1.022431593988599
8016.0,26.5226706799,26.5226706799,-1.4236172528830318
8017.0,14.22451000195,14.22451000195,-1.0817441785729818
8019.0,18.338093741999998,18.338093741999998,-1.2586089565394958
80196.0,5.6116395859,5.6116395859,-0.7336613504813809
802.0,21.15257407195,21.15257407195,-1.3236913069946632
8021.0,6.9109806119999995,6.9109806119999995,-0.8375829120073865
80277.0,30.5877283679,30.5877283679,-1.4855472248134158
80278.0,13.957781528,13.957781528,-1.1089019203803614
8028.0,12.560850296,12.560850296,-1.0990190395891943
80289.0,18.7621378759,18.7621378759,-1.2732823231052328
8029.0,18.26447591195,18.26447591195,-1.2315720595585962
803.0,16.49722119395,16.49722119395,-1.1752295041928993
8030.0,9.50855681,9.50855681,-0.9697222197971467
8031.0,23.2546777754,23.2546777754,-1.3665097075638455
80311.0,12.2634896239,12.2634896239,-1.088614067960458
8033.0,13.52020931995,13.52020931995,-1.1307413530634782
8034.0,4.1084165519,4.1084165519,-0.6136744702271533
80365.0,11.7506249399,11.7506249399,-1.0700609645424568
8037.0,25.484023711349998,25.484023711349998,-1.3480589173192843
80373.0,7.5271439839,7.5271439839,-0.8766302235691712
8038.0,10.299501907949999,10.299501907949999,-0.9450888897444563
8039.0,6.97531044395,6.97531044395,-0.8126279386726571
8041.0,34.5,34.5,-1.5378190950732742
80434.0,7.3216559299,7.3216559299,-0.864286092906549
8048.0,10.1972935719,10.1972935719,-1.008484922472373
80480.0,6.1357206319,6.1357206319,-0.768015466134832
8049.0,18.27391526195,18.27391526195,-1.1266386346261414
8050.0,11.0927514359,11.0927514359,-1.0450392815162772
8051.0,11.52292006605,11.52292006605,-1.045262427658162
80519.0,14.7559973319,14.7559973319,-1.1689685680279827
8053.0,13.58145979595,13.58145979595,-1.1329447598412843
8056.0,29.624834872,29.624834872,-1.4716559382796262
8058.0,16.21827303,16.21827303,-1.1963919074520253
8061.0,8.1885828279,8.1885828279,-0.9132087462929472
8062.0,18.6156930879,18.6156930879,-1.2698792102372998
8063.0,19.9584269994,19.9584269994,-1.263489399824801
8064.0,14.401648049950001,14.401648049950001,-1.0600035829537529
80642.0,7.2503000399,7.2503000399,-0.8603559793953602
8066.0,23.2477889699,23.2477889699,-1.3632528210385078
8069.0,9.630681268,9.630681268,-0.9836570099145651
8071.0,9.842210873900001,9.842210873900001,-0.915896751478645
8072.0,14.320294444,14.320294444,-1.1559519477267095
8076.0,13.049215784,13.049215784,-1.115584412753601
80779.0,8.2659362679,8.2659362679,-0.9172920524571758
8078.0,21.5075480639,21.5075480639,-1.3325909021115478
80786.0,16.112570412,16.112570412,-1.2071648282343062
8080.0,5.8604711959,5.8604711959,-0.7679325357369237
8081.0,9.2342831519,9.2342831519,-0.9648603913806957
8083.0,21.8431425679,21.8431425679,-1.3393151203750322
8084.0,19.2089572999,19.2089572999,-1.2835037911401954
8086.0,11.02130888995,11.02130888995,-1.0417500789701015
8087.0,13.501346236,13.501346236,-1.1303770746962238
8088.0,39.478326624350004,39.478326624350004,-1.5934235514025374
8089.0,11.73998461595,11.73998461595,-1.0209833022546608
80900.0,12.163892812,12.163892812,-1.08507258449396
8091.0,13.4240598479,13.4240598479,-1.127883879685071
8092.0,21.8457905839,21.8457905839,-1.3393677661438912
8094.0,9.745778908,9.745778908,-0.9888165547854025
8095.0,15.50239427795,15.50239427795,-1.1903709540661678
8096.0,20.7728731458,20.7728731458,-1.3174965689987563
8097.0,12.354552672,12.354552672,-1.091827025286539
8098.0,23.750727836,23.750727836,-1.3756769230267862
8101.0,15.296225723900001,15.296225723900001,-1.0844497512621039
8102.0,5.83758538195,5.83758538195,-0.761798107233955
8103.0,15.8406182479,15.8406182479,-1.0778016342380519
8105.0,10.95962086,10.95962086,-1.0397955303109458
81080.0,12.260214386,12.260214386,-1.0884980604222443
811.0,17.6761407399,17.6761407399,-1.2473874508173104
8110.0,23.425819336,23.425819336,-1.3266657566867148
8111.0,21.6492222487,21.6492222487,-1.3318239202138369
8112.0,11.47156424,11.47156424,-1.0596226414829135
8113.0,14.471559855999999,14.471559855999999,-1.1601760670503718
81133.0,12.009466796,12.009466796,-1.0795237257463286
8115.0,17.94911758195,17.94911758195,-1.2540001784294668
8117.0,12.16778335395,12.16778335395,-1.0852114369312387
81184.0,4.701384572,4.701384572,-0.6722257778137184
8119.0,11.955035125950001,11.955035125950001,-1.0767728153333962
81196.0,14.750895602,14.750895602,-1.1369133979867747
81207.0,11.76214169995,11.76214169995,-1.0701782241086533
8121.0,18.3852577939,18.3852577939,-1.2332240767241234
8124.0,13.67335689395,13.67335689395,-1.1058843564105696
8125.0,16.8521274841,16.8521274841,-1.2266547358471518
81263.0,7.85896630595,7.85896630595,-0.8932789825072752
8127.0,6.075714568,6.075714568,-0.7835973628776616
81278.0,22.2771685,22.2771685,-1.314058018750607
8128.0,21.46008484,21.46008484,-1.327713788023986
8129.0,11.98668219995,11.98668219995,-1.0780521777644325
8130.0,11.117883376,11.117883376,-1.0460221140787505
81313.0,7.93319838,7.93319838,-0.8994483145234268
8133.0,14.84093114,14.84093114,-1.1714611500183223
8134.0,15.560440364,15.560440364,-1.1920218834601628
81346.0,8.2580176199,8.2580176199,-0.9168758051815966
81364.0,37.5637158565,37.5637158565,-1.5747311577343608
8137.0,24.108511708,24.108511708,-1.3813607015622833
8139.0,10.975590124,10.975590124,-1.0404278802314086
8140.0,12.0142499559,12.0142499559,-1.0796966631814084
8141.0,15.1827593401,15.1827593401,-1.1813507081389074
81410.0,6.7846561879500005,6.7846561879500005,-0.7786854220268651
8142.0,27.2295566084,27.2295566084,-1.4085393031733644
8143.0,32.74438697,32.74438697,-1.5151368641177472
8144.0,42.27593658255,42.27593658255,-1.6040285724477603
8146.0,13.176508764,13.176508764,-1.119800355221509
8147.0,13.6108355319,13.6108355319,-1.1338847861699544
8148.0,13.46256176795,13.46256176795,-1.1180044221008796
8149.0,5.8220271399,5.8220271399,-0.7650742256100639
8150.0,21.862883628,21.862883628,-1.3397074431184888
8151.0,7.2665446559,7.2665446559,-0.8613279468141782
8152.0,35.340097276,35.340097276,-1.5482677405972274
81530.0,15.4383746659,15.4383746659,-1.181887539712254
8154.0,8.9688989279,8.9688989279,-0.9503770762172874
8158.0,13.56381398395,13.56381398395,-1.065453347642783
8159.0,6.2263376479,6.2263376479,-0.7942326683291007
8160.0,14.530489098,14.530489098,-1.139030531084342
81629.0,38.524820805350004,38.524820805350004,-1.5773914651215062
8163.0,18.19091590795,18.19091590795,-1.2505542914832182
8164.0,8.0387266761,8.0387266761,-0.9051872625123591
8165.0,9.06372310595,9.06372310595,-0.9230475160293976
8167.0,21.205254008049998,21.205254008049998,-1.227490808064041
8168.0,11.692709188,11.692709188,-1.0679151483801064
8170.0,9.180802228,9.180802228,-0.9628806319606399
8171.0,23.5061235839,23.5061235839,-1.371181015133939
8172.0,12.633159024,12.633159024,-1.1015119629974444
8174.0,11.59088720395,11.59088720395,-1.0639323966322372
8175.0,8.000429152,8.000429152,-0.9031132836602732
81766.0,9.2178439139,9.2178439139,-0.9633779516661252
8177.0,20.1568944039,20.1568944039,-1.3044236206730346
8178.0,14.2015065679,14.2015065679,-1.1523344189900238
81784.0,9.000442088,9.000442088,-0.9542638418463864
8179.0,20.264804672,20.264804672,-1.2784636041760744
8182.0,12.715190776,12.715190776,-1.1043228806220322
81829.0,36.1777592245,36.1777592245,-1.5584318683164164
8183.0,6.1133347839,6.1133347839,-0.7862781796633623
8184.0,12.00803847595,12.00803847595,-1.0467525876904764
8186.0,26.171458936,26.171458936,-1.4178279331937056
81882.0,12.151149576,12.151149576,-1.084617366896986
8189.0,20.1615549081,20.1615549081,-1.3045240229107447
8190.0,18.61675536395,18.61675536395,-1.1840315749092654
8192.0,14.96859698995,14.96859698995,-1.1731956905632517
8193.0,13.5377278919,13.5377278919,-1.1315457805372804
8195.0,20.664063092,20.664063092,-1.3152157191653393
8196.0,15.1045632159,15.1045632159,-1.1791081711407725
8197.0,10.1882562079,10.1882562079,-1.0080998577951217
81984.0,11.9313706439,11.9313706439,-1.0766903371229823
8199.0,11.013125997949999,11.013125997949999,-1.0176514874080052
8200.0,12.8088546199,12.8088546199,-1.1075102964506283
82029.0,9.68938072795,9.68938072795,-0.9693509603490559
8205.0,16.98673192395,16.98673192395,-1.167367528771509
82056.0,12.693268761999999,12.693268761999999,-1.1013162163423393
8207.0,15.70844919895,15.70844919895,-1.1593935369383075
8208.0,8.273957672,8.273957672,-0.9177132947968815
8209.0,12.4373103719,12.4373103719,-1.0947264722409973
8210.0,12.8440132,12.8440132,-1.108700743226154
8211.0,8.963125156,8.963125156,-0.9524594607073897
8213.0,17.882672256,17.882672256,-1.2524324171063725
82145.0,13.6028574239,13.6028574239,-1.1336301460970089
82146.0,27.425438733,27.425438733,-1.4343363353174994
82153.0,21.39086187965,21.39086187965,-1.2356717331010638
82161.0,14.6717783079,14.6717783079,-1.1664827561406197
82162.0,12.5182511879,12.5182511879,-1.0975436617423135
8217.0,32.5049733081,32.5049733081,-1.5119498137488374
82170.0,10.6231724399,10.6231724399,-1.0262542311896445
82190.0,15.0458542881,15.0458542881,-1.1774168515692685
8221.0,10.2184344319,10.2184344319,-1.0093843625629446
8225.0,29.23945715005,29.23945715005,-1.443867162152985
8226.0,31.5360024961,31.5360024961,-1.4988066413101275
82261.0,20.5859790279,20.5859790279,-1.3135715259997147
8227.0,10.54616998795,10.54616998795,-1.021829954034709
8228.0,17.3790680573,17.3790680573,-1.2259426078056714
82325.0,12.990751588,12.990751588,-1.1136342781768416
82326.0,17.87529113,17.87529113,-1.2509451138834273
82343.0,17.47544134795,17.47544134795,-1.2424238260569025
8246.0,5.7350536959,5.7350536959,-0.758537488448952
8247.0,22.2366839479,22.2366839479,-1.3470700234448993
8256.0,50.6238619641,50.6238619641,-1.7043552732939964
8258.0,15.314200737,15.314200737,-1.185094335483533
8262.0,67.60600216645,67.60600216645,-1.7723977818726213
82646.0,28.6746539319,28.6746539319,-1.45725853305107
8265.0,13.75014454395,13.75014454395,-1.1083718261433635
8266.0,14.5430184639,14.5430184639,-1.1626545555027012
8268.0,9.5213823879,9.5213823879,-0.8825816991087806
8269.0,5.26945561605,5.26945561605,-0.7208576492530734
82703.0,14.661353794,14.661353794,-1.1616152362770031
8271.0,9.141695584,9.141695584,-0.9610267553048549
8272.0,19.8411213565,19.8411213565,-1.2630391163261359
82728.0,11.74430112595,11.74430112595,-1.0115726985235565
82751.0,7.1865438959,7.1865438959,-0.856520082622228
8282.0,19.87197673,19.87197673,-1.2868709438205026
8285.0,18.82303521,18.82303521,-1.1872577217082152
8289.0,14.976704667949999,14.976704667949999,-1.1652314863607636
82916.0,17.5,17.5,-1.2430380486862944
82917.0,59.9634496039,59.9634496039,-1.7739225932325948
8293.0,20.326646376,20.326646376,-1.3080657317841682
8294.0,10.89370051795,10.89370051795,-1.0305123975429633
8295.0,16.329779748,16.329779748,-1.2129803271204216
8298.0,6.4087207179,6.4087207179,-0.787402609125904
8303.0,20.2718751279,20.2718751279,-1.2897085249874634
8305.0,15.10974504595,15.10974504595,-1.1785532591057053
83050.0,28.82979143,28.82979143,-1.4576683424022174
83063.0,24.8357159719,24.8357159719,-1.3950766844908293
8307.0,11.802413104,11.802413104,-1.0243538845171163
8310.0,16.429551304,16.429551304,-1.215625702883768
8313.0,20.130891624,20.130891624,-1.286080008952458
8314.0,11.7703917399,11.7703917399,-1.0707909171888685
83201.0,16.544173444,16.544173444,-1.2186450744468074
8326.0,14.97844626,14.97844626,-1.1754526717584743
83268.0,28.16978617295,28.16978617295,-1.4163023740208864
8330.0,14.07768986595,14.07768986595,-1.1481335501359304
83322.0,30.1117811719,30.1117811719,-1.4787364456571777
833466.0,15.538508510049999,15.538508510049999,-1.1794128929712153
8341.0,24.223423634950002,24.223423634950002,-1.3839641523740358
8342.0,25.375495336,25.375495336,-1.404414528540653
8343.0,13.804469892,13.804469892,-1.1400197338728137
8344.0,27.2102357479,27.2102357479,-1.3625740589236088
8345.0,45.9565530335,45.9565530335,-1.6623474470251691
8346.0,12.637574992000001,12.637574992000001,-1.1006646938910032
8348.0,3.915048836,3.915048836,-0.592737183781711
83511.0,16.5546910079,16.5546910079,-1.218921079088913
83572.0,13.570085562100001,13.570085562100001,-1.1260370927291152
8359.0,27.740521952,27.740521952,-1.4423959898842698
8360.0,15.9647357238,15.9647357238,-1.203161733733884
8361.0,33.16113914745,33.16113914745,-1.4518112301247301
8362.0,18.89782197,18.89782197,-1.2741612752812006
8363.0,29.410238296,29.410238296,-1.4684985433856341
8364.0,26.737949764,26.737949764,-1.4128811256971354
83648.0,20.81075099195,20.81075099195,-1.3172018342411866
8365.0,7.735278437949999,7.735278437949999,-0.8692059040361919
83656.0,30.194562572,30.194562572,-1.4799287423747816
8366.0,24.10070497195,24.10070497195,-1.3598433506175938
8368.0,8.632209864,8.632209864,-0.9360949537572222
8369.0,24.731125718,24.731125718,-1.393067173655369
8370.0,5.1493783339500006,5.1493783339500006,-0.6765609032828774
8371.0,30.905770947999997,30.905770947999997,-1.4899485285972396
8372.0,10.152717456,10.152717456,-1.006582300198959
8373.0,21.92676851,21.92676851,-1.3366120355735538
8374.0,20.2526451679,20.2526451679,-1.3064817538123696
8375.0,9.038812348,9.038812348,-0.9561113702325957
83823.0,26.53414824405,26.53414824405,-1.4238008235013377
8385.0,13.333177156,13.333177156,-1.124933649556952
83887.0,40.1543843873,40.1543843873,-1.6023466736679657
8390.0,14.06057995595,14.06057995595,-1.1478869059574834
8391.0,14.88851777,14.88851777,-1.0230198274134554
8394.0,11.23505724,11.23505724,-1.0505752893900224
8395.0,22.926864592,22.926864592,-1.3603446660034242
83975.0,18.739914324,18.739914324,-1.2727676010288627
8398.0,18.304269888,18.304269888,-1.2625524106315609
8400.0,14.477580763949998,14.477580763949998,-1.1440014378703678
8404.0,19.088319792,19.088319792,-1.2807677022450412
8405.0,11.0576809639,11.0576809639,-1.0436640555234498
8407.0,7.63866087405,7.63866087405,-0.8830125707870871
84098.0,11.322506371900001,11.322506371900001,-1.0355656759055072
8411.0,9.8166283959,9.8166283959,-0.9919623512813683
8413.0,17.783567664,17.783567664,-1.2500188916937773
8418.0,14.7352998319,14.7352998319,-1.166945907976966
8419.0,16.729761936,16.729761936,-1.2234897610091875
8420.0,11.319159612,11.319159612,-1.0538141839706723
8422.0,29.6244960959,29.6244960959,-1.4716509718576116
8425.0,17.2545296079,17.2545296079,-1.2369031240750288
8427.0,22.6561305159,22.6561305159,-1.355185737871076
8428.0,31.893132508,31.893132508,-1.503697177258849
8432.0,11.916865864,11.916865864,-1.0761620509625813
8433.0,12.936477652,12.936477652,-1.111816042597027
8434.0,18.19892685205,18.19892685205,-1.2600248797706943
8437.0,15.410511674,15.410511674,-1.180972111235088
8438.0,20.1941114999,20.1941114999,-1.305224749846723
8439.0,21.006464796,21.006464796,-1.322352970598586
8441.0,28.7033149839,28.7033149839,-1.435887871133756
8442.0,7.8726144520000005,7.8726144520000005,-0.8681015294354544
8443.0,12.534766316,12.534766316,-1.0981162418747927
8445.0,13.688161025949999,13.688161025949999,-1.1349888155526182
8446.0,6.30886774,6.30886774,-0.7999514228901712
8447.0,17.03423427805,17.03423427805,-1.2073884289184513
8449.0,20.5420922639,20.5420922639,-1.312644675502267
8452.0,11.64672406395,11.64672406395,-1.0651054504832271
8453.0,21.350781874,21.350781874,-1.3174669764031315
8454.0,10.003477481900001,10.003477481900001,-0.8993166170800337
8455.0,13.227356782,13.227356782,-1.1184381624723287
8456.0,6.3314134879,6.3314134879,-0.8015006770737337
8458.0,20.304656252,20.304656252,-1.2976097319483668
84605.0,6.8535868939,6.8535868939,-0.8179011926334829
8461.0,25.640779136,25.640779136,-1.4089312177783078
8462.0,17.852377456,17.852377456,-1.25169606063124
84658.0,10.448628789899999,10.448628789899999,-1.0097105616049835
8467.0,25.556796961,25.556796961,-1.4074978591151601
84677.0,29.076198736,29.076198736,-1.4635376286007724
8469.0,26.579403088,26.579403088,-1.4245452234653033
8471.0,10.61828194995,10.61828194995,-0.9288695902401289
8472.0,15.637030516,15.637030516,-1.1941542837009098
8474.0,19.4247452605,19.4247452605,-1.2883553320966536
8478.0,15.190471912,15.190471912,-1.1815712660019575
8480.0,10.239051073950002,10.239051073950002,-1.0018633890103439
8481.0,13.4432266799,13.4432266799,-1.1285035217748411
8486.0,16.6324947274,16.6324947274,-1.2209573944441685
84872.0,10.174331816,10.174331816,-1.0075058971942858
8489.0,28.5867790079,28.5867790079,-1.4561652243366534
8494.0,41.0609234079,41.0609234079,-1.6134287118744695
8495.0,14.955590848,14.955590848,-1.174803575304964
8496.0,14.7175086679,14.7175086679,-1.16751423429869
8497.0,15.39713090995,15.39713090995,-1.1436191521764942
8499.0,24.5140864239,24.5140864239,-1.389415712860514
8500.0,11.346153848,11.346153848,-1.0548486680780098
8502.0,10.3045917,10.3045917,-1.013030788356867
85025.0,13.590484852,13.590484852,-1.1332349508305068
8505.0,27.691363797949997,27.691363797949997,-1.4422966936894528
85069.0,7.5702875519,7.5702875519,-0.8791123761753199
8515.0,25.545793023999998,25.545793023999998,-1.4070957365125756
85178.0,21.552173284000002,21.552173284000002,-1.2898520491479424
85192.0,6.6098681799,6.6098681799,-0.8201927984700754
8520.0,6.1792437519500005,6.1792437519500005,-0.7855187599245589
85335.0,35.6255412514,35.6255412514,-1.551761471211955
8540.0,17.13744670295,17.13744670295,-1.2130773401694954
854019.0,15.346081923949999,15.346081923949999,-1.1819536859474433
854026.0,9.54711698,9.54711698,-0.9798722439702914
8546.0,45.7863158106,45.7863158106,-1.660735699489746
8549.0,9.4103226079,9.4103226079,-0.9736045123145222
8550.0,18.0659733399,18.0659733399,-1.256861365005068
8554.0,20.1090259625,20.1090259625,-1.3033910348256672
85557.0,24.337859908,24.337859908,-1.383751377626817
85576.0,14.2631879999,14.2631879999,-1.1537625922018768
8559.0,10.3950243641,10.3950243641,-1.0168255115781937
8560.0,11.8828570719,11.8828570719,-1.0749208734213174
8561.0,7.637717948,7.637717948,-0.8829636163456317
8567.0,20.29981072595,20.29981072595,-1.3028402198698181
85689.0,17.402825476,17.402825476,-1.240619764892758
8569.0,19.010454628,19.010454628,-1.2789925029817408
8570.0,15.4865346641,15.4865346641,-1.1899542489647035
8571.0,29.961606343150002,29.961606343150002,-1.4760067685004166
8572.0,49.0445498961,49.0445498961,-1.6902942851861997
8575.0,23.4490355879,23.4490355879,-1.370124985751904
85821.0,11.58359627195,11.58359627195,-1.0636619244087693
85862.0,36.609511232,36.609511232,-1.5635939307208562
8588.0,13.3250480359,13.3250480359,-1.1246687833037656
8593.0,18.85148195885,18.85148195885,-1.2753443031483467
8594.0,21.474713096000002,21.474713096000002,-1.3156898291667956
85983.0,8.5878845841,8.5878845841,-0.9338861991520413
86013.0,46.8176130981,46.8176130981,-1.6702190023442385
86015.0,11.847978508,11.847978508,-1.0736442577122176
8606.0,20.8778636676,20.8778636676,-1.3034706580756215
8607.0,27.82682162195,27.82682162195,-1.4436991417216987
8609.0,19.86114269645,19.86114269645,-1.274771230624159
86102.0,8.546317028,8.546317028,-0.9317789990542263
86137.0,12.6409437799,12.6409437799,-1.101779499824645
86138.0,44.0265928135,44.0265928135,-1.6437150770209246
8614.0,5.0588139479,5.0588139479,-0.7040487073021812
8615.0,13.593737008,13.593737008,-1.13333886356482
86160.0,25.12290621,25.12290621,-1.4000641583231517
8617.0,15.6403527499,15.6403527499,-1.0458858697593965
86171.0,6.7244793279,6.7244793279,-0.8276586628344393
86173.0,24.1533507919,24.1533507919,-1.3829773888964554
8621.0,17.093472254,17.093472254,-1.216967277642441
86211.0,20.32201464,20.32201464,-1.3079667598945728
86222.0,14.6278202019,14.6278202019,-1.1486627853400058
86233.0,15.37891927245,15.37891927245,-1.186862170161172
86266.0,17.7772154159,17.7772154159,-1.2498637350246649
86287524.0,22.289772412,22.289772412,-1.3481056341726045
86296.0,27.669753332,27.669753332,-1.4420052875461287
86298.0,10.2202754599,10.2202754599,-0.9863682006286132
863.0,7.5077303318,7.5077303318,-0.8755086649196738
8630.0,24.5053065159,24.5053065159,-1.389260139100493
86302.0,12.77768530995,12.77768530995,-1.1039073902132417
8633.0,17.5257572759,17.5257572759,-1.2436767926095487
8635.0,11.486642312,11.486642312,-1.0601930975761642
86354.0,27.038676856,27.038676856,-1.4319854354871404
86356.0,33.7436276025,33.7436276025,-1.5281917695115872
86367.0,19.6989945599,19.6989945599,-1.29444406026156
86369.0,33.70145535005,33.70145535005,-1.5276314331021905
8638.0,41.32217308135,41.32217308135,-1.574944943376793
864.0,34.32687756,34.32687756,-1.535634300945847
8640.0,7.226763856,7.226763856,-0.8589438638072969
86418.0,8.5083505599,8.5083505599,-0.9298453753413742
86429.0,14.1018310479,14.1018310479,-1.1492755071496832
86472.0,8.2334966039,8.2334966039,-0.9155843107023239
8651.0,8.086579768,8.086579768,-0.8875071478421094
8657.0,37.156090032,37.156090032,-1.570030006536115
86583.0,14.761669404,14.761669404,-1.1691354748276526
86607.0,17.68659792395,17.68659792395,-1.2454299789993923
8663.0,18.24573307795,18.24573307795,-1.2609312694687786
8667.0,25.00011636995,25.00011636995,-1.3978854997063124
867.0,19.3998441279,19.3998441279,-1.2877982405145114
8673.0,8.120187192,8.120187192,-0.90956604100418
86736.0,8.4790209799,8.4790209799,-0.9283457098542628
86749.0,10.8352040619,10.8352040619,-1.034202966016439
86751.0,18.492611204,18.492611204,-1.2669982389807242
8679.0,17.196570862,17.196570862,-1.2316986461565187
8689.0,14.4201321079,14.4201321079,-1.1589692391260715
8691.0,18.8472859441,18.8472859441,-1.275248819562252
8693.0,27.0845693001,27.0845693001,-1.4327219338099795
8695.0,10.1460695879,10.1460695879,-1.0062978366466069
8697.0,35.5405498618,35.5405498618,-1.5507241426616925
8698.0,4.81514944,4.81514944,-0.6826097701646555
8706.0,38.6727542003,38.6727542003,-1.5874051028048508
8708.0,8.24204032,8.24204032,-0.9160347347591444
8712.0,12.202713563949999,12.202713563949999,-1.0797421985992397
87146.0,6.7500855041,6.7500855041,-0.8293092741234129
8715.0,21.8967744139,21.8967744139,-1.3115016285161207
87154.0,10.0007108799,10.0007108799,-1.0000308720244846
8717.0,27.423136108,27.423136108,-1.438117119181331
8722.0,56.0202405051,56.0202405051,-1.7483449689968957
8723.0,28.1230827119,28.1230827119,-1.449062924149644
87244.0,14.07370573795,14.07370573795,-1.1245110387950663
87250.0,21.43652189195,21.43652189195,-1.3267256588754708
8732.0,22.6856377559,22.6856377559,-1.3557509929903928
87323.0,47.112322041,47.112322041,-1.6731345099852246
8736.0,152.2452896051,152.2452896051,-2.1825438646536237
87367.0,10.64954024,10.64954024,-1.0273308588976653
8738.0,10.000810376,10.000810376,-1.0000351927565576
8739.0,8.1528120279,8.1528120279,-0.9113074292997609
87391.0,25.95546944,25.95546944,-1.414228888092845
87425.0,15.6820848239,15.6820848239,-1.1954037986116661
8748.0,12.1230530799,12.1230530799,-1.083612006693054
875.0,11.9545141159,11.9545141159,-1.0775319291701757
8758.0,13.33698356995,13.33698356995,-1.1201183507339805
87587.0,18.46339017595,18.46339017595,-1.2663107618540352
876.0,31.222104738,31.222104738,-1.3993864870343584
8765.0,13.108979896,13.108979896,-1.1175688974280535
8766.0,15.4800503279,15.4800503279,-1.1897723683038328
8777.0,5.2984259639,5.2984259639,-0.7241468702192014
87820.0,11.8295713479,11.8295713479,-1.072969007974128
8783.0,13.775755878,13.775755878,-1.138935132444789
8785.0,17.8470147199,17.8470147199,-1.2394013120913654
8795.0,25.606833708,25.606833708,-1.4082517032284252
8796.0,11.344914561949999,11.344914561949999,-1.054614968056369
8797.0,7.24103778,7.24103778,-0.8598008134110618
8798.0,11.3652526239,11.3652526239,-1.0555790935538554
87984.0,24.1234019119,24.1234019119,-1.3824385525305756
8800.0,11.4126979399,11.4126979399,-1.0573883229376095
88043.0,10.6360284357,10.6360284357,-0.9892422876373153
88045.0,12.623743567950001,12.623743567950001,-1.1011878776470332
8805.0,53.5294566743,53.5294566743,-1.7285928353028992
88069.0,35.67023849275,35.67023849275,-1.4615730436874543
8809.0,10.945362856,10.945362856,-1.039230163687996
8813.0,14.115373636,14.115373636,-1.1496923784734017
8814.0,9.33361486,9.33361486,-0.9700498762976173
8815.0,12.068212976,12.068212976,-1.0816429658620341
8816.0,19.180766176,19.180766176,-1.2748037395192817
8821.0,12.6100940599,12.6100940599,-1.0994081920673036
88267.0,14.3453939639,14.3453939639,-1.156712479664515
8827.0,11.53708200195,11.53708200195,-1.0599279201416207
8830.0,8.1899688599,8.1899688599,-0.9132822504784519
8831.0,14.7743357389,14.7743357389,-1.1695079639075816
8834.0,6.0425746559,6.0425746559,-0.7812220248132619
8835.0,14.833546728,14.833546728,-1.171245004045061
8836.0,9.192544452,9.192544452,-0.9243453897490321
88365.0,11.694011715950001,11.694011715950001,-1.0592044548519925
8840.0,5.7881857359,5.7881857359,-0.7625424586567858
8842.0,11.708997971999999,11.708997971999999,-1.0379371867533527
8843.0,16.4883467639,16.4883467639,-1.217177112448054
88454.0,16.3609316959,16.3609316959,-1.213808031539879
8846.0,14.23170155195,14.23170155195,-1.1529606305819882
8855.0,15.904037808,15.904037808,-1.2015073994844663
8857.0,11.9794782481,11.9794782481,-1.0784379032865534
8858.0,19.647817908,19.647817908,-1.2903034447612625
8861.0,30.2347746679,30.2347746679,-1.4805067362675008
8868.0,16.5907812159,16.5907812159,-1.2198668362815381
887.0,17.1412818119,17.1412818119,-1.2340432950096003
8870.0,8.3673934039,8.3673934039,-0.9225901883865041
8872.0,11.57734018,11.57734018,-1.0625357532914554
88735.0,15.707690368,15.707690368,-1.1961123318144253
8878.0,5.806376048000001,5.806376048000001,-0.7566925654685
8880.0,19.8987470759,19.8987470759,-1.2988257319296397
8881.0,16.712623412550002,16.712623412550002,-1.2025754169489162
8883.0,17.20216515395,17.20216515395,-1.1377884798669364
88855.0,39.5236350065,39.5236350065,-1.594296265886086
8888.0,12.0386432199,12.0386432199,-1.080577543789435
88898.0,13.9864622361,13.9864622361,-1.1457078770624007
8892.0,7.1190411159,7.1190411159,-0.8524215012045845
8893.0,20.323122116,20.323122116,-1.3079904267218563
8896.0,31.0080264947,31.0080264947,-1.4692832182355322
8900.0,37.419690852900004,37.419690852900004,-1.5380525188985072
8902.0,6.3308970759,6.3308970759,-0.8014652530678253
8906.0,16.00180546,16.00180546,-1.2041689862233709
8907.0,8.16577141195,8.16577141195,-0.9045455528033357
8908.0,10.123733951950001,10.123733951950001,-0.9980037630649337
8909.0,13.1845244619,13.1845244619,-1.1142451261857091
8914.0,20.4457931199,20.4457931199,-1.3106039620860104
8916.0,6.945914,6.945914,-0.8417294018430619
8918.0,14.6143504121,14.6143504121,-1.1647795163263568
8919.0,9.8831756881,9.8831756881,-0.9948965156618028
892.0,10.439435764,10.439435764,-1.0186770263287606
8920.0,25.9898279799,25.9898279799,-1.4148034050251588
8923.0,29.029780564,29.029780564,-1.4628437530137572
8924.0,13.49312335195,13.49312335195,-1.130071233142987
8926.0,11.153712316,11.153712316,-1.0474194386865643
89385.0,5.7612643279,5.7612643279,-0.7605178011968284
89440.0,12.821065892,12.821065892,-1.1079241321852236
8946.0,16.279447652050003,16.279447652050003,-1.2108541664290846
8955.0,5.7926724879,5.7926724879,-0.7628789746032046
89594.0,9.6106138719,9.6106138719,-0.9827511288406674
896.0,12.4165214519,12.4165214519,-1.0939999431962755
8961.0,33.5166945202,33.5166945202,-1.5242039911810348
8969.0,3.18341706,3.18341706,-0.502893539340882
89753.0,34.57797682495,34.57797682495,-1.5349609861975684
8980.0,19.8015125919,19.8015125919,-1.2966983662829943
8981.0,9.782378108,9.782378108,-0.9904444451387495
8995.0,5.2377383,5.2377383,-0.7191437954055153
89953.0,17.955084052,17.955084052,-1.2541874425021562
9001.0,12.10868411,12.10868411,-0.9838303941480437
90038.0,12.044282947949998,12.044282947949998,-1.080596878344064
9005.0,6.8140273559,6.8140273559,-0.8334038727734744
90098.0,14.1184210519,14.1184210519,-1.1497861296626557
9013.0,7.0838233799,7.0838233799,-0.8502677244419424
9015.0,21.017246688,21.017246688,-1.3225758217527304
9016.0,19.530202164,19.530202164,-1.2907067388462374
90202.0,18.512670422,18.512670422,-1.1351411546223522
9024.0,13.039977466,13.039977466,-1.109025598691674
9025.0,11.4017913039,11.4017913039,-1.056973087501817
90255.0,9.3391611779,9.3391611779,-0.9628346928951799
90258.0,11.439580428,11.439580428,-1.0584100960351572
90263.0,18.4565606319,18.4565606319,-1.2092233930805791
90282.0,14.876436216,14.876436216,-1.1724989045231922
904.0,4.7222984199,4.7222984199,-0.6741534283210119
9046.0,12.0304197579,12.0304197579,-1.070208547741217
9047.0,9.949671532,9.949671532,-0.9978087436407471
90473.0,22.82530533,22.82530533,-1.3557447970506598
90479.0,15.265385438,15.265385438,-1.0986362415131004
9048.0,4.07347876,4.07347876,-0.6099654561471294
904857.0,18.4835499552,18.4835499552,-1.1617025386854385
90509.0,6.9183895479,6.9183895479,-0.8400050118183285
90547.0,13.476900310000001,13.476900310000001,-1.1285389770216014
90551.0,12.251733996,12.251733996,-1.0881975590353303
90558.0,44.5774964032,44.5774964032,-1.6491156736370984
90571.0,23.2031120239,23.2031120239,-1.3655462367947224
90592.0,10.776209991950001,10.776209991950001,-1.0027715662823262
9060.0,22.93289835395,22.93289835395,-1.3603568940955393
90613.0,6.775524656,6.775524656,-0.8309429300089672
9068.0,15.2413264799,15.2413264799,-1.183022766073886
9074.0,39.3235858795,39.3235858795,-1.5946531138567375
9076.0,14.19952069195,14.19952069195,-1.1446952954771616
90818.0,13.147752406,13.147752406,-1.1187383982783188
9082.0,7.1109841719,7.1109841719,-0.8519297119598935
90960.0,15.10875338445,15.10875338445,-1.108727163942432
9117.0,26.353956605,26.353956605,-1.409649626999295
91273.0,42.070461959,42.070461959,-1.6239772808580484
91274.0,22.284820486,22.284820486,-1.3480069777608414
9128.0,44.7189455121,44.7189455121,-1.643031600934989
91333.0,26.342917149999998,26.342917149999998,-1.4178936380547316
91410.0,10.05138392195,10.05138392195,-0.9879050019822888
91442.0,25.2471509639,25.2471509639,-1.402212376891607
91465.0,16.32026534995,16.32026534995,-1.1927441538389423
9147.0,11.7874529299,11.7874529299,-1.0714199715078019
91500.0,11.81964004595,11.81964004595,-1.0692524294145154
91505.0,14.59499898,14.59499898,-1.1642040689725164
91511.0,26.132152912,26.132152912,-1.4097115416987043
9153.0,74.6682170566,74.6682170566,-1.8731357812770328
91538.0,16.122514892,16.122514892,-1.2074327867574917
9154.0,36.0,36.0,-1.5563025007672873
91555.0,27.6389212665,27.6389212665,-1.4360504862056085
9158.0,242.92743178045,242.92743178045,-2.37009439405817
91593.0,37.986843839,37.986843839,-1.5796332114213274
91604.0,8.9493112619,8.9493112619,-0.9288758863409001
9161.0,17.498129488,17.498129488,-1.2429916260315645
91610.0,8.37039594395,8.37039594395,-0.919386905106131
9164.0,13.36444972005,13.36444972005,-1.124910261112615
91649.0,24.60687376,24.60687376,-1.391025401093166
91650.0,13.896817434,13.896817434,-1.1408825778468545
91655.0,14.431858012,14.431858012,-1.1593222474076614
91664.0,11.5597427,11.5597427,-1.0629481675435242
91670.0,64.7865243973,64.7865243973,-1.8095528703710775
91677.0,15.1313915759,15.1313915759,-1.1798788702534329
91683.0,9.447426102,9.447426102,-0.9629451275830292
91688.0,12.6600888759,12.6600888759,-1.1024367545105196
91692.0,11.609693664,11.609693664,-1.0648207604974365
91697.0,8.6189229759,8.6189229759,-0.9354529996011478
91699.0,46.6837315405,46.6837315405,-1.6691655629405506
91707.0,28.318252356,28.318252356,-1.4520664476206473
91708.0,20.0411252639,20.0411252639,-1.3019221025336618
9171.0,15.498908836,15.498908836,-1.1835083422173378
91727.0,26.64522095195,26.64522095195,-1.4222369711785294
91734.0,19.84025314595,19.84025314595,-1.2940610053974133
91735.0,14.0,14.0,-1.146128035678238
91739.0,23.10651182595,23.10651182595,-1.28019476283681
91741.0,23.2125196005,23.2125196005,-1.3657222834634166
91742.0,17.384386908,17.384386908,-1.2401593791051237
91744.0,15.0396797519,15.0396797519,-1.1756989911712885
91746.0,21.990169208,21.990169208,-1.342206277924664
91747.0,9.010849884,9.010849884,-0.9547657546332866
91749.0,30.86064822195,30.86064822195,-1.4890467944864465
91753.0,10.01612750395,10.01612750395,-0.9720858914047208
91754.0,23.994422716,23.994422716,-1.3801103056636639
91758.0,37.170227025,37.170227025,-1.5701952136489585
91759.0,11.100904841950001,11.100904841950001,-1.0305089019218254
91766.0,15.784705368,15.784705368,-1.1982364799092
91768.0,14.88874154245,14.88874154245,-1.1233722623376758
91770.0,8.372217332,8.372217332,-0.9228404935394702
91773.0,10.649802616,10.649802616,-1.0273415586126526
91778.0,26.4601297224,26.4601297224,-1.4225919690118904
91783.0,20.62974025935,20.62974025935,-1.3114834711968046
91822.0,15.376823656,15.376823656,-1.1868666338309288
919792.0,25.5350543805,25.5350543805,-1.4071367870838998
91984.0,24.860074948,24.860074948,-1.395502433615914
9207.0,11.09321473595,11.09321473595,-1.0289016372124975
92088.0,19.9161126089,19.9161126089,-1.2992045731811295
92094.0,34.8503464359,34.8503464359,-1.5422070996349433
92140.0,17.41673892995,17.41673892995,-1.2407413756627306
92151.0,14.660526104,14.660526104,-1.1661495555687107
92159.0,10.263798231900001,10.263798231900001,-0.977645735586367
9216.0,17.83815036795,17.83815036795,-1.2507103949259513
92163.0,16.89214103395,16.89214103395,-1.221707730180539
9217.0,10.39563146595,10.39563146595,-1.008785692590719
92178.0,27.776377995449998,27.776377995449998,-1.4187384040355797
9223.0,12.4059456241,12.4059456241,-1.093629873297989
92238.0,19.4696347559,19.4696347559,-1.2893578043713398
92251.0,22.058782464,22.058782464,-1.3435815378521874
92292.0,12.43007629995,12.43007629995,-1.0640475713639086
92299.0,11.99363699795,11.99363699795,-0.905461108561472
92363.0,17.3570537997,17.3570537997,-1.2110939546917672
9237.0,23.4760987871,23.4760987871,-1.3706259283505726
92386.0,12.165512651950001,12.165512651950001,-1.0511487164039675
92387.0,5.44437987395,5.44437987395,-0.6928431362302904
92421.0,22.260523317999997,22.260523317999997,-1.2989234437692216
92425.0,9.5771164999,9.5771164999,-0.9812347703850192
92431.0,9.56596813,9.56596813,-0.9611641653793266
9246.0,17.843171656,17.843171656,-1.2514720535306572
9257.0,10.9184818199,10.9184818199,-1.0381622553030396
9261.0,6.9812143319499995,6.9812143319499995,-0.8157958285811808
92629.0,17.230893332,17.230893332,-1.2363077939367602
92667.0,6.279926992,6.279926992,-0.7979545948270305
9268.0,31.95285528,31.95285528,-1.5027198470968761
9270.0,14.181354211950001,14.181354211950001,-1.1389544254516495
92727.0,36.5763818519,36.5763818519,-1.563200742707626
92729.0,8.8272808759,8.8272808759,-0.9458269456552844
9274.0,5.906575976,5.906575976,-0.7713357946442704
9275.0,20.9474249559,20.9474249559,-1.3211306432365453
92786.0,16.252800884,16.252800884,-1.2109282147700526
9279.0,15.915713749950001,15.915713749950001,-1.1985101613067457
9280.0,13.4664542059,13.4664542059,-1.1282150643959534
92806.0,8.446785468,8.446785468,-0.9266914640835623
92821.0,11.8229302279,11.8229302279,-1.0727251266378384
92822.0,39.570304733,39.570304733,-1.5973693948035754
92839.0,22.9774522559,22.9774522559,-1.3609107873113317
92874.0,23.7126439799,23.7126439799,-1.3749799808808514
92876.0,6.36677174,6.36677174,-0.8039192799195277
92884.0,21.15302736,21.15302736,-1.301932216580512
92888.0,45.8524276425,45.8524276425,-1.6613623342008312
92897.0,9.564948096,9.564948096,-0.980682617679368
929262.0,6.0656758959,6.0656758959,-0.7828792011637953
92938.0,15.815452148,15.815452148,-1.1990816124752277
92942.0,9.41548792995,9.41548792995,-0.9331478399070483
9296.0,10.177673996,10.177673996,-1.0076485357487341
92965.0,9.723682421949999,9.723682421949999,-0.9840848427659291
92968.0,9.324392136,9.324392136,-0.969620529425961
9298.0,21.875372772,21.875372772,-1.3399554624460406
9300.0,10.383990520000001,10.383990520000001,-1.001621625331725
93011.0,36.91288127055,36.91288127055,-1.5603329019634553
93012.0,15.97443427395,15.97443427395,-1.131514267543916
9305.0,22.31923707475,22.31923707475,-1.2877773926392662
93095.0,13.12382158995,13.12382158995,-1.118031766151363
93098.0,6.147087652,6.147087652,-0.7886694058178685
931.0,11.400149370000001,11.400149370000001,-1.056788846977798
93118.0,9.75483762395,9.75483762395,-0.9891604128388267
93162.0,14.9192642599,14.9192642599,-1.173747406531815
93184.0,15.7867101239,15.7867101239,-1.1982916345110788
9324.0,17.1362895279,17.1362895279,-1.2339167912157853
93312.0,27.073638431950002,27.073638431950002,-1.4130667467957139
93365.0,13.469610284,13.469610284,-1.1174609882055455
93375.0,9.8575527359,9.8575527359,-0.9937691091385253
93379.0,28.2150066464,28.2150066464,-1.4504801569096044
93502.0,22.814650546,22.814650546,-1.3275711735742943
93504.0,7.501651696,7.501651696,-0.8751568958561802
9351.0,17.18197497795,17.18197497795,-1.2241972317389878
93516.0,4.5220665439,4.5220665439,-0.6553369488620474
9352.0,15.36553137,15.36553137,-1.186516944641376
93528.0,33.39995184565,33.39995184565,-1.5088253392605337
93541.0,10.6521643759,10.6521643759,-1.0274378595126346
93542.0,19.37682003995,19.37682003995,-1.2847209994718127
93573.0,5.48503205195,5.48503205195,-0.7382803823426922
936.0,16.603097877499998,16.603097877499998,-1.2178185327479798
9363.0,20.949232092,20.949232092,-1.3211681082417301
9370.0,28.618286269949998,28.618286269949998,-1.4560265142614672
9373.0,19.94960293195,19.94960293195,-1.2624769340717241
9377.0,13.659711236,13.659711236,-1.1339485791578352
938.0,12.0660624519,12.0660624519,-1.0815655688210424
9380.0,9.47339627,9.47339627,-0.9253429729182142
93858.0,55.3476568314,55.3476568314,-1.7430992395465634
9386.0,9.0594963779,9.0594963779,-0.9306547757501171
9395.0,15.31335504395,15.31335504395,-1.1522085927603314
9403.0,15.9773142479,15.9773142479,-1.2035037771465222
94037.0,16.6400534639,16.6400534639,-1.221154717329672
941361.0,9.943916907950001,9.943916907950001,-0.935831094895331
9414.0,18.7737668719,18.7737668719,-1.2735514205993996
9415.0,10.92776039995,10.92776039995,-1.0380241901834233
94154.0,18.167489164,18.167489164,-1.2592949098304052
94232.0,15.253275156,15.253275156,-1.1833631046311037
94280.0,18.079771056,18.079771056,-1.2571929267065238
94308.0,13.025163991900001,13.025163991900001,-1.112713324330094
94310.0,17.0,17.0,-1.2304489213782739
94314.0,16.697117616,16.697117616,-1.2226415063866463
94355.0,11.152552736,11.152552736,-1.0473742855249206
94377.0,23.5690452999,23.5690452999,-1.3723419911207337
94398.0,34.7008744469,34.7008744469,-1.540340418960279
94411.0,17.09249370195,17.09249370195,-1.174534758432669
9443.0,18.0990852379,18.0990852379,-1.2552425758051728
9444.0,10.124243198,10.124243198,-1.0053014853184248
9445.0,14.435709592,14.435709592,-1.1594381366279436
94483.0,20.53016152,20.53016152,-1.312392366173747
9454.0,21.1130804519,21.1130804519,-1.324551602595259
94544.0,16.7808064599,16.7808064599,-1.2248128285229727
9458.0,10.344347444,10.344347444,-1.0147030991188437
94617.0,13.26002983595,13.26002983595,-1.1209241895435906
9462.0,22.5043888561,22.5043888561,-1.35226722344969
94684.0,20.6494978279,20.6494978279,-1.3149094945772222
9473.0,24.5406805,24.5406805,-1.3898866013126379
9476.0,22.849584528,22.849584528,-1.3586052086552591
94785.0,31.470036656,31.470036656,-1.4978972487756053
9481.0,11.155629220000002,11.155629220000002,-0.9721518660668347
9483.0,18.320557508,18.320557508,-1.1875657500711625
94866.0,21.5900357839,21.5900357839,-1.3342533621460617
949.0,13.93111818805,13.93111818805,-1.1425502221450952
94932.0,14.140336276,14.140336276,-1.1504597376839807
9502.0,33.432728108,33.432728108,-1.5241718164343045
9509.0,5.795583182,5.795583182,-0.7191354030363211
95116.0,14.535404014,14.535404014,-1.1521946280167747
95170.0,24.013900206,24.013900206,-1.3722386432219111
9526.0,35.5198707994,35.5198707994,-1.5504713773990835
9528.0,12.9183250079,12.9183250079,-1.1112062066169441
95286.0,10.0552040179,10.0552040179,-0.9993853071152461
95402.0,25.314410476,25.314410476,-1.4033678179562663
95416.0,24.214208112,24.214208112,-1.384070270689509
95428.0,16.8735429039,16.8735429039,-1.2272062801034893
9548595.0,11.917366636,11.917366636,-1.0761803005551642
9549168.0,12.316095756,12.316095756,-1.0904730568258945
9554.0,16.430114978,16.430114978,-0.9955103897304012
9555.0,41.7233985774,41.7233985774,-1.5900179536624264
9556529.0,15.34711940995,15.34711940995,-1.1844785718817663
9561033.0,5.866557748,5.866557748,-0.7683833500464727
9562059.0,26.0142384799,26.0142384799,-1.4152111172273305
9562060.0,23.817531994,23.817531994,-1.3637659189375362
9564.0,18.31643987995,18.31643987995,-1.2197930318697954
9566064.0,7.7733106319,7.7733106319,-0.8906060230412046
9567.0,14.820445564,14.820445564,-1.170861260531144
9568.0,32.49782369595,32.49782369595,-1.5034914066256202
9568512.0,7.63209682595,7.63209682595,-0.8444201590574396
9568618.0,8.243958364,8.243958364,-0.9161357897143185
9568628.0,6.315815799899999,6.315815799899999,-0.8001565744322647
9568700.0,16.1447758599,16.1447758599,-1.208032020026187
9568808.0,13.9931077,13.9931077,-1.1459141767562357
957.0,30.285010584,30.285010584,-1.4812277297765037
9570076.0,4.5391967419,4.5391967419,-0.6559195322169744
9570093.0,13.80131794,13.80131794,-1.1399205608026517
9570281.0,14.6021180799,14.6021180799,-1.1644158560374938
9570290.0,12.147620285999999,12.147620285999999,-1.0840083471667268
9570327.0,17.10322051995,17.10322051995,-1.2112769157656502
9570475.0,13.3311871039,13.3311871039,-1.1248688238113305
9571009.0,7.7382304919,7.7382304919,-0.8886416615275707
9571018.0,22.687907204,22.687907204,-1.3557944371950934
9571075.0,8.133160156,8.133160156,-0.9102593243943582
95717.0,41.7178237804,41.7178237804,-1.6203216452766778
9574101.0,13.6140398479,13.6140398479,-1.1247715316561098
9574235.0,4.768931901949999,4.768931901949999,-0.6620790409893118
9576037.0,8.6762761839,8.6762761839,-0.8981294581521897
9576412.0,10.85560934205,10.85560934205,-1.0354210614975976
9578.0,15.059229148,15.059229148,-1.1778027417625505
9588170.0,17.78036296,17.78036296,-1.249940622208786
9589.0,10.47266836995,10.47266836995,-0.9819532390365335
9601227.0,22.24909644,22.24909644,-1.347312378503913
96088.0,58.810463632,58.810463632,-1.7694546031739395
96132.0,14.426623336,14.426623336,-1.1591646929681974
96170.0,13.3230393839,13.3230393839,-1.1246033117021776
9635.0,8.47378790195,8.47378790195,-0.8971077029101182
96359.0,16.57172266375,16.57172266375,-1.093260824909978
9639.0,8.62335113195,8.62335113195,-0.8367611067478913
96393.0,20.449744789900002,20.449744789900002,-1.253358813551832
96430.0,39.4414244071,39.4414244071,-1.560839842225711
96509.0,22.5443369561,22.5443369561,-1.346391874059095
967.0,8.73972609995,8.73972609995,-0.8932061159368265
9681.0,50.9783165218,50.9783165218,-1.7073854894823137
9687.0,23.4323066547,23.4323066547,-1.313972757053416
9690.0,16.98302478395,16.98302478395,-1.1942509172302682
969472.0,15.1781038239,15.1781038239,-1.1811900866259322
969491.0,13.5771539999,13.5771539999,-1.1297415470399206
969494.0,20.02257808805,20.02257808805,-1.267953265386291
969516.0,126.1044012744,126.1044012744,-2.099225932528263
970.0,22.872981411399998,22.872981411399998,-1.3417638300339148
97004.0,14.0580969961,14.0580969961,-1.0789840853400299
9703.0,16.462734436,16.462734436,-1.216501972543035
9707.0,38.6682370565,38.6682370565,-1.5635445078304133
9709.0,19.2684869264,19.2684869264,-1.2682929558046536
971.0,19.0363133819,19.0363133819,-1.2749871147042509
9719.0,21.464346824,21.464346824,-1.3317176771132158
97354.0,15.15141470195,15.15141470195,-1.1584455617638656
9740.0,29.578862696,29.578862696,-1.4709814714070872
97780.0,11.787248819950001,11.787248819950001,-1.0509523332689013
978.0,36.845322035,36.845322035,-1.5663823566903283
9787.0,17.12291684605,17.12291684605,-1.230426398915457
9794197.0,6.7256004841,6.7256004841,-0.8277310656690612
9795.0,11.563438746,11.563438746,-1.0578598763294955
97971.0,12.1547775599,12.1547775599,-1.084747015388985
9797360.0,20.0,20.0,-1.3010299956639813
9799979.0,22.122395576,22.122395576,-1.3448321537857097
980.0,46.0832358821,46.0832358821,-1.6623573104019225
9800972.0,19.439043351899997,19.439043351899997,-1.2358964657192386
9802545.0,3.7810538559,3.7810538559,-0.5776128633328115
9808.0,19.594761656,19.594761656,-1.2921399852362427
9809.0,9.6471561919,9.6471561919,-0.984399310008785
9811353.0,24.3324620174,24.3324620174,-1.3822390169910324
9818306.0,6.733615356,6.733615356,-0.828248304576904
9819350.0,81.46419283200001,81.46419283200001,-1.7353162941307403
9821217.0,6.8224364599,6.8224364599,-0.8339394996012509
9821849.0,20.662898016,20.662898016,-1.3151912321929433
9824131.0,6.18281985,6.18281985,-0.757752326319584
9826528.0,4.368795272,4.368795272,-0.6403616935253305
98282.0,19.125619848,19.125619848,-1.281615519235001
9828356.0,14.099049757949999,14.099049757949999,-1.147346714146963
9831581.0,33.4318407195,33.4318407195,-1.5228935041106242
9832750.0,15.4060941401,15.4060941401,-1.1876925473224735
9833444.0,12.183029273999999,12.183029273999999,-1.023582847477062
98356.0,19.75820083245,19.75820083245,-1.2908882773775885
9838712.0,17.343842866,17.343842866,-1.109035931242861
9839190.0,4.733569672,4.733569672,-0.6751887737513702
9842616.0,14.9891070199,14.9891070199,-1.1757757604078671
9843744.0,34.20982543595,34.20982543595,-1.4274537561840914
9844225.0,8.915199448,8.915199448,-0.9501310635177571
9845819.0,9.372941658,9.372941658,-0.9011841445417865
9849425.0,48.1329021734,48.1329021734,-1.6824420482531852
9849616.0,31.248944032,31.248944032,-1.4948353461977282
985.0,7.45813947395,7.45813947395,-0.8647397078026398
9850056.0,17.593295407200003,17.593295407200003,-1.2417241824170169
9850878.0,20.8509974239,20.8509974239,-1.319126834625607
9852176.0,13.0410156102,13.0410156102,-1.0227337048325433
9853654.0,8.4520735599,8.4520735599,-0.9269632681388702
9857035.0,14.5228137599,14.5228137599,-1.162050768017692
98613.0,20.13820193995,20.13820193995,-1.296275736039453
9862.0,6.822573272,6.822573272,-0.833948208534591
9862076.0,39.9591312018,39.9591312018,-1.6016160371523949
9862176.0,10.88457105,10.88457105,-0.9232452033139238
9864.0,18.3781730959,18.3781730959,-1.261309100210271
9865233.0,160.8814442273,160.8814442273,-2.2065059562531046
9865514.0,3.851148952,3.851148952,-0.5855903162806522
9865929.0,19.314746054,19.314746054,-1.2764797860987311
9866250.0,36.62030856405,36.62030856405,-1.5633263680446738
9867605.0,14.9438317434,14.9438317434,-1.1744619690757736
9868041.0,25.0877222079,25.0877222079,-1.3994612321617075
9869105.0,5.780018252,5.780018252,-0.7619292098271672
9869142.0,8.8274671079,8.8274671079,-0.9458361080098001
98723.0,6.2439862559,6.2439862559,-0.7954619384337243
9872438.0,22.72865273995,22.72865273995,-1.3449629152299178
9873.0,7.3397025081,7.3397025081,-0.8656784575034158
9878.0,11.5834703759,11.5834703759,-0.8745186497294892
9880.0,14.96689958,14.96689958,-1.1732275937239491
9881626.0,9.3263044559,9.3263044559,-0.9697095888322971
9882837.0,6.9674736159,6.9674736159,-0.8430753328226241
9883104.0,34.8025498999,34.8025498999,-1.5416110648341221
9883259.0,11.70157893395,11.70157893395,-1.0581252417208549
9884915.0,36.98089174,36.98089174,-1.5679773793242882
9885850.0,22.76849832,22.76849832,-1.3573343879781705
9885981.0,355.2806918882,355.2806918882,-2.550547239878703
9887053.0,24.719052738000002,24.719052738000002,-1.3911901272806184
9890250.0,12.202009,12.202009,-1.086431340984913
9895.0,5.538054336,5.538054336,-0.7433572124621387
9903.0,16.96179836995,16.96179836995,-1.16046433149346
9904.0,22.8170583615,22.8170583615,-1.3582596532409776
9906942.0,4.556232788,4.556232788,-0.6586059050385674
9907412.0,18.7430983599,18.7430983599,-1.2728413842776392
9908126.0,23.8830617319,23.8830617319,-1.3780900011857398
9909677.0,17.15947357395,17.15947357395,-1.1619272215275083
991.0,16.44147917195,16.44147917195,-1.2125425617384877
9910393.0,12.13514054395,12.13514054395,-1.0784238947115026
9910986.0,21.83310206,21.83310206,-1.3391154449088634
9912.0,11.8054828979,11.8054828979,-1.0559194303648864
992.0,40.1561775053,40.1561775053,-1.6037523653081458
9920342.0,5.4794285239,5.4794285239,-0.7342424421582688
9920715.0,20.627011932,20.627011932,-1.3144363198086746
9927058.0,8.0201370519,8.0201370519,-0.9041817897773482
9928181.0,15.74040583395,15.74040583395,-1.139990822863207
9930121.0,12.81441266595,12.81441266595,-1.1071343964603528
9930932.0,21.26613699285,21.26613699285,-1.3216947458101154
9931156.0,12.2157853879,12.2157853879,-1.0869213942456875
9932000.0,8.7845643359,8.7845643359,-0.9437202278453951
9934458.0,24.228613092,24.228613092,-1.3843285547181774
9935274.0,20.996756796,20.996756796,-1.322152217858887
9936727.0,14.7241705999,14.7241705999,-1.1680308407065743
9938056.0,17.4987664299,17.4987664299,-1.2372311076443723
994.0,27.2857111959,27.2857111959,-1.4359352780542791
9940086.0,18.6398177599,18.6398177599,-1.2704416619741477
9941647.0,14.52126127195,14.52126127195,-1.1315584426514083
9948.0,10.941437898,10.941437898,-1.0383850578528557
9949821.0,29.80946043195,29.80946043195,-1.473532603521387
995.0,15.4530088559,15.4530088559,-1.189013053488315
9952220.0,13.75789086395,13.75789086395,-1.1376376664902614
9954082.0,46.889934092,46.889934092,-1.6710796222995055
9954540.0,7.4517498279,7.4517498279,-0.8722582662206728
9955578.0,5.583662744,5.583662744,-0.7469191788050971
9956127.0,33.7623867119,33.7623867119,-1.528433139943253
9958.0,36.4268974494,36.4268974494,-1.5614221831006858
9959619.0,28.299666645949998,28.299666645949998,-1.4506464127316256
996.0,18.15891664,18.15891664,-1.2551480246969728
9963.0,27.728961866,27.728961866,-1.4167016874646219
9969177.0,31.084928384,31.084928384,-1.4925498711421852
997.0,11.082622552,11.082622552,-1.0427750679324361
998.0,16.299615856,16.299615856,-1.212177369214672
9983292.0,19.943116236,19.943116236,-1.2997930204930803
9984487.0,80.1521538994,80.1521538994,-1.9039151974831168
9985.0,26.06063400195,26.06063400195,-1.3308582620506668
9989.0,15.8715221,15.8715221,-1.2006185781683707
999.0,9.545882361899999,9.545882361899999,-0.9791562067509064
9993.0,7.510892304,7.510892304,-0.8756915348315136
99953.0,12.46798583,12.46798583,-1.0730080106196485
