Chemical_ID,Potency_uM_Assay1,pPotency_Assay1,Potency_uM_Assay2,pPotency_Assay2,pPotency_Difference,Fold_Difference
10005.0,2.9975294739000002,-0.4767631010101705,11.453138874,-1.041429626370824,0.5646665253606535,3.8208594690142106
10021362.0,79.38823156875,-1.796505009761288,10.416131673999999,-0.9216835139025751,-0.8748214958587129,0.1312049842674686
10026.0,40.7528634195,-1.6101581289925304,19.0991889201,-1.2810149245773483,-0.3291432044151821,0.4686588209397123
1004.0,9.320236194,-0.924380014843899,12.3447644,-1.043439090942112,0.11905907609821309,1.3245119697660745
10041070.0,50.2752027186,-1.7013538304252562,26.2110768879,-1.4184848643981443,-0.282868966027112,0.5213519880687195
100524.0,20.5691265765,-1.146253268426243,9.8653843719,-0.9941140107583244,-0.15213925766791858,0.47962096665645937
10068207.0,15.74426288,-1.1971223325087779,17.23055802,-1.236299342513758,0.039177010004980195,1.0944023325403214
10114.0,4.2306304401,-0.626405089894019,12.024670472,-1.0800731836610078,0.4536680937669888,2.8422880802880464
101150.0,13.2187907081,-1.1211917264944538,10.15590674405,-1.001833099502936,-0.11935862699151767,0.7682931796345656
10126299.0,41.78615816125,-1.620309279507611,24.5846200639,-1.390663500996052,-0.2296457785115591,0.5883436320953362
10133.0,30.77369138015,-1.4875083718466287,12.8493808279,-1.0948496273568837,-0.3926587444897449,0.41754434556356973
10133071.0,18.9702609799,-1.2780733056567601,25.3796230641,-1.4044851677036414,0.12641186204688126,1.3378636746743262
1013376.0,39.519394637,-1.5968102833896782,7.7666836239,-0.8902356145155615,-0.7065746688741167,0.19652840574203656
10145345.0,28.2149109559,-1.4504786840080697,28.487045715900003,-1.4514627019388249,0.0009840179307551988,1.0096450688937262
10154203.0,9.0481174599,-0.956558229832441,9.0705912039,-0.9576355944717616,0.0010773646393206215,1.0024838032993713
101560.0,9.60548808,-0.9825194373981548,8.3038917759,-0.9192816804085591,-0.06323775698959577,0.864494516753385
101576.0,44.6650177358,-1.649967510776599,9.2110201519,-0.9369125292876163,-0.7130549814889827,0.20622448213016523
1017.0,5.2897697279,-0.7234367669162741,7.7111896159,-0.8871213824306251,0.16368461551435098,1.4577552544922
1018.0,9.26005744995,-0.9659919988578476,16.002829214000002,-1.2035150160264938,0.2375230171686462,1.7281565800746095
10187.0,15.3222309039,-1.185322002810732,51.3751348751,-1.7107529750385742,0.5254309722278421,3.352980071722022
101925.0,24.8340181399,-1.3950469940130255,25.450590036,-1.3994301448944604,0.004383150881434927,1.024827713849068
10194.0,11.048058118,-0.9993136676715979,34.051766084,-1.532139641377888,0.5328259737062901,3.0821494347971714
101940.0,11.64945186285,-1.0663028574810745,10.911982129950001,-1.0378483225236497,-0.028454534957424782,0.9366948984739975
10197650.0,10.229158344,-1.0098399013960482,17.820869844,-1.250928898310825,0.24108899691477692,1.7421638462027507
10197675.0,9.0941574919,-0.9587624710116952,12.954998216,-1.097341760017965,0.1385792890062697,1.4245407809946968
10198808.0,15.9414285119,-1.202527235945782,7.8740818719,-0.8961999261170936,-0.3063273098286883,0.49393828577044613
10201497.0,17.3667057599,-1.2397174461973135,12.45977780995,-1.0040818578050956,-0.23563558839221788,0.7174520016755178
10204.0,14.14019373395,-1.145518000226052,29.55460194195,-1.4706144280752291,0.325096427849177,2.090112943148061
10207.0,13.83452026,-1.1409641036976315,32.9776083718,-1.5182191562025942,0.3772550525049627,2.3837189690739593
10209.0,10.5477917719,-1.0231615476280869,7.158485449900001,-0.8516405166970427,-0.1715210309310442,0.6786714797471324
10226.0,4.934256004,-0.6932216782384943,9.53076945195,-0.9743631505012701,0.28114147226277575,1.931551472850982
102293.0,12.963361272,-1.1127176244212935,7.085575539900001,-0.8437319292454886,-0.26898569517580495,0.5465847469054476
10230.0,4.9615546239,-0.6956177770535313,10.623641016,-1.0262733870047072,0.3306556099511758,2.141191989467477
10233356.0,12.9033871039,-1.1107037263806208,30.083110641,-1.478322740974615,0.36761901459399415,2.3314119307408436
102428.0,32.5230363601,-1.5121910846735271,13.926363444,-1.1438377250104663,-0.3683533596630608,0.42819997769596874
10251042.0,16.2052310839,-1.2096552283794646,23.2910396439,-1.3671888746030227,0.15753364622355814,1.437254397874017
10257.0,21.212660196,-1.3265951350888965,4.0624015119,-0.60878284516063,-0.7178122899282665,0.19150834805085093
102681.0,7.9270150159,-0.8991096808648179,5.08457412,-0.7062545826118257,-0.19285509825299219,0.641423550958509
102710.0,22.69845213995,-1.3274839852820945,7.079090228,-0.8499774477537391,-0.4775065375283555,0.3118754611262931
10275.0,12.0259834639,-1.0801206023415175,5.622431656,-0.7499241850320862,-0.3301964173094313,0.46752364768150595
102821.0,4.3992112479,-0.643374817079046,8.194869772,-0.9135420564115607,0.27016723933251474,1.8628043324611632
10285.0,11.4028900279,-1.057014935906867,9.4035168019,-0.9628462123711645,-0.09416872353570249,0.8246608341299411
102861.0,8.32255805195,-0.9179756657074443,16.441641152,-1.2159451652529674,0.2979694995455231,1.9755513928974846
10288.0,7.775383388,-0.8907218123854082,10.4155984359,-1.0176842277108122,0.1269624153254041,1.339560754261292
1030.0,4.4102171039,-0.6444599692195335,13.78289672,-1.1393405018461904,0.4948805326266569,3.125219551620632
10308.0,8.530536096,-0.9309763249797851,19.4041914241,-1.2878955503294263,0.35691922534964116,2.274674323598337
1031.0,7.7423054159,-0.8888702992257473,15.2256924079,-1.1825770518528624,0.2937067526271151,1.9665579682030794
10313.0,35.93355618,-1.5555001994736606,49.9661985337,-1.6986762856360471,0.14317608616238653,1.3905163820526714
10313079.0,4.249057384,-0.6282925963251615,20.46259139195,-1.0871875536534426,0.458894957328281,4.8157954912547725
10314472.0,24.735940202000002,-1.3430497663574639,6.0948191119,-0.7849608207223364,-0.5580889456351275,0.24639528807589892
10315.0,7.732281448,-0.8883076535676848,9.5274436439,-0.9789763885420124,0.09066873497432759,1.2321646215250388
10316.0,34.051626842,-1.5321378654889153,16.6099624159,-1.2203686497550847,-0.31176921573383054,0.48778763179129286
10328936.0,7.695581042100001,-0.8777297142623276,7.2190557279,-0.858480394386556,-0.01924931987577161,0.9380780591363944
10332.0,166.6267530095,-2.2217447314742653,28.7844707239,-1.459158248249971,-0.7625864832242943,0.17274819441664865
10342051.0,11.092311736,-1.0450220663982666,13.308884428,-1.12414165374151,0.07911958734324354,1.199829642797194
10367.0,5.7336095939,-0.7566078184217779,12.3739243039,-1.0925074549441176,0.3358996365223397,2.1581386212735247
10374.0,48.5897961874,-1.6865450773944908,12.157991824,-1.0848618469943938,-0.601683230400097,0.25021697512599844
10377.0,31.3411503199,-1.4961149324138998,29.640288832,-1.4718824313428043,-0.024232501071095536,0.9457307255624232
10404.0,14.577257458,-1.1557536813307805,14.8771929841,-1.1725209966322099,0.016767315301429386,1.0205755799377334
10407399.0,9.8415114679,-0.96084694483943,11.9501696659,-1.0260098977291072,0.06516295288967722,1.2142616207762191
104150.0,18.9466622239,-1.2775327126988973,8.356930256,-0.9220467777133341,-0.35548593498556325,0.4410766475510535
10423.0,25.399033224,-1.4048171861682566,27.0819986441,-1.4326807120099325,0.02786352584167595,1.066261003135731
10434.0,11.27262494,-1.052025057502837,12.62679092,-1.1012929892867198,0.04926793178388289,1.120128717774939
10439.0,16.13866686395,-1.159386600141321,17.095527046,-1.2314260158289874,0.07203941568766625,1.059289914719499
10442.0,20.447093272,-1.310631578081489,15.78505138995,-1.1982389502046504,-0.11239262787683857,0.7719948835742759
10453.0,4.062606876,-0.6088047992291483,7.0237853439,-0.8465712304914053,0.23776643126225694,1.728886293525783
10457.0,5.9753992879,-0.7763669309988837,10.8361671999,-1.0348756974901203,0.25850876649123666,1.8134632813313256
10458.0,21.85305726595,-1.328073836247487,21.7965903359,-1.3373777769347974,0.00930394068731033,0.9974160626880348
1046.0,3.2025302439,-0.5054932398052829,17.0092995799,-1.2306864303176015,0.7251931905123186,5.311206541233563
104635.0,45.2302187079,-1.6554286877548612,10.135883,-1.0058615887787343,-0.6495670989761269,0.22409537892041292
10465.0,50.7104672744,-1.705097612396788,7.1888929561,-0.8566620169372825,-0.8484355954595055,0.14176349267696742
10466908.0,157.1778634648,-2.196391381066977,34.3909001088,-1.5350179116644393,-0.6613734694025375,0.21880244043717928
104741.0,9.20141976995,-0.9599066111527388,28.0977463119,-1.448671487038265,0.4887648758855263,3.0536316149450795
104758.0,10.476599792,-1.0202203541002013,17.34311522595,-1.1845808293578313,0.16436047525762998,1.655414501868566
104762.0,16.47750445995,-1.18003427162391,7.3838486599,-0.8682827867659757,-0.31175148485793436,0.44811692679841675
104769.0,16.352374388,-1.2135808217509234,10.71857455,-0.9460725826367657,-0.26750823911415766,0.6554751191280026
104850.0,11.35910298,-1.055344036813573,13.160097868,-1.119259119017626,0.06391508220405306,1.1585508020458144
104865.0,15.970854568,-1.2033281549761359,21.626934618,-1.3349949672971513,0.1316668123210154,1.3541501192636745
1049.0,10.778839464,-1.0325720037530404,12.2223569919,-1.0871549644883753,0.05458296073533497,1.1339214237971695
104926.0,15.79741092995,-1.1854762273816513,8.166648336,-0.9120438548387904,-0.2734323725428609,0.5169611889070387
1050.0,4.976151626,-0.6740263598979979,7.49897762,-0.8750020574905586,0.20097569759256073,1.5069833444821963
105010.0,34.643967108,-1.539627617596603,12.013538232,-1.079670934823885,-0.45995668277271795,0.34677143626619567
105024.0,19.9929558999,-1.2954926102316122,119.2994013116,-2.0766382642259082,0.781145653994296,5.967071698097263
10509.0,4.9595095479,-0.6954387306893365,9.91706916,-0.9963833419418539,0.30094461125251737,1.9996068289049218
1053.0,16.259032875950002,-1.210981447511966,19.310863004,-1.285801682867953,0.07482023535598703,1.1877005939611696
1054.0,8.5598060119,-0.9324639225140667,13.232351628,-1.1216370330239986,0.1891731105099319,1.5458705033273117
10555.0,4.30969261995,-0.6323132937885538,14.326468628,-1.1530149554268798,0.520701661638326,3.324243720232236
10560335.0,10.287530676,-1.0123111432286047,32.4244221959,-1.5108722456853978,0.4985611024567931,3.151817789622113
10567.0,4.9202675999,-0.6919887234989668,20.803976486,-1.3145446022708283,0.6225558787718615,4.2282205314245145
1057.0,12.9489332839,-1.1122339932823513,32.6871144568,-1.514376583755617,0.4021425904732656,2.5243094346189414
1060.0,8.2461792999,-0.9162527736026913,13.169020236,-1.1195534650204761,0.20330069141778484,1.5969844648126557
10601.0,2.7414203919,-0.4379756389262195,8.25395185795,-0.9166287387114513,0.47865309978523185,3.0108304010350713
10621.0,8.8678925319,-0.9478204213520561,30.40693397975,-1.4811659248742357,0.5333455035221796,3.4288793950049286
10624.0,16.991733768,-1.2302376947877738,5.330888824,-0.7267996253824409,-0.5034380694053329,0.31373424847554376
10635.0,13.97445959205,-1.145084565235421,13.6086852532,-1.1337988470395612,-0.011285718195859662,0.97382551100165
10636633.0,15.2101427999,-1.1821332914308724,11.77623857695,-1.0179235079266544,-0.164209783504218,0.7742358984971149
10638.0,34.6237940441,-1.539374655744312,18.9272169879,-1.2770867610503265,-0.2622878946939855,0.5466534650648794
106428.0,11.681970024,-1.0675160875030512,8.685460188,-0.9387928339304241,-0.12872325357262704,0.7434927645042895
10648.0,10.9163824119,-1.0380787410386234,11.95775451995,-1.064874172448803,0.026795431410179482,1.0953953488213086
106705.0,30.618393376,-1.48598239843789,10.490912154050001,-1.0207945888230125,-0.4651878096148774,0.34263431216718326
106729.0,7.8574885839,-0.8952837587061195,10.953769602000001,-1.0384829495176682,0.14319919081154864,1.3940547905401075
10680.0,18.117318937900002,-1.2580841425003466,17.412788248,-1.2408683187201561,-0.017215823780190487,0.9611128615489469
10685477.0,14.297076264,-1.1552472338122657,33.10250793195,-1.5196553966191102,0.3644081628068445,2.315334080947867
10687.0,6.034688364,-0.7806548477076547,15.343291645999999,-1.1837191564186589,0.4030643087110042,2.542515987657387
10690.0,9.4195944999,-0.9740322074376383,10.0745761539,-1.0032009888771558,0.02916878143951751,1.0695339543551428
10693.0,9.128377411950002,-0.9602865980212429,12.383296704,-1.0928362787518278,0.13254968073058482,1.3565715071978692
10695.0,18.6627514039,-1.270975671106349,20.843331392,-1.318967133511123,0.04799146240477414,1.116841292096101
10698.0,13.195120652,-1.120413365625282,14.37565996395,-1.1452658449469237,0.024852479321641807,1.089467867940341
107.0,16.79598398,-1.225205451736269,14.116284195999999,-1.110640898428223,-0.11456455330804594,0.8404559216541954
10704.0,9.6598707159,-0.9849713140193284,3.039640788,-0.48282226354065927,-0.5021490504786691,0.31466681878017244
10708.0,14.1110260439,-1.149558593414383,12.5900324559,-1.1000268496789591,-0.049531743735423905,0.8922124030337606
107080.0,11.964428787900001,-1.0759129018530253,8.619223892,-0.9354681620432317,-0.14044473980979366,0.7204041283372333
10712.0,12.6743010801,-1.102924019648377,5.8889817999,-0.7700402121197681,-0.3328838075286088,0.4646395696837538
10718.0,7.58288403595,-0.7886518653060974,8.95866403395,-0.9513172202720519,0.16266535496595447,1.18143228769918
10721.0,5.8170042359,-0.7636786706873466,12.224055236,-1.0872153036527374,0.3235366329653908,2.101434817695076
107217.0,8.68536398795,-0.9018830488539535,18.683685070000003,-1.2414691518552814,0.33958610300132785,2.1511689200270236
10722.0,23.1535881161,-1.22085478862368,13.14234875805,-1.0873041263361394,-0.13355066228754064,0.5676160728155728
10724.0,7.185256656,-0.8159250738922824,9.118750468,-0.9599353315267455,0.14401025763446307,1.2690918229602068
10754.0,28.062508328950003,-1.43882098205698,29.9831341645,-1.4768770280854462,0.03805604602846624,1.068440989416781
10757.0,21.7866496839,-1.33819045027082,20.705398178,-1.3136209661361848,-0.02456948413463511,0.9503709142255578
10761.0,2.769546368,-0.44240864054172574,15.336498816,-1.15793020471,0.7155215641682742,5.537549034456173
10762.0,4.6437488439,-0.666868722983431,12.758198376,-1.09667010697214,0.42980138398870904,2.7473919897194894
10771.0,108.8246344562,-2.036727217029327,17.47216232,-1.242346655728904,-0.7943805613004229,0.16055337476949888
10780.0,20.0748670044,-1.138033499752761,15.384731368,-1.1870899174561584,0.049056417703397415,0.7663677853819894
107807.0,10.087520522,-0.9931535681246473,11.9929663639,-1.0789266156374353,0.08577304751278803,1.188891396824858
107867.0,31.1188852879,-1.4930240316986099,10.563857424,-1.0238225310820368,-0.46920150061657306,0.33946773241609524
107882.0,6.0146986639,-0.7792138740892254,16.27421234,-1.1183100449760959,0.3390961708868705,2.705740262214169
107999.0,10.9330569799,-1.038741611526652,18.0607066739,-1.250118067090271,0.21137645556361906,1.6519356578040256
1080.0,16.0261205679,-1.204828405706695,12.372628672,-1.0924619790521166,-0.1123664266545783,0.7720289273738603
108005.0,21.979667944,-1.3420211270693736,21.93835074,-1.3412039754975862,-0.0008171515717874112,0.9981202079983525
108013.0,5.693485758,-0.7530872369859318,19.649274152,-1.2887397137832495,0.5356524767973176,3.4511852645614365
108143.0,24.101133708,-1.3820374720996826,22.0676502039,-1.3437560913034647,-0.0382813807962179,0.915627060173314
108150.0,11.7026768799,-1.0682852139852517,41.0538780662,-1.6110739412485495,0.5427887272632979,3.5080758434604244
108173.0,9.9663639959,-0.9768928421003242,9.44347265,-0.9488591874750371,-0.028033654625287174,0.9475343920696546
108188.0,6.2286875119000005,-0.794396421164048,7.3373957479,-0.8655419437025664,0.07114552253851847,1.1780002984387634
10824.0,7.21423902,-0.8581905271350233,16.8049788997,-1.2159753185475934,0.35778479141257014,2.3294180929009474
108242.0,18.647627296,-1.1145184119145362,19.65620791195,-1.2909888089801576,0.1764703970656214,1.0540862705984233
10830.0,11.747005056,-1.069927155676149,18.54403178195,-1.2502052224318854,0.18027806675573643,1.578617842892499
10832.0,25.123271168,-1.400076185929812,8.7439350659,-0.9363468685175627,-0.46372931741224943,0.3480412645084738
10850.0,13.797813824,-1.1398102806486279,15.172732033900001,-1.1698498782381856,0.030039597589557765,1.0996475403595067
10855.0,172.6829401632,-2.2372494345046325,20.297492147299998,-1.3061146941578219,-0.9311347403468107,0.1175419652231839
10867.0,13.672298552,-1.1358415331877032,8.695885706,-0.9359300380354496,-0.1999114951522536,0.6360222220811551
108675.0,15.41521144595,-1.1845714644324417,16.3305541858,-1.21300092299454,0.02842945856209833,1.0593791880870038
10868.0,27.171281446549997,-1.4338379901974871,24.75937741825,-1.3277638611127518,-0.10607412908473535,0.9112333353491415
10870.0,9.87541590595,-0.9862732254934583,14.168880792,-1.1513355464326893,0.165062320939231,1.434762943347344
10883.0,12.0191410521,-1.0798734319210954,10.23681266,-1.0003630650749593,-0.0795103668461361,0.8517091708655345
10887985.0,7.001294158,-0.7548891234272026,11.9575852601,-1.0776434861661175,0.3227543627389149,1.7079107076849092
10890.0,12.0480870679,-1.0809180973835084,23.3505736579,-1.1560040880625932,0.07508599067908484,1.9381146173912938
10891.0,34.1282793632,-1.1726606505815522,14.057809664,-1.1479176588814382,-0.02474299170011407,0.41191088230361594
10898.0,10.7337438199,-1.0307512258558542,5.2025737880000005,-0.7034162572202926,-0.32733496863556166,0.48469330694800106
10900.0,11.8053295159,-1.072078113815408,13.488085057900001,-1.1146991178970045,0.042621004081596414,1.1425420222056133
10907.0,6.1011182759,-0.7854094442798509,10.30250501405,-0.9688003257291189,0.18339088144926796,1.6886256827286694
10908.0,6.86995411,-0.736241553963644,15.658963144,-1.1947630019270776,0.45852144796343364,2.279340282813039
10914.0,6.433488704,-0.8084465427557361,18.9406143121,-1.2773940606244159,0.4689475178686797,2.9440658379214586
10921.0,25.749258848,-1.4107647330721151,6.5332141199,-0.8151268920130441,-0.595637841059071,0.25372435604714305
10941.0,25.0789889562,-1.228212793184015,17.3416712624,-1.2390909492568245,0.010878156072809508,0.6914820726101404
10943.0,8.96568820395,-0.9227633122936412,14.65540718795,-1.1659860128862372,0.243222700592596,1.6346104007379254
10944.0,6.772273044,-0.8307344596424506,21.97119538595,-1.3188714659680012,0.48813700632555057,3.2442867030318157
10949.0,5.5,-0.7403626894942439,21.8404644544,-1.3388872273078325,0.5985245378135886,3.9709935371636362
10953.0,12.87570479595,-1.0036255899487372,27.37988103395,-1.4315132324052122,0.42788764245647504,2.126476295306353
10958.0,3.356998688,-0.525951171514777,15.298109284,-1.1846377590355244,0.6586865875207474,4.557079315724773
10958189.0,5.494469324,-0.6754642029862977,7.832702156,-0.893911612503926,0.2184474095176283,1.4255611769068455
10963.0,8.35092322,-0.9217344907156596,14.559381032000001,-1.1548930637219006,0.233158573006241,1.743445682404442
10967.0,5.407229316,-0.7329747880260785,16.0218337519,-1.2047122210337975,0.471737433007719,2.963039445079825
10976.0,22.7895015279,-1.3577348260118824,12.7734582939,-1.100347383109062,-0.25738744290282045,0.5604974851363957
11.0,11.920290624,-1.0762868438992579,70.3928893614,-1.8323869630264975,0.7561001191272396,5.905299760030414
11002.0,4.3419217359,-0.6376819909348234,14.747176588,-1.1687088806786423,0.531026889743819,3.396463014537314
11005.0,15.820695444,-1.1992255702396182,48.2138540399,-1.683171848789822,0.4839462785502038,3.047517993792435
11006.0,12.163354475950001,-1.084210952055773,19.58518798,-1.2919277442926118,0.2077167922368388,1.6101798248768318
11007.0,23.186007664,-1.3652259750821631,11.2879788759,-1.052616188016964,-0.31260978706519915,0.4868444382266982
11009532.0,19.755896344,-1.2956967388224265,10.66013786,-1.0277628211492902,-0.26793391767313635,0.5395927207948505
11040.0,9.839765452,-0.9822077610501411,23.130206392,-1.3641795080195083,0.3819717469693672,2.3506867622844227
11048104.0,11.7141495,-1.0687107623426781,30.69531848,-1.4870721437723204,0.4183613814296423,2.6203625350692343
11051686.0,17.6433179119,-1.2465802596695086,5.29171492595,-0.6834482890262226,-0.563131970643286,0.2999274259169169
11061.0,9.543814772,-0.9797220018820131,11.6693784839,-1.0670477259510625,0.08732572406904937,1.2227163626578397
11065.0,19.7849768161,-1.2963355456990524,23.59127629545,-1.372211944465858,0.07587639876680563,1.1923833176419307
11074.0,10.113409548,-1.0048975945871257,10.6883622699,-1.0288725518349904,0.023974957247864692,1.0568505328664062
11074431.0,39.5372714,-1.5970066938898095,12.5234621161,-1.0977244063557547,-0.4992822875340548,0.3167507941911236
110747.0,12.056417341949999,-1.0805911487402446,21.03872381995,-1.3213111444248944,0.24071999568464975,1.745022855732299
11075478.0,12.19449245605,-1.0753009771589916,29.7369050479,-1.4732957661172426,0.3979947889582509,2.43855208858215
11082.0,10.9288549359,-1.0385746613942557,7.9786266919,-0.9019281455542684,-0.13664651583998733,0.7300514773685166
110823.0,2.36798936,-0.37437974665575174,23.000611003899998,-1.3509678046451545,0.9765880579894028,9.713139506631903
11088.0,10.577311277949999,-1.008887111136015,17.208370828,-1.2357397562136043,0.2268526450775894,1.62691352989426
11089.0,5.917623032,-0.7721472960161175,13.75622510595,-1.1366310051180724,0.3644837091019548,2.324620042804714
11093.0,6.934038052,-0.8409862206097175,14.89041894,-1.172906916742824,0.3319206961331066,2.1474383077123615
11097730.0,129.9687227547,-2.11383885100403,50.65755471595,-1.6952922876585688,-0.41854656334546103,0.3897672735582692
1110.0,8.665774628,-0.9378073900885331,11.86161876195,-1.0667829665660042,0.12897557647747115,1.3687892047900603
11102.0,9.0633304999,-0.9572878170960848,25.59931952,-1.4082284210682217,0.45094060397213687,2.8244936582950886
111032.0,3.9754898639,-0.5993906504970868,5.694834008,-0.7554810698619577,0.1560904193648709,1.4324861093755386
111037.0,9.808845444,-0.9916178914973285,18.016100612,-1.2556607933186372,0.26404290182130874,1.8367197969278146
11104.0,10.09935907595,-0.9784121919264213,28.59717918195,-1.4288254243877399,0.4504132324613186,2.8315835655402712
11107.0,8.33128876795,-0.6910366821309993,35.3347222839,-1.5482016822916431,0.8571650001606438,4.241207245130033
11123.0,2.1231430199,-0.3269792502476262,14.6268499879,-1.1651508073166346,0.8381715570690084,6.889243847825628
11124.0,14.58753366,-1.1639818711672498,7.91688067395,-0.8978667600039476,-0.2661151111633022,0.5427155034204734
111332.0,36.272748855,-1.559580468933663,17.269084356,-1.040638792309106,-0.5189416766245569,0.4760897616288474
11137.0,7.497229256,-0.8749007912373952,39.1917231604,-1.5931943587218176,0.7182935674844224,5.227494294513542
11147.0,9.1698387259,-0.7986522579489286,12.2533090239,-1.0882533863951271,0.28960112844619856,1.3362622168360287
11159638.0,36.896455572,-1.566984648016606,15.104555747949998,-1.1767110598932562,-0.3902735881233499,0.4093768768242484
11164.0,8.29284119995,-0.7938530391020497,12.728221309999999,-1.1014170308674265,0.30756399176537674,1.5348444523544886
11167.0,16.483265396,-1.2145728890160832,23.4032258039,-1.3692757228921317,0.15470283387604855,1.4198173263399174
11169.0,14.00445466,-1.146266201859052,8.327031236,-0.9204901937680604,-0.22577600809099152,0.5945987500522922
11171745.0,12.1616738359,-1.0849933518830754,5.8143436241,-0.764500694727249,-0.3204926571558264,0.4780874493555863
11171853.0,11.246562628,-1.0510198060205964,17.795253464,-1.2503041781916555,0.1992843721710591,1.5822837655032531
11173.0,9.46770934,-0.9701637686625617,22.923909272,-1.3602886809431134,0.3901249122805517,2.421273029068296
11174.0,18.253194636,-1.2613388847578832,30.0881169579,-1.4783950085980657,0.21705612384018247,1.6483753971788853
1118.0,3.2483363839,-0.5116609965873327,21.478204312,-1.3319979692999226,0.82033697271259,6.612062844985578
11181836.0,44.8021990983,-1.6512993316949562,13.9880128921,-1.1457560239063886,-0.5055433077885676,0.3122171048213294
11192.0,8.9103585559,-0.9498951805481758,8.2745341119,-0.9177435506861902,-0.03215162986198561,0.9286421034562083
112039.0,18.7534510881,-1.2730812000959126,4.2822556139,-0.6208185161583889,-0.6522626839375237,0.22834493735487998
11210.0,6.7069818119,-0.8265271286155619,6.623819098,-0.7947753596411545,-0.031751768974407346,0.9876005756042984
11219835.0,239.59173750635,-2.3794662314291264,44.51206445895,-1.6480795740950764,-0.73138665733405,0.1857829694889636
11224.0,5.8941054599,-0.7704179021692994,17.45686284,-1.241958315309574,0.4715404131402745,2.961749320361868
112264.0,2.848295744,-0.4545850809335478,10.266851508,-1.011437280759528,0.5568521998259801,3.604559508831678
11229.0,9.5412419559,-0.979604909241642,24.4132586239,-1.3876257518844248,0.4080208426427828,2.558708681400079
11230.0,14.545165292,-1.162718660955757,16.72995511005,-1.212968376384619,0.05024971542886214,1.1502072870393338
112322.0,4.589694196,-0.661783750152932,16.99491187995,-1.177344012827617,0.5155602626746849,3.7028418788252533
11236.0,3.16581938,-0.5004861333605226,20.4223306079,-1.3092113713057596,0.808725237945237,6.450883059506699
11241.0,26.613661076,-1.4251046218545615,29.76323855775,-1.4498749796633406,0.02477035780877901,1.1183443898513559
112412.0,13.791528381950002,-0.9933527199754624,6.7988582559,-0.8324359870011205,-0.16091673297434184,0.4929735173367856
11243457.0,4.8538778999,-0.6860888473839215,10.8362025321,-1.0348771135401122,0.34878826615619074,2.2324835431734384
11245.0,20.65199424595,-1.0829149550588353,11.66694823085,-1.0317825882952683,-0.05113236676356703,0.5649308290475613
11251.0,8.557380488,-0.9273665173713692,22.699942976,-1.3560247662134028,0.42865824884203363,2.652674262624186
11254899.0,3.7729401441,-0.5766799153803547,19.528949251950003,-1.289770412587014,0.7130904972066593,5.17605594207179
11273.0,10.135217888,-1.005833089638688,31.641516612,-1.500257291527203,0.494424201888515,3.121937481922638
11284883.0,7.41843307795,-0.8319710861496883,23.691389466399997,-1.2744082059495478,0.44243711979985956,3.1935840382274967
11285653.0,8.5228243081,-0.9305835358661422,28.073329024,-1.4482939156991896,0.5177103798330475,3.293899769507088
11289.0,11.6424126659,-1.0653147767198967,15.57096267375,-1.1911005137904473,0.12578573707055063,1.3374343549388616
113027.0,10.92961819795,-1.038535829710276,21.0029986799,-1.3189300533272887,0.2803942236170127,1.9216589545497025
113033.0,13.80242256995,-1.112521675431017,13.282946573,-1.1135058589339146,0.0009841835028976398,0.962363418862354
11310.0,15.470592164,-1.18950693739915,29.646468844,-1.471972972476259,0.2824660350771089,1.9163111876859635
11317.0,7.1816893,-0.8562266124004241,14.3612812499,-1.1536228645081965,0.29739625210777243,1.9997079586692783
11321106.0,18.06234696795,-1.2312587749076338,12.65066364195,-0.9203090586620205,-0.3109497162456133,0.7003886961310986
1133.0,14.412243068,-1.1587315780550924,17.136372268000002,-1.2225848242331154,0.06385324617802302,1.1890149359226725
11335.0,11.354676376,-1.0551747607380262,16.66667031995,-1.1364200117465024,0.08124525100847624,1.4678243366916017
11346.0,4.1950653479,-0.6227387303640823,12.192513028,-1.0860932283181857,0.46335449795410333,2.9063940646606206
11357.0,8.772227844,-0.9431099032274273,14.402224648,-1.1222339303054722,0.17912402707804498,1.6417978310778587
1136.0,7.3100069079,-0.8639177873629814,8.115728808,-0.9093275263902744,0.04540973902729295,1.110221769999868
113606.0,17.6507932279,-1.2467642273872375,30.7559842954,-1.4816277497800543,0.23486352239281683,1.7424703750302326
11368.0,12.45509716,-1.09534711973983,15.772394484,-1.197897630693977,0.10255051095414713,1.2663405416582074
11369.0,11.0742894479,-1.0427226173202744,15.3903067839,-1.1872472769612368,0.1445246596409624,1.3897331161791548
11387.0,7.894954368,-0.897349624175463,6.780911072,-0.8312880488759136,-0.06606157529954948,0.8588917371688095
1140.0,10.6461194999,-1.0164361998916438,11.86321563605,-1.0638431167603941,0.047406916868750315,1.1143229827695842
11402127.0,80.59936631355001,-1.9026604292818154,20.57741137795,-1.3098247270821846,-0.5928357021996309,0.2553048779304189
114129.0,6.172039968,-0.7904287297413457,8.49782184,-0.9293076217033689,0.1388788919620232,1.3768254716525516
11424151.0,4.99972299195,-0.6986322410492951,14.26374123525,-1.08727569015795,0.3886434491086548,2.8529063026523462
11424880.0,5.9820027159,-0.7768466058701766,8.883782461900001,-0.9394075300130827,0.16256092414290613,1.4850849930721612
11432.0,7.254254156,-0.8605927672100537,16.960160952000003,-1.1964487730802746,0.3358560058702209,2.3379606762153817
11442.0,10.3133869361,-1.013401311850404,20.18465200795,-1.305020391300479,0.29161907945007504,1.9571312637653069
11443.0,15.115724887999999,-1.1523385302009408,20.729332259899998,-1.3099931463675856,0.15765461616664478,1.3713753335347154
11450.0,5.4740604599,-0.7383095897960525,7.528428086,-0.876280009955564,0.13797042015951144,1.3752913657328385
11463.0,2.0478636959,-0.31130104698715777,18.2370864059,-1.2457233398250223,0.9344222928378645,8.905420044513814
114644.0,10.876527864,-1.0364902767804236,8.626280324,-0.9358235670939822,-0.10066670968644142,0.7931097526584703
11472813.0,30.17699096195,-1.4790881622162306,10.78540280795,-1.019377069707853,-0.4597110925083776,0.35740484601494077
1148.0,13.847011012,-1.141356037581873,11.142017964,-1.0469638543262407,-0.09439218325563226,0.804651484305471
11487.0,10.497690652,-1.0210937707460037,15.356570516,-1.186294238333884,0.1652004675878802,1.4628522619948128
11492406.0,6.7883510959499995,-0.7899147943814306,17.6774575819,-1.2316663609293925,0.4417515665479619,2.6040871092313647
114994.0,10.601772804,-1.025378493059022,9.32507342005,-0.9538769122492722,-0.07150158080974978,0.8795768021487589
11505.0,7.136185864,-0.8534661528392538,6.209056088,-0.7930255829574152,-0.060440569881838546,0.8700804892600819
115089.0,4.406230096,-0.644067172527385,19.609034716,-1.2924562153999204,0.6483890428725354,4.450297485326786
11509.0,8.975279304,-0.8439323348285862,19.382307928,-1.2874054889540414,0.4434731541254552,2.159521422287317
115224.0,16.463236822,-1.2162150471766713,40.29253952915,-1.3824273259391078,0.1662122787624365,2.4474251305980514
115227.0,27.9135681881,-1.4458153558491675,20.071821379699998,-1.29380877183536,-0.15200658401380762,0.7190704264120893
11524680.0,7.7539935559,-0.889525435742866,9.7483828079,-0.9889325750976585,0.0994071393547925,1.257208009991506
11534.0,17.91524266,-1.253222695013168,6.236594388,-0.7949474995775699,-0.458275195435598,0.3481166572152922
115366.0,6.773361442,-0.7786432663648339,36.365501712,-1.5606895836371395,0.7820463172723056,5.36890021644293
11545.0,19.86558734795,-1.2903035947483743,10.748734184,-1.0313573229239688,-0.25894627182440555,0.5410730624639296
11548.0,8.09236472,-0.9080754480377146,13.7599278,-1.138616155109968,0.2305407070722535,1.7003593233993535
11556911.0,11.350598701900001,-1.0485970978467898,13.09301388,-1.1170396282766868,0.06844253042989701,1.1535086583413732
11569.0,11.580996144,-1.0637459170110948,13.9326364919,-1.1440333063407362,0.08028738932964141,1.2030602824367886
11579.0,5.3234701759,-0.726194825327602,10.221754222,-1.009511798951757,0.283316973624155,1.9201298935185418
11595.0,10.46052298995,-1.0155903330148588,7.9236389079,-0.8989246758670517,-0.11666565714780708,0.7574801867471326
11598.0,11.5,-1.0606978403536116,12.852964464,-1.109003306801476,0.048305466447864376,1.1176490838260869
11604.0,22.6263644999,-1.3546147791218082,21.1588924219,-1.2994273791215734,-0.05518740000023481,0.9351432671383648
11622.0,9.374273302,-0.971928087852555,13.5910060761,-1.133251606631404,0.16132351877884898,1.4498196967652266
116529.0,15.8314122681,-1.1995196585695544,3.7844524759,-0.5780030558583716,-0.6215166027111828,0.23904705479280589
11658860.0,4.3393082359,-0.6374205006468271,20.220371117950002,-1.305714025028712,0.6682935243818849,4.659814426332443
11659.0,14.03908540195,-0.990405156260199,14.540928968,-1.1625921529321412,0.17218699667194226,1.0357461723240386
11660.0,8.225542308,-0.9151645404952992,8.1401434159,-0.9106320565090178,-0.004532483986281366,0.9896178405140605
11671.0,7.592531676,-0.8803866124682498,12.5088240819,-1.0906364498071415,0.2102498373388917,1.647516877860438
11674.0,7.295006051950001,-0.8469092550616422,11.39714474595,-1.050725721653899,0.20381646659225683,1.562321492920965
116814.0,11.249965416,-1.0511511873661858,7.193859892,-0.8569619752223022,-0.19418921214388363,0.6394561783957754
11683.0,63.9803363014,-1.806046234623902,7.7426973239,-0.8888922822353353,-0.9171539523885666,0.1210168275362844
11684.0,12.113441892,-1.083267560345251,20.38686982595,-1.2919478623796068,0.20868030203435572,1.6829956347430837
11693.0,7.93853485995,-0.8944404988873409,10.0780325079,-1.0033757548908373,0.1089352560034964,1.269507873391574
11696.0,12.7045236199,-1.1039583850001211,7.9833882959,-0.9021872529921614,-0.2017711320079597,0.6283894252748722
11700495.0,18.50384631595,-1.158529922490895,10.59207148395,-0.9885644578849558,-0.1699654646059391,0.5724253921639965
11701.0,14.900213545899998,-1.1702691803786982,22.12941176595,-1.3360083853857951,0.16573920500709693,1.4851741351075614
11705034.0,26.57428106605,-1.4213031584407747,8.923150948,-0.9505182397672322,-0.47078491867354255,0.3357814620016111
11723708.0,14.6226992919,-1.1650275490493898,38.113149715,-1.5810748408561328,0.41604729180674305,2.6064373583960756
11729.0,27.475056084000002,-1.427722337983107,13.30493173595,-1.0119765417418218,-0.41574579624128516,0.4842549436577157
11733.0,11.210800832,-1.0195738106153507,6.4437309839,-0.8091374009826671,-0.21043640963268362,0.5747788298501457
11734.0,14.4236877639,-1.1590763124468058,10.8122314119,-1.0339153322390175,-0.1251609802077882,0.7496162970860439
1174.0,9.79544798,-0.9910243025863029,10.72273081,-1.0175057631069606,0.026481460520657696,1.0946646679042442
11742.0,6.839265564,-0.8350094674178687,7.25135395395,-0.8600991239280193,0.025089656510150604,1.0602533102558729
11746.0,11.275009952,-1.0521169338845238,34.944102836,-1.5433738947633047,0.4912569608787809,3.0992525048549067
11748.0,24.091258012,-1.3818594788445353,10.450594304,-1.0191409885914497,-0.36271849025308556,0.4337919712949193
11750.0,9.3279727279,-0.9697872676743885,31.272750856,-1.4951660849217203,0.5253788172473318,3.3525774322284505
117549.0,8.7799826479,-0.9434936575998696,14.4114272,-1.1587069922221878,0.21521333462231818,1.6413958635153945
1176.0,10.6262401239,-1.0263764785810956,14.113920736050002,-1.1282505656644264,0.10187408708333079,1.3282139845782035
11761.0,11.3114776759,-1.053519342730078,13.117081872,-1.117827804123754,0.06430846139367596,1.1596258462275872
11764.0,11.30879242,-1.04956078636839,19.13999894595,-1.1628907046564079,0.11332991828801786,1.6924883077790194
117640.0,14.029600944,-1.1470453181927562,20.0478967239,-1.3020688164016774,0.15502349820892114,1.4289712732331012
11767.0,7.269350272,-0.8590496036794139,23.69615362,-1.3746421505757471,0.5155925468963333,3.259734740155881
11769.0,22.974492347949997,-1.3611322830719268,8.7732530079,-0.9152709763401408,-0.44586130673178603,0.3818692868172485
11769095.0,143.1762344428,-2.155870936219696,13.5145553679,-1.1307856274736459,-1.0250853087460503,0.09439105184247018
117734.0,10.32285901995,-0.9688061617107812,16.6500119439,-1.2214145493839605,0.2526083876731794,1.6129264103793455
11774.0,15.313922439949998,-1.1833358695504739,7.6784536979,-0.8842679216006706,-0.2990679479498033,0.5014034600220342
11776.0,10.6830323879,-1.0286945450526195,34.212088976,-1.5341795928360855,0.505485047783466,3.202469835694768
117822.0,15.94973838395,-1.1964992076614251,14.807386232,-1.1704784045576595,-0.026020803103765644,0.9283780006636639
11784975.0,16.75447485795,-1.192078704901986,12.421269528,-1.0941659856013086,-0.09791271930067746,0.7413702687378534
117915.0,8.57473925995,-0.9066662338260143,12.425534826,-1.0864005473946077,0.17973431356859337,1.4490860245787174
11796.0,56.8498446426,-1.7547292821995895,32.81542556475,-1.5160577925389258,-0.23867148966066365,0.5772298195545114
117965.0,3.024186692,-0.48060859794118316,11.5313652639,-1.0618807289318848,0.5812721309907016,3.8130467587878667
11803.0,6.8689271679,-0.8368889115217495,14.178354676000001,-1.039983036854568,0.20309412533281845,2.0641294236250687
11807.0,75.55501211650001,-1.6572138542232868,27.9285325,-1.4460481163706784,-0.2111657378526084,0.36964500061142674
11808.0,5.48937702,-0.7395230599094238,22.1363325479,-1.3450288728133595,0.6055058129039357,4.032576459450402
11813.0,11.8832019959,-1.0749334795155343,13.7889645,-1.1395316534984432,0.0645981739829089,1.1603744937397795
118193.0,10.167315984,-1.0072063209481197,10.6061296439,-1.0255569314084412,0.018350610460321493,1.0431592428710337
118264.0,9.841591757949999,-0.9713111029590683,16.3477052939,-1.0767073564965464,0.10539625353747806,1.6610834604772533
1183.0,11.2042570119,-1.049383062448009,23.01999241795,-1.3618521106605894,0.3124690482125805,2.0545755415553706
11831.0,6.319589488,-0.8006888680154951,14.277955668,-1.154666029172312,0.353977161156817,2.259316953278659
11832800.0,7.630633014,-0.8675874722852528,9.427276992,-0.9743862676977216,0.10679879541246884,1.2354514985458847
118379.0,28.44257468,-1.4539689070614437,12.372158684,-1.0924454815819993,-0.3615234254794444,0.4349872971485857
11843.0,6.095344992,-0.7849982913952114,30.8582449555,-1.489371222186739,0.7043729307915276,5.062592026538405
11850.0,11.383637107999999,-1.0157872746175531,8.338316768,-0.9210783897086398,-0.09470888490891338,0.7324826581251558
11855.0,9.927085064,-0.9968217433127309,4.923541488,-0.6922776018337509,-0.30454414147898,0.49597051463323694
11858.0,11.9169113919,-1.076163710163767,10.62822706195,-1.0022424406102044,-0.07392126955356271,0.8918608784130151
11859.0,11.4464125559,-1.0586693948592774,42.6129471873,-1.6295415718188244,0.5708721769595471,3.722821187790873
11860.0,17.369344855999998,-1.1829009376677706,32.35679214,-1.5099654590170783,0.32706452134930775,1.8628677367081465
11867.0,5.8620242759,-0.7680476126127516,7.12086824,-0.852532949936301,0.08448533732354946,1.2147456074645357
11875.0,12.639170226000001,-1.0789883967428022,6.942023324,-0.7781429180360397,-0.3008454787067625,0.5492467622375703
11876263.0,27.703023273,-1.433205677485772,15.9147737079,-1.201800467769524,-0.231405209716248,0.5744778665876119
119.0,10.674039776,-1.028328816836046,11.057009239900001,-1.0383473255400357,0.010018508703989681,1.0358785869208662
119020.0,8.158961648,-0.9116348916904035,7.1031146339,-0.8509527535448864,-0.06068213814551704,0.8705905163362523
11906.0,3.0081322640000003,-0.47180026109119627,14.559366646,-1.159095449458508,0.6872951883673117,4.84000215689984
11907.0,9.63599838995,-0.964910378218534,13.25707472195,-1.1207840492362584,0.15587367101772442,1.3757863155909877
11909.0,15.242606544,-1.1830592393711472,10.6182401959,-1.0260525453198934,-0.15700669405125378,0.6966157766553186
11910.0,2.0155045799,-0.30438378935239807,6.650266799900001,-0.8024763496704121,0.4980925603180141,3.299554298323627
11914.0,4.615059248,-0.6641772808579862,16.778426436,-1.0854968314908677,0.4213195506328815,3.6355820227597655
119171.0,7.2678632119,-0.8614067448775957,2.623156036,-0.41882412496254273,-0.442582619915053,0.36092534483931793
11921.0,86.0997256619,-1.9350017676706952,51.42945608935,-1.6933613599816417,-0.24164040768905348,0.5973242736138944
11937.0,63.28198202755,-1.7901730764162194,159.3639377928,-2.2009083018787052,0.41073522546248586,2.5183145768636073
119442.0,7.07579698,-0.8497753635634904,29.3995933161,-1.4683413228681015,0.6185659593046111,4.154951505703036
119525.0,15.197388479899999,-1.1406797148777121,35.5110210264,-1.5453279164087914,0.4046482015310793,2.3366528448862596
11954258.0,11.829903181999999,-1.0585622289666432,15.05327659005,-1.1750451296977569,0.11648290073111367,1.2724767361540696
11954316.0,15.8864165199,-1.2010259449641452,7.52411683195,-0.8481888470114041,-0.3528370979527411,0.4736195115194778
11955.0,23.1366528839,-1.364300530968623,21.090891659999997,-1.3240836820088675,-0.040216848959755414,0.9115792057664669
11956149.0,19.148491248,-1.2821345606293677,8.91819303195,-0.8764765391461051,-0.4056580214832626,0.4657386796926613
11957.0,12.362927532,-1.092121323539749,29.5211240761,-1.4701328901006359,0.37801156656088697,2.3878748783156745
11957593.0,11.547237108,-1.0624780835971217,26.800150184,-1.4281372277563902,0.3656591441592685,2.3209145125661865
11957635.0,8.3964085399,-0.9240935616764011,26.7059090999,-1.426607366441085,0.5025138047646839,3.1806347884327777
11957654.0,36.233319416,-1.5591081225527712,12.9765026799,-1.1131576607633695,-0.4459504617894017,0.35813728604091966
11957669.0,8.72927391195,-0.8972511968996465,18.404014132,-1.2649125580771783,0.3676613611775318,2.1083098454277738
11957707.0,100.9070757671,-2.0029530954571415,6.4725300279999995,-0.8102909606693386,-1.192662134787803,0.06414347040379026
119583.0,19.68954897595,-1.2932623528424791,16.58992536195,-1.203180009118816,-0.09008234372366308,0.8425751845415014
119607.0,10.673958449899999,-1.024069239833747,11.1357351639,-1.0467188937621295,0.022649653928382474,1.0432619928368119
11966.0,13.4895033679,-1.1299959608986752,8.81243975195,-0.9365976549636651,-0.19339830593501006,0.6532812596289
11972.0,6.6719948199,-0.8242557004459714,28.1476100441,-1.4494415256980935,0.6251858252521221,4.218769768847314
11990.0,187.6766105319,-2.2734101514179543,26.5145328921,-1.4234839805335808,-0.8499261708843735,0.1412777693339322
12001.0,11.173838108,-1.0140141458504097,14.1673666959,-1.1512891349533847,0.13727498910297498,1.2679051333092752
12002.0,7.25399366,-0.860577171670633,12.85210954795,-1.1022276016980825,0.24165043002744957,1.771728809030969
12004215.0,10.731266997999999,-1.0300203970275823,6.8921198559,-0.838352821344677,-0.19166757568290527,0.642246610505963
120081.0,48.8198530572,-1.6885964679008496,7.549762884,-0.8779333119222378,-0.8106631559786118,0.15464534223718956
120101.0,23.321193828,-1.3554658457451172,17.773042981899998,-1.2467149348763256,-0.10875091086879163,0.762098334801422
1201518.0,4.172350876,-0.620380823508824,10.5380798219,-1.0221856135915655,0.4018047900827415,2.525693580210774
1201549.0,5.967494192,-0.7757920049919755,11.916301997949999,-1.0432245252517385,0.26743252025976294,1.9968686377483111
12021.0,11.367976036,-1.0556831494159005,11.470537456,-1.0595837673961788,0.003900617980278298,1.0090219595533285
12025.0,12.08588589795,-1.045871051139798,15.376303887999999,-1.1748592072516106,0.1289881561118127,1.272252941806121
12035.0,14.47231910195,-1.045474965304967,10.247543377949999,-1.0086848651393185,-0.03679010016564854,0.7080788715175058
12038941.0,9.2304840319,-0.9652244753348543,3.708968216,-0.56925311165836,-0.3959713636764943,0.4018173048327724
12040508.0,2.8962803079,-0.46184059146263573,22.695674496000002,-1.342070874491636,0.8802302830290003,7.836145705267011
12053.0,10.15545016,-1.0066991791116682,14.3410404599,-1.1565806610668652,0.14988148195519702,1.412152118710216
12056759.0,11.0307703959,-1.042605844897524,11.6616305279,-1.0667592776753085,0.02415343277778459,1.0571909403747977
12056760.0,7.2452930759,-0.8600559576017852,15.462140784,-1.1892696232377427,0.32921366563595744,2.1340945938310876
12059.0,9.279353776,-0.9675177325454267,8.4607874999,-0.9274107875005113,-0.04010694504491541,0.9117862842758372
12062.0,8.501791344,-0.9295104420494281,11.0740238359,-1.0443054539590735,0.11479501190964536,1.3025518255885344
12069.0,4.7029666839,-0.67237190218864,40.0659198037,-1.5398159123873056,0.8674440101986657,8.51928633491292
12076.0,13.1562909119,-1.1191334680362213,18.6682993479,-1.2711047562209827,0.15197128818476147,1.4189637089139107
12077313.0,11.88611129205,-0.989175157929072,13.1719266679,-1.1196493041978546,0.13047414626878262,1.1081779687449178
12078.0,21.588762708,-1.3342277528258453,19.525742912,-1.205638178352916,-0.1285895744729293,0.9044401097041321
12088.0,13.737169324,-1.137897251383099,8.8649001479,-0.9476738481760496,-0.19022340320704934,0.6453221867486388
12089.0,43.7266648821,-1.6407463541219873,30.962581989950003,-1.4812242606562993,-0.15952209346568802,0.708093838700808
12095229.0,4.656509068,-0.6680604530288394,31.8487902241,-1.5030929403141882,0.8350324872853487,6.839628090272195
12100.0,12.668658256,-1.1027306209709,12.77066358395,-1.0724680625546426,-0.030262558416257468,1.008051786218299
12101.0,6.202987044,-0.7492574322489496,12.7284295927,-1.0404328383499086,0.29117540610095904,2.0519839074969375
12104.0,13.591208456,-1.1332529044421382,14.185503548,-1.1518447567153256,0.01859185227318738,1.0437264349173925
121097.0,38.506286813399996,-1.5854423214348263,22.5781457912,-1.333467118173363,-0.2519752032614633,0.5863495979400153
12111.0,13.6473478319,-1.1350482606160586,34.44499907185,-1.536946965133808,0.40189870451774934,2.523933550761894
12113.0,23.593219308000002,-1.3607852611313058,6.8560949999,-0.8360768266582149,-0.5247084344730909,0.2905959932977536
12124.0,15.62495425195,-1.1795196805921313,24.923034046,-1.3962934035920243,0.21677372299989295,1.5950788491358046
12127.0,24.189231166549998,-1.1797091292596222,22.747021196,-1.3429769011867656,0.16326777192714337,0.9403780152986279
12130.0,7.47812602595,-0.8122048775332871,22.41961467595,-1.3475988011899374,0.5353939236566503,2.998025788566712
12148.0,6.8466815241,-0.835480126970172,48.9111582981,-1.6894079477633543,0.8539278207931823,7.143775875354359
12148754.0,5.954239156,-0.7748262743895101,16.29938977595,-1.2042339896421272,0.4294077152526171,2.7374429123367245
12150.0,12.256103256000001,-1.0584773871044737,37.994323809549996,-1.5797145518171785,0.5212371647127048,3.100032939992554
12161.0,11.880955164,-1.0748513569565665,15.048256519999999,-1.1756890139291694,0.10083765697260283,1.2665864244313547
12170.0,11.20048694,-1.0492369039878617,24.9930375559,-1.3978190417846241,0.3485821377967624,2.231424195196642
12180.0,4.87847129595,-0.6418543490344548,5.3114697079,-0.7252147089749729,0.08336035994051805,1.0887569867039015
12184311.0,38.1139848319,-1.581084356802484,30.600056636,-1.485722230294636,-0.09536212650784792,0.8028563995856157
12185.0,3.514249008,-0.5458325309125316,30.43248809195,-1.4828585409462032,0.9370260100336716,8.65974153301945
12198.0,9.764244432,-0.9896386427381942,16.28685236395,-1.2117501837346119,0.2221115409964176,1.6680094888421368
122077.0,45.57642883035,-1.6579975976318857,28.347148784,-1.4525093831708231,-0.20548821446106258,0.6219695029094344
122125.0,49.4690242199,-1.6943333439584312,12.9965173159,-1.1138269897589224,-0.5805063541995088,0.2627203087355798
12228.0,6.981350784,-0.8359195121022799,10.7875195919,-1.0329215974737953,0.19700208537151542,1.5451908843519302
12232.0,20.48282229395,-1.148184777891634,13.685598144,-1.1362637834751685,-0.011920994416465547,0.6681500209100729
12244.0,10.8138149739,-0.9648302054202935,10.404029484,-1.0172015742735814,0.05237136885328786,0.9621053725360523
12248306.0,7.3481854679,-0.8661801093470289,12.383340674,-1.0674529496386331,0.2012728402916042,1.685224294908682
122499.0,8.137174596,-0.9104736345732063,94.2388153937,-1.974229818283298,1.0637561837100917,11.58126992138341
12251.0,12.85795807795,-1.0845135361843767,17.326705664050003,-1.238714101291673,0.15420056510729618,1.3475472200958112
12252.0,22.4516726779,-1.3111182508130743,21.38291022,-1.3300668124946098,0.01894856168153547,0.9523972011692464
12257.0,18.1113857999,-1.2579516818007392,11.1952262519,-1.0490328749546902,-0.20891880684604902,0.6181319516677632
122600.0,4.454807188,-0.6488289117399495,6.413214016,-0.8070757330432281,0.1582468213032786,1.439616518819355
122612.0,18.2448750481,-1.2611408934005028,12.809851204,-1.107544085118844,-0.15359680828165878,0.7021068201469542
12266.0,21.191376084,-1.3261591589894022,7.4220957319,-0.8705265516791323,-0.4556326073102699,0.35024132942003044
12276.0,7.5377602319,-0.8763929254162883,22.0771686879,-1.3439433760288355,0.4675504506125472,2.928876484352585
122824.0,15.6379945559,-1.194181057601687,11.820547908,-1.0726376075017574,-0.1215434500999295,0.755886431968367
122903.0,6.3518172319,-0.8028979931471155,12.089072284,-1.0823929743596523,0.2794949812125368,1.903246243183202
12296.0,17.3104719639,-1.2383089089223707,21.2313182559,-1.3086952630977506,0.07038635417537997,1.2265014090994573
12301.0,5.5038600159,-0.7099254850385386,9.733275404,-0.9881959630085926,0.278270477970054,1.7684453049099578
12305037.0,8.876995744,-0.9482660116615551,18.4843154799,-1.2668033722038683,0.3185373605423132,2.0822715266472476
12305761.0,63.4850130475,-1.8026712131821556,10.586502362000001,-1.0243415872521497,-0.7783296259300059,0.16675592953062945
12308.0,9.84435666195,-0.9808886530707366,15.454696936,-1.1890604930412927,0.2081718399705561,1.569904206715189
12328.0,10.20242165,-1.0084864026635731,16.858635112,-1.1575209344986161,0.149034531835043,1.6524150530477244
12329.0,14.6875702961,-1.1669499581952343,10.6182221879,-1.0260518087777246,-0.14089814941750967,0.7229393271887498
12332.0,11.88930353995,-1.0521641936385813,19.7797183959,-1.296220104249164,0.24405591061058263,1.6636566077598172
12342.0,5.3089632399,-0.7250097182279802,14.73132302,-1.168241752578079,0.44323203435009884,2.7748022267860875
12344.0,9.010912888,-0.9547687912163205,11.93025664595,-1.074532425851125,0.11976363463480455,1.3239786905317599
123458.0,7.1828162119,-0.8562947541990205,17.241750877900003,-1.236339433581627,0.38004467938260644,2.4004165454400805
12348.0,7.788513324,-0.886003507003581,18.926155656,-1.2767033839457067,0.3906998769421257,2.430008766587044
12358480.0,11.24625215605,-1.0497529133829093,16.9663337959,-1.2295880070657048,0.1798350936827955,1.508621144224731
12366.0,32.2925163161,-1.509101887681085,16.72458464,-1.0747624337536692,-0.4343394539274159,0.5179089940309689
12368.0,5.756205354,-0.7599156546330866,8.1228001599,-0.9097057686941136,0.14979011406102694,1.4111380085242178
123698.0,17.81947525595,-1.2128918777858408,28.8921561879,-1.460779953944026,0.2478880761581852,1.621380864077509
12375.0,8.1126652319,-0.9091635552409844,15.5121958119,-1.1906732782451541,0.28150972300416977,1.912096132218563
12377.0,10.3501288959,-1.0149457583368535,9.740997306,-0.9763430449484309,-0.03860271338842258,0.9411474392225884
123924.0,6.939285228,-0.8413147388234209,23.13273541565,-1.3576729682382287,0.5163582294148078,3.3335905148140426
12394.0,5.531941228,-0.7428775574656755,10.572440416,-0.9602815866686316,0.2174040292029561,1.9111628233661342
12397.0,14.342770196,-1.1566330400797726,12.7428157519,-1.1052654036975795,-0.051367636382193105,0.8884487151201652
12398.0,12.4774071719,-1.0961243475318239,19.232321787900002,-1.2288947239257721,0.1327703763939483,1.5413716586257236
12418.0,10.9467559519,-0.8865070402573476,20.76636577295,-1.2627990938643068,0.37629205360695916,1.8970337755036581
124246.0,50.5190290013,-1.7034549946261683,31.298110369999996,-1.4937989577848645,-0.20965603684130385,0.6195311150813014
12463.0,10.59216449995,-1.0037542711722938,21.1314236819,-1.282340285825765,0.2785860146534713,1.9950052401470681
12471.0,18.0167728,-1.2556770019222245,22.819265216,-1.3583016559553653,0.1026246540331408,1.2665567507184197
12478.0,14.656605428,-1.1660333963216558,8.261899192,-0.9170798916058027,-0.2489535047158531,0.5636980017362312
124886.0,6.809238664,-0.8330985564784946,23.0631933519,-1.343555870080193,0.5104573136016984,3.387044351056983
12527.0,2.2602222999,-0.3541511554624714,26.3612533389,-1.4209660548304808,1.0668148993680093,11.663124171488048
1252759.0,18.582177996,-1.2683866583136352,12.62268908995,-1.1005035997423034,-0.1678830585713318,0.6792900752897298
12530.0,11.341183288,-1.0546583692517026,8.54044947,-0.8615217130560651,-0.19313665619563758,0.7530474777739083
1254.0,15.729590816,-1.196717425187517,10.981712868,-1.0406700842947396,-0.1560473408927774,0.6981562964008892
12542.0,13.2591571119,-1.1225159167319698,27.096927947250002,-1.432188287052093,0.3096723703201232,2.043638801363225
12560.0,12.299267178000001,-1.0835601802600898,16.9986021932,-1.230413210511286,0.14685303025119611,1.382082521437197
12561739.0,11.082837546,-1.0074088178521068,10.69468073995,-0.975970725158655,-0.03143809269345177,0.9649767666052189
12566.0,9.595644524,-0.9820741509126351,10.5545519639,-1.0156176286176395,0.03354347770500443,1.099931530133452
12572.0,11.579216804,-1.0636791855396108,11.5789543259,-1.0278201996835334,-0.035858985856077386,0.9999773319642906
12574.0,5.1401059879,-0.7109720741481067,6.963055796,-0.8427998752556929,0.13182780110758618,1.3546521827353932
12576.0,19.042054444,-1.279713802533717,5.4265644,-0.7345249613861892,-0.5451888411475277,0.2849778849209134
12613.0,24.535617328,-1.3897969895136373,16.0648333479,-1.2058762246610923,-0.18392076485254494,0.654755620498158
12620.0,28.111457156,-1.4488833578240294,10.0649089439,-1.0028098502290794,-0.44607350759495,0.35803583172677284
12628.0,8.518809844,-0.9303789240756158,18.288040116,-1.2621671657053146,0.3317882416296988,2.1467834651668745
12635.0,20.55420506195,-1.3023919741391197,14.0234375039,-1.1468544833872494,-0.1555374907518703,0.6822661086446113
12679.0,1.9448682439,-0.2888901851551072,13.9809071309,-1.145535350892004,0.8566451657368969,7.188614022955306
126941.0,11.1241435,-1.0462665825704196,50.6019910319,-1.7003630144869843,0.6540964319165647,4.548843785762022
1269845.0,8.8495639,-0.9469218695125006,14.998387968,-1.1760445834407334,0.2291227139282328,1.6948166189296627
12699.0,3.68540262195,-0.555529049111197,15.449871916,-1.1889248833462904,0.6333958342350934,4.192180204133368
12703.0,15.4176674599,-1.1880186742389647,94.5274154096,-1.97555778347608,0.7875391092371153,6.1311100174820545
12713.0,9.440316958,-0.8269734005652228,11.4711554859,-1.040402929713861,0.21342952914863822,1.2151239769739943
12715.0,6.19175763205,-0.7814695095817672,14.1960930441,-1.1521688371398253,0.3706993275580581,2.2927404281165122
12733.0,10.5910863919,-1.0249405106087235,22.9462661,-1.3356289967516404,0.3106884861429169,2.1665639624608453
12736.0,8.6931704641,-0.9391781957752,29.0048289559,-1.4624703087373232,0.5232921129621232,3.3365075579365
12742.0,7.658306318,-0.8825222568877265,18.3033874,-1.262531471860975,0.3800092149732486,2.390004609371646
12744.0,19.399911484,-1.2877997483787798,11.40076666,-1.056934057039297,-0.23086569133948265,0.5876710658913438
12749.0,22.62817815795,-1.3298013648800135,7.44083369795,-0.8711641037172317,-0.4586372611627818,0.3288304363705833
12756.0,7.51495165995,-0.8752706050844878,19.0,-1.2787536009528289,0.403482995868341,2.528293042955703
12769.0,21.38854280745,-1.2580217872702188,3.484846784,-0.5421836885097535,-0.7158380987604653,0.16293053787592146
12777.0,15.15323213995,-1.1685220738030657,15.2488979719,-1.1832384586325395,0.014716384829473794,1.006313229485727
12793.0,9.44688297395,-0.974471923455543,15.828466832,-1.199438850513107,0.22496692705756405,1.6755226962848344
127998.0,14.40670856795,-1.151514015252043,22.396662056,-1.350183296964478,0.19866928171243492,1.5545995083030217
12810.0,9.106737476,-0.9468224714461387,9.8932371719,-0.9953384206020004,0.04851594915586166,1.086364595221148
12813.0,5.19314830195,-0.7139225015956865,10.13527810395,-1.0047237951245336,0.2908012935288471,1.9516635217492742
12837.0,13.2442500519,-1.1220273716523053,8.026863099949999,-0.9001365182581809,-0.2218908533941244,0.60606399520511
12867.0,8.763226632,-0.9426640434351148,6.15381702,-0.7890832197532383,-0.15358082368187653,0.7022318694267908
12868.0,5.911717168,-0.7717136481007122,8.5570340519,-0.9320084935768121,0.16029484547609996,1.4474701357871187
128918.0,18.4218295879,-1.2653327605226354,19.546753704,-1.2910746407341507,0.025741880211515245,1.0610647335940446
12901.0,3.912622676,-0.5924679675959423,30.501454352,-1.4843205476087502,0.8918525800128079,7.79565444403717
12902.0,23.3413670039,-1.359958318919754,28.67838097595,-1.4571787440642014,0.09722042514444751,1.2286504458439929
129209.0,13.9119270519,-1.143387291749087,13.61942063165,-1.100888738884899,-0.04249855286418813,0.9789744138853825
12938.0,11.6123824601,-1.064921331118958,5.1580578999,-0.7124862128437839,-0.35243511827517415,0.44418601588631984
12942137.0,10.29394012,-1.011074702783152,24.675670008,-1.387396442611072,0.37632173982792017,2.3971064257560495
12947.0,5.533213284,-0.7429774109116092,10.0095693839,-1.0004153943405867,0.2574379834289775,1.8089975697925762
12958.0,5.377343248000001,-0.7186874336414946,14.9756127659,-1.1661585543268904,0.44747112068539585,2.784946408520581
12968.0,4.357712933949999,-0.6319194889005418,21.135773016,-1.3250181362645848,0.6930986473640429,4.850198564328495
12971008.0,22.585293624,-1.3538257410543326,6.3101839799,-0.8000420217307485,-0.5537837193235842,0.2793934887432482
12977.0,6.810500224,-0.833179011552217,27.1922710199,-1.4344454801223885,0.6012664685701715,3.992698058224159
129791.0,10.27963054595,-0.9932304022296775,23.70073377,-1.3310547695512867,0.33782436732160914,2.3056017104951
12989.0,8.4197664659,-0.888895153669371,37.793669968,-1.5774190662875656,0.6885239126181946,4.488683875148333
12991988.0,6.481594168,-0.8116818350707895,20.889040412,-1.3199184900834577,0.5082366550126682,3.2228244889398328
12998.0,4.023644868,-0.604619642357489,11.435621144,-1.0582597589808371,0.45364011662334813,2.8421049866869117
129991.0,13.1126976639,-1.1176920479084984,7.526226566,-0.8691988943174297,-0.24849315359106872,0.5739647751293868
13.0,6.6232888638,-0.8210736964961758,12.9070432001,-1.1108267636486464,0.2897530671524706,1.948736264644028
13000.0,29.419762364,-1.4686391604234517,4.263437,-0.6297598498795371,-0.8388793105439145,0.14491745199196537
130313.0,9.898511891950001,-0.970871780602854,13.9814395279,-1.145551888637003,0.17468010803414913,1.412478934259851
13032.0,7.3631977479,-0.8670664641557114,21.415103792,-1.3307201836209201,0.4636537194652087,2.9083972107237828
13065.0,30.84601452025,-1.3424155931971145,13.269861528,-1.0581148310767827,-0.28430076212033173,0.4301969552432296
13075.0,3.3161004100500002,-0.4931564671260775,10.15255143195,-1.0006682617283928,0.5075117946023153,3.0615934913131655
13081.0,12.173875314,-1.0829870139370779,3.901455822,-0.5784302755779671,-0.5045567383591107,0.32047772146255776
13089.0,17.780284232,-1.2499386992327624,21.86846746795,-1.3088575156929432,0.05891881646018082,1.2299278899373447
13109.0,11.75737909795,-1.0702632939674155,14.680752346,-1.1640120211438345,0.09374872717641902,1.248641574256946
13132266.0,17.11147169195,-1.2286878078517642,5.038646948,-0.7023139289239224,-0.5263738789278418,0.29446017494628496
13134.0,8.46721439395,-0.9189414891903596,14.07885982,-1.1485674847824623,0.22962599559210273,1.6627498921085118
13144.0,8.300985924,-0.9191296774271354,20.1632727868,-1.3045610256846232,0.3854313482574878,2.4290214405138895
13150.0,8.785429534,-0.942824500989853,17.6721264559,-1.247288810542367,0.3044643095525139,2.011526742945019
131535.0,8.82709126395,-0.9040039960538806,25.29738606995,-1.401829617316472,0.49782562126259133,2.865880199207295
13165.0,35.701294583700005,-1.5525664364353469,30.0667419044,-1.4780863695836386,-0.07448006685170827,0.8421751159165934
13166.0,20.947871182,-1.2238988943063092,10.428869252,-1.0182372226893923,-0.20566167161691684,0.4978486434918158
131746.0,18.1958036319,-1.2599712413013322,8.596237930000001,-0.8896242059225831,-0.37034703537874913,0.47242969334585994
13192.0,7.485855924,-0.8742414642406113,6.7553955039,-0.8296507804688014,-0.04459068377180997,0.902421255830197
13195.0,17.61920256,-1.2459862484784816,17.9176919199,-1.253282064979566,0.007295816501084351,1.0169411390148635
13203.0,5.4385732159,-0.7354849795263425,4.37328333,-0.6331357873513381,-0.10234919217500438,0.8041232794686738
13214.0,33.08904579995,-1.5169701755672813,45.5680640743,-1.6586605782926045,0.14169040272532318,1.3771344253864477
13218777.0,11.80923052195,-1.0624892615970132,25.693983788,-1.4098314457615513,0.3473421841645381,2.1757542746110508
13218779.0,26.84285021435,-1.3249952767418085,12.332209642,-1.086468944832986,-0.23852633190882244,0.45942251078118695
13220.0,6.98902462,-0.8444165703509616,14.337377239950001,-1.1409158907519013,0.2964993204009396,2.051413182738223
13232.0,9.7331861079,-0.9882550275838723,29.082937976,-1.463638277094639,0.4753832495107667,2.988018276193718
13240377.0,6.3645878239,-0.8037702836217305,16.8074830039,-1.2255026807587603,0.4217323971370298,2.640781063745453
13246.0,7.5203904859,-0.8083245848186682,29.6508283127,-1.4720368301323286,0.6637122453136604,3.9427245657379646
13254.0,36.549518892,-1.5628816646338308,23.7835502072,-1.3664130614114247,-0.1964686032224061,0.6507212934177847
13263.0,15.1921650319,-1.1816196694787122,18.167436408,-1.2592936486944966,0.07767397921578434,1.1958424865615023
13282.0,19.75724234195,-1.0904273379918898,10.822572317999999,-1.0343050881664375,-0.05612224982545233,0.5477774747450829
13283.0,13.61320500595,-1.1222960187213067,12.90690394195,-1.1055383515715418,-0.0167576671497649,0.9481164748719135
13286.0,4.318007236,-0.6352833657777947,12.763233632,-1.1059607191045444,0.47067735332674976,2.9558157118382375
133264.0,50.2928565279,-1.7015063033296705,22.854971761999998,-1.3548769594927152,-0.3466293438369552,0.4544377341008894
133621.0,10.8062351479,-1.0336744137236535,11.330369630500002,-1.0061575413285486,-0.02751687239510492,1.0485029684646328
13363.0,18.8184515059,-1.1889681643141452,21.0766696319,-1.3238019881935583,0.13483382387941312,1.1200002096501935
13382.0,12.0750160519,-1.0818877167524905,18.11382474,-1.2580101614182728,0.1761224446657823,1.500107715148734
13387.0,8.202867748,-0.9139657096276709,26.3530915259,-1.4094710004964521,0.49550529086878126,3.2126680979740696
133914.0,27.495234024,-1.4392574205045063,6.7717071079,-0.8306981655955418,-0.6085592549089646,0.24628657832077816
13400.0,15.53065737805,-1.1038080463950024,9.6675207899,-0.9818294512716057,-0.1219785951233967,0.6224798187592131
134018.0,236.6148791137,-2.3740420510011173,32.2393655661,-1.5068678310471748,-0.8671742199539425,0.1362524862631656
13428.0,10.569617948,-1.0240592894763845,32.7784505827,-1.5148482419088591,0.49078895243247467,3.101195402138674
13432.0,9.0232400079,-0.9553625092595269,18.5812260839,-1.2690743675641791,0.3137118583046522,2.0592631989874834
13436.0,7.213433024,-0.8581420037676315,23.0535557559,-1.3627379200106506,0.5045959162430191,3.1959201228039293
134601.0,10.013910456,-1.0004150079168836,15.376906024,-1.1868689601808224,0.1864539522639388,1.535554575963546
1349907.0,14.1004438919,-1.1492327847666053,26.887293696,-1.429547091102352,0.2803143063357467,1.9068402315650081
135.0,6.6309122419,-0.8215348032982945,18.491763556000002,-1.266863746527497,0.44532894322920247,2.7887209001429087
13522.0,10.470340884,-1.0199608212805806,13.60889822795,-1.1279300995881525,0.10796927830757186,1.2997569399814013
135242.0,5.938649272,-0.7736876772331023,9.7255538679,-0.9879143436659352,0.21422666643283295,1.637671029632073
13539.0,13.2942640859,-1.1098300930121754,15.289616568,-1.1843965943403916,0.07456650132821618,1.1500912325200674
13542.0,8.1986361,-0.9137416104921812,11.1678403279,-1.0398129039546031,0.12607129346242196,1.3621583141005613
1355.0,9.1712800039,-0.9624299528822733,11.5,-1.0606978403536116,0.0982678874713383,1.2539143930955912
13551.0,9.299499868,-0.968459592596042,9.7010022,-0.9868166030751511,0.018357010479109093,1.043174615592134
13578.0,25.1928024599,-1.3813106812233955,19.491775836000002,-1.2640804870881102,-0.11723019413528535,0.7737041508988743
13583.0,9.365879092,-0.807751972109549,11.516228021949999,-1.06087479705685,0.253122824947301,1.229593923733945
13586.0,17.624815748,-1.2461245855190308,210.11592606595002,-2.3192312150682515,1.0731066295492206,11.921595610994867
13594.0,2.2576787759,-0.35366215026472037,10.088791528,-1.0038391479858637,0.6501769977211433,4.4686567618452315
13610.0,11.355111812,-1.0551914150062631,15.99930846,-1.2041012114998895,0.14890979649362635,1.4089961177742034
13617.0,11.168616492,-1.0479993783883437,12.3919627239,-1.0931400983575985,0.04514071996925484,1.1095342679889022
13618.0,18.7501575979,-1.2469183771698173,29.67495214895,-1.4720150878559521,0.2250967106861348,1.5826508120802978
13624.0,17.3428758999,-1.2391211164328126,21.291980656,-1.3282160629395547,0.0890949465067421,1.2277076062178804
13638937.0,19.1674193401,-1.282563644343914,8.06609173395,-0.8645006042468746,-0.4180630400970393,0.4208230430413235
13671.0,13.467435087950001,-1.1254984945070916,9.4611780999,-0.9759452178425636,-0.149553276664528,0.7025226435555941
13676.0,22.552985232,-1.353204035525608,21.352564185,-1.3186672751401471,-0.03453676038546094,0.9467732969870105
13689.0,18.128906524,-1.2583716096711002,6.2783084079,-0.7978426456359802,-0.46052896403512,0.3463147873584347
13690.0,7.97743434795,-0.9016842701939618,16.1897727199,-1.209240751953737,0.3075564817597751,2.0294460616978145
13709.0,7.0206181959,-0.8463753553274385,9.44404394995,-0.9749549878631727,0.12857963253573423,1.3451869459964745
13728.0,7.09605724,-0.8510171100530783,27.9458173521,-1.446316816271326,0.5952997062182477,3.938217577300715
13755.0,15.4011309879,-1.1871196701275433,24.1036566481,-1.3820829322689525,0.19496326214140924,1.565057570579537
137601.0,8.999123772,-0.9527965697995714,8.2466791999,-0.9162791006110232,-0.036517469188548146,0.9163869070852024
13765.0,14.4342077039,-1.159392950373465,15.7080134639,-1.1961212648478694,0.03672831447440439,1.0882490945211927
13769.0,14.392815404,-1.1581457553559984,14.51748252,-1.1618913117866696,0.003745556430671204,1.0086617602255465
13831.0,8.732784506049999,-0.9411099022471379,16.187257598,-1.1788128508689972,0.23770294862185937,1.8536192650563637
13836.0,8.4020377079,-0.9243846262969679,8.4524288999,-0.9269815262569767,0.0025968999600087805,1.005997496530231
13838.0,8.7911654319,-0.9395080738629076,8.707397992,-0.9397086332096829,0.00020055934677531972,0.9904714067151965
138477.0,14.5301305399,-1.162269516053257,15.115937184,-1.0739393747457724,-0.08833014130748462,1.0403166814290734
13848.0,5.415526804,-0.7336407097040948,9.404123629899999,-0.9334666687236428,0.19982595901954803,1.7365113257225417
13849.0,23.026238884,-1.3622230059051743,40.6171468954,-1.4478783134721813,0.08565530756700701,1.7639505565810492
13878.0,14.009186388,-1.1464129134825989,14.621269684,-1.1649850875884806,0.018572174105881745,1.0436915663085402
13916.0,11.070647268,-1.0441730135348082,27.8434765919,-1.4447234611975663,0.40055044766275816,2.5150721468998753
13930.0,2.8927645519,-0.46131308695879647,14.148725176,-1.150717310957821,0.6894042239990246,4.89107389217244
13931.0,13.30993254995,-1.0624967073670681,27.5146490132,-1.4106555980568638,0.34815889068979566,2.06722678044701
13953.0,16.913460836,-1.2266178235851082,7.61197414405,-0.8791065322809237,-0.34751129130418446,0.4500542034453439
13961743.0,18.767520736,-1.2734069043852543,36.52637531045,-1.5612086013585085,0.2878016969732542,1.9462546931084417
14007922.0,24.5,-1.3891660843645324,15.78670864795,-1.1982025789754855,-0.19096350538904683,0.6443554550183673
14010333.0,19.641136292,-1.2931666092691811,17.13553096,-1.2338975659835985,-0.05926904328558269,0.8724307344162897
14012.0,6.810730836,-0.8331937170540368,18.39515865395,-1.2642444259280525,0.43105070887401575,2.7009081839965403
14025.0,3.9512752079,-0.596737279519436,11.609794668,-1.0251934624475707,0.4284561829281347,2.938239949671919
14075.0,12.792818794,-1.1069092870465869,3.179022264,-0.5022935694682445,-0.6046157175783423,0.24850053105504807
14079.0,9.100409272,-0.9590609242523344,15.1973949799,-1.1817691509176396,0.2227082266653052,1.669968297652185
14127.0,71.61754799139999,-1.8497389161203452,5.276245776,-0.7223250174798063,-1.127413898640539,0.07367252752961585
14130.0,5.615794308,-0.7480256064050331,14.48150116,-1.1608135833882538,0.4127879769832207,2.578709326901508
14138.0,32.98148889395,-1.5181904467995386,26.579701606,-1.4242753152268635,-0.09391513157267517,0.8058975654939483
14184.0,11.4584603599,-1.0591262666610135,20.63693972795,-1.3070641293478151,0.24793786268680162,1.8010220465718925
14205677.0,9.348802788,-0.9707559984815135,10.311688918,-0.995545122859816,0.024789124378302496,1.1029956617799177
14215.0,11.85833520195,-0.9761945651024803,15.46908398995,-1.183949725404407,0.20775516030192664,1.3044903628130065
14218.0,8.235824997950001,-0.9154800670630039,20.0205709799,-1.3014764592513794,0.38599639218837556,2.4309126268325723
14219.0,181.9579761855,-2.2599710977756486,23.6946160439,-1.3746496756280955,-0.8853214221475532,0.13022026591318064
14223.0,11.6752575159,-1.0672664683817032,5.02348785595,-0.6629672033966839,-0.40429926498501934,0.4302678419819641
14228.0,11.381043788,-1.0561820942717766,5.259780556,-0.7209676252742067,-0.3352144689975699,0.4621527387097687
14233.0,10.0392967899,-0.9569305323125542,11.93738583595,-1.0755973294895191,0.11866679717696493,1.1890659361679163
14236.0,6.584423408,-0.8185177501880517,16.141330068,-1.2079393183286218,0.38942156814057005,2.451441693191915
14240.0,11.933438756,-1.0767656085957342,5.9641488119,-0.7755484710285648,-0.3012171375671694,0.49978459133594605
14242.0,13.654490396,-0.8861565266046385,13.333914497950001,-1.0564755257131586,0.1703189991085201,0.9765223096027144
14257.0,11.45780642,-1.0591014805566388,17.2914211601,-1.2378306888566357,0.17872920829999694,1.5091388810616684
14257662.0,9.3304659639,-0.9699033329745149,5.519866156,-0.7419285472191697,-0.22797478575534524,0.5915959800246434
14264.0,6.498817134,-0.6919493665400087,24.5180116759,-1.3894852475267176,0.6975358809867089,3.772688347796185
142752.0,5.37276927,-0.7301300595780225,6.022103878,-0.7796537417957445,0.049523682217722076,1.1208565965461608
14276.0,28.2670694319,-1.4512807856551704,5.4948039039,-0.7399521981291596,-0.7113285875260108,0.1943888777412134
14284.0,9.035055048,-0.9559308029367747,6.648271186,-0.6749672728229339,-0.2809635301138408,0.7358307338118167
14286.0,6.83992074795,-0.8007885583829093,16.1145755139,-1.2070751969207578,0.4062866385378485,2.3559593901332434
142891.0,108.26476493940001,-1.841450165173442,9.35843308995,-0.9202598255124685,-0.9211903396609735,0.0864402476206204
14295.0,8.31069800595,-0.8796815398574954,5.3831792959,-0.7310388449695489,-0.14864269488794657,0.6477409348824781
14306122.0,4.8626957039,-0.6868770932877012,31.3315289559,-1.4959815886547152,0.809104495367014,6.443242773914756
14337.0,12.8080501179,-0.9933131141416791,9.1899991319,-0.9633154703620571,-0.029997643779621996,0.7175174243780041
14347.0,22.2217218119,-1.34677770646967,26.46699000105,-1.4201944629847558,0.07341675651508583,1.1910413704700689
14357.0,7.1786949041,-0.8560454961271589,8.713961716,-0.9402156475705328,0.08417015144337392,1.2138643350093004
14369.0,20.324699968,-1.3080241432843716,15.408480532,-1.1877598139874805,-0.12026432929689101,0.7581160143204925
14456.0,4.258745584,-0.6292816962453376,11.0961320479,-1.045171616354079,0.4158899201087414,2.605493056356287
14503.0,12.136585076,-1.0840965045909294,18.270636596,-1.261753679553604,0.17765717496267452,1.5054182442250612
14520.0,13.4257330599,-1.1279380079788786,12.00321905995,-1.079278427271917,-0.048659580706961636,0.8940457110532931
14525.0,17.89706598,-1.2527818391844896,8.727769166,-0.9244464071057541,-0.3283354320787355,0.48766480359145437
14529.0,11.630013324,-1.065580212281016,9.504288392,-0.9779196057888436,-0.08766060649217244,0.8172207655503456
14586.0,8.092863836,-0.9081022333653296,127.7112411204,-2.1062291254677956,1.198126892102466,15.780722832910396
14589.0,14.0,-1.146128035678238,39.39695682825,-1.5827275021481502,0.4365994664699122,2.814068344875
14642.0,5.931653384,-0.7731757651118634,13.1129158119,-1.1176992729423554,0.344523507830492,2.2106679138182095
146540.0,59.8298312416,-1.776917777855497,14.13530694,-1.1503052433809662,-0.6266125344745308,0.2362585126292592
146571.0,7.301178444,-0.8633929629179125,7.39350452,-0.8688503427153027,0.005457379797390249,1.0126453663210864
14708.0,13.356944408050001,-1.1253462314832525,32.8134339719,-1.5160516822912065,0.39070545080795394,2.4566572240971447
14709.0,7.316065408,-0.8642775795554032,10.454683676,-1.004170159872531,0.1398925803171278,1.429003582249001
14716.0,12.37222234195,-1.0890783361919887,10.408507124,-1.0173884437946377,-0.07168989239735102,0.8412803162054638
14720269.0,56.0363006105,-1.7484694564231955,19.5492782639,-1.2911307283921631,-0.45733872803103237,0.3488681096167309
1474.0,12.4054237399,-1.0936116033327195,13.257990258,-1.1029007708915142,0.00928916755879472,1.0687253040263236
14743.0,17.997118208,-1.2525124028233,29.739585796949996,-1.4701756151634078,0.21766321234010788,1.6524637696567601
14759.0,11.154273312,-1.0474412817584833,83.94755821055,-1.8887250130579283,0.841283731299445,7.5260445806216225
14776.0,11.975983485999999,-1.0494726184414946,12.386527338,-0.9518900133292996,-0.09758260511219508,1.0342805960345496
14782.0,20.8480169719,-1.3159348069001364,17.1561376599,-1.2344195223359264,-0.08151528456420998,0.8229146054046244
1480.0,18.769982104,-1.2311610582918862,16.771183455950002,-1.218051149293758,-0.01310990899812814,0.893510892180124
14802.0,22.013956556,-1.3426981050709947,6.0300818799,-0.7803232092790104,-0.5623748957919843,0.2739208585499127
148121.0,20.16299506,-1.3045550437168805,8.7949892399,-0.94423531246262,-0.3603197312542604,0.436194583876469
148124.0,5.8025658079,-0.7636200745645377,11.54526284995,-0.9869143170078223,0.22329424244328455,1.989682363314434
148192.0,9.49580194,-0.9775316476838843,17.111116824,-1.233278356395069,0.25574670871118477,1.801966482885594
1483.0,35.3214489258,-1.5434373209283245,51.6808588376,-1.7133297221954513,0.1698924012671268,1.4631579510276127
14855.0,12.5852287199,-1.0998611126843698,38.4133579435,-1.5842529006839914,0.48439178799962157,3.052257435954269
1486.0,4.115356472,-0.614407459746922,27.4674393921,-1.4388181749023754,0.8244107151554534,6.674376710494594
14868.0,15.747535224,-1.1972125884505003,28.4442632761,-1.4539946897554712,0.2567821013049709,1.8062676394430015
14871.0,10.39633252995,-1.01650841878113,76.7054229926,-1.8848260691967698,0.8683176504156398,7.37812327295469
1488.0,4.59991649795,-0.6627408790592072,16.89772419995,-1.1708530890125741,0.5081122099533669,3.6734849877124174
1489.0,41.1534696428,-1.614406456393961,29.523913012,-1.4701712060400833,-0.14423525035387774,0.7174100572384023
14899.0,9.22897629395,-0.9284266167710178,12.40402194,-1.0935625257378545,0.16513590896683672,1.3440301009475322
14982.0,40.6664276679,-1.609236023590728,18.732978046,-1.2693458724345899,-0.3398901511561381,0.46064970837816804
14985.0,18.303210296,-1.2625272695971885,8.67813131795,-0.9313181101480956,-0.3312091594490929,0.47413165109327987
15004.0,4.173642384,-0.6205152340660189,15.2509327879,-1.1832964071089596,0.5627811730429406,3.654106266115588
15008.0,20.89089453795,-1.319817330295876,18.37652215795,-1.2639057152085456,-0.055911615087330446,0.8796426655913446
15008962.0,11.31902484,-1.0538090129962914,14.5564605099,-1.163055786522939,0.10924677352664758,1.2860171892599186
15032.0,29.800052849150003,-1.3481922559706176,6.2374754439,-0.7950088488759803,-0.5531834070946373,0.20931088530193376
15037.0,7.679760028,-0.885347649700305,18.01433141195,-1.2387801539659686,0.35343250426566364,2.34568936350494
15046.0,3.85271293195,-0.5825038948676814,14.6453531105,-1.1656998473110896,0.5831959524434082,3.8013091993042543
15069.0,17.64213980795,-1.2125637653864798,7.348383036,-0.8661917859143328,-0.34637197947214704,0.4165244758285291
15074.0,2.2767228599,-0.3573101681902673,18.74351147,-1.2447005963729718,0.8873904281827045,8.232671529824788
15088.0,8.582101008,-0.9335936217043292,15.0661213799,-1.1780014619953074,0.24440784029097817,1.7555283217775894
15103.0,17.7411488239,-1.2489817390428397,14.87412326195,-1.1237154899018535,-0.12526624914098616,0.8383968484561899
15109.0,10.33842995,-0.9979125883693302,30.0788401999,-1.4782610864244479,0.4803484980551177,2.9094205160136526
151166.0,22.3947754,-1.3501467112089376,15.1155279479,-1.1794233206078142,-0.1707233906011234,0.6749577826933687
151170.0,11.008876352,-1.0417429939009695,9.072483212,-0.9577261732415654,-0.08401682065940408,0.8241061959381338
151173.0,55.8046655306,-1.7466705095019495,28.696889538,-1.4528522827587316,-0.2938182267432179,0.5142381782086717
15122.0,3.285961596,-0.516662483401311,7.633216656,-0.8827075892740287,0.36604510587271766,2.3229780485845946
151318.0,13.41365972795,-1.0607212798000474,8.9185249019,-0.9455752729279682,-0.11514600687207921,0.6648837888228593
15132.0,20.900136276,-1.320149117868081,19.909138204,-1.299052461366049,-0.021096656502032074,0.9525841334758195
15133.0,15.794080044,-1.1984943346761212,7.826209032,-0.8935514433898312,-0.30494289128629004,0.49551534563566385
15144.0,18.728137428,-1.2724945875746783,28.731885657200003,-1.4111659667871903,0.13867137921251205,1.53415606691585
15158.0,5.64501512,-0.7516651095070048,13.5413672599,-1.1316625168935486,0.37999740738654375,2.3988185987179427
15165.0,6.4758938079,-0.8112997185524329,20.635947072,-1.314624405304788,0.5033246867523551,3.186578977997759
151932.0,10.8745121359,-1.0364097822759442,18.534402712,-1.267978595056052,0.23156881278010788,1.704389353781897
15209.0,182.0770845624,-2.2568590814402,10.608331945949999,-1.025512652090829,-1.2313464293493708,0.05826286142183036
15260.0,10.1126208999,-1.0048637267929434,12.319968412,-1.0906095943128482,0.08574586751990476,1.2182765016062085
15277.0,158.4173550988,-2.199802758129509,23.140552487950004,-1.3637282063638487,-0.8360745517656603,0.14607334198653904
15286.0,37.18300038335,-1.3405407057437022,6.59100029595,-0.8184399029608109,-0.5221008027828913,0.1772584306806331
15287.0,17.291602785949998,-1.2185686280011754,9.6228684119,-0.9833045470664373,-0.23526408093473805,0.5565052893603883
15294.0,8.653913976,-0.9372125737915017,15.624769749350001,-1.1937979040775177,0.25658533028601604,1.8055147985850513
152943.0,13.821490092,-1.1405548667608951,6.7270328799,-0.8278235504008397,-0.31273131636005547,0.48670822285606286
15295.0,5.372206908,-0.7301527309646972,22.28419077195,-1.3382721932558794,0.6081194622911822,4.148051471875663
1533.0,7.26893589,-0.8609874273523394,13.5525852719,-1.132022148511136,0.27103472115879657,1.864452442144183
15376.0,10.2805095999,-1.012014642960734,8.053679072,-0.9059943195802721,-0.10602032338046186,0.7833929820053218
15387.0,11.5263712999,-1.0616926054327775,6.53320041195,-0.8101235741640218,-0.25156903126875574,0.5668046119602863
1539.0,32.2071610359,-1.5079524447581698,27.291659332,-1.436029941563022,-0.07192250319514781,0.8473786094210262
153939.0,188.8971535537,-2.276225413690838,12.5907619859,-1.0880797094069925,-1.1881457042838457,0.06665405883059364
15394.0,17.80521813395,-1.2151126736357951,16.44597600795,-1.2110138545761955,-0.004098819059599634,0.9236604620188129
153941.0,13.6377738279,-1.1347434837248718,5.931664392,-0.7731765710775717,-0.3615669126473001,0.4349437427877759
154058.0,14.359104812,-1.157127365579882,20.8296143319,-1.3186812288974208,0.16155386331753885,1.4506206761923315
15406.0,10.757478216,-1.0317104753048536,11.2713776639,-1.0519770016950276,0.02026652639017401,1.0477713677482197
15407.0,6.4212631719,-0.8076204695990659,54.0995392376,-1.7331935662633173,0.9255730966642515,8.425061828075236
15413.0,4.68406538195,-0.6659408738420072,16.7450427399,-1.223886260366721,0.5579453865247139,3.574895176405278
154256.0,6.523039628,-0.8144500169050497,28.74574841995,-1.4574690287094456,0.6430190118043959,4.406802665518009
15427.0,31.978943464,-1.5048641112133907,21.301594068,-1.3284121043322674,-0.17645200688112328,0.6661131282207642
15432.0,158.5962702492,-2.2002929696824807,14.9680684219,-1.1581884189755103,-1.0421045507069704,0.09437843902874193
15436.0,21.8221475,-1.3388974869263763,12.883513357150001,-1.1095749680893263,-0.22932251883705002,0.5903870532059231
15458.0,4.64341952,-0.6668379227336704,32.81059774245,-1.4822811422155966,0.8154432194819262,7.066042084099694
15461361.0,10.0685184759,-1.0019080699500356,16.1361569437,-1.2044905516266162,0.20258248167658066,1.6026346857607203
1547484.0,16.2882058799,-1.2118732500930243,8.97170634395,-0.9455595083054822,-0.2663137417875421,0.5508099793250575
1548887.0,4.347388816,-0.6382284837822525,23.587474413899997,-1.368037810458993,0.7298093266767405,5.42566478689216
1548943.0,66.1222766029,-1.820347798000679,22.644532419,-1.3549633574789153,-0.46538444052176375,0.342464500352773
1549008.0,46.2941521774,-1.6655261349167851,20.1803860241,-1.304929469459517,-0.3605966654572681,0.43591652670878184
1549018.0,9.69408243995,-0.949258064306216,27.915855988,-1.445850949226226,0.49659288492000997,2.879680068838365
1549025.0,2.95984722,-0.45802576215821844,3.0415007679,-0.4830879304470403,0.02506216828882185,1.0275870819778328
1549026.0,21.0,-1.3222192947339193,8.37265253795,-0.919555199902645,-0.4026640948312743,0.39869773990238094
1549517.0,16.587172966,-1.2197723733729162,9.18437904695,-0.9616337450258496,-0.2581386283470666,0.5537037001890512
1549992.0,9.39145610995,-0.9719395775734606,24.7647680159,-1.393834264081592,0.42189468650813133,2.636946574201884
1550489.0,5.24288646,-0.7195704527300502,24.427454538,-1.3859309388870682,0.666360486157018,4.659161460841553
1550823.0,5.56966528395,-0.7455932212598345,17.164552316,-1.2346324806877043,0.48903925942786974,3.0817924311291685
15510.0,6.737880512,-0.8285233050364371,13.5946640959,-1.0584394365900291,0.22991613155359203,2.0176469546600355
15512.0,23.5913307241,-1.3727524389709547,20.5372486719,-1.3125422617224924,-0.06021017724846223,0.8705421882335757
1551245.0,9.4806740881,-0.9768392173311414,6.5374165999,-0.815406161464737,-0.16143305586640444,0.6895518756525622
15513.0,6.079450224,-0.7838643069900499,10.058866048,-1.0025490247702353,0.2186847177801854,1.654568370062536
155143.0,29.99147348945,-1.4436508521242106,12.559609772,-1.0989761460492793,-0.34467470607493134,0.4187726813895306
155166.0,6.685767916,-0.825150152515506,22.8728930081,-1.3593210984936535,0.5341709459781474,3.421131767580788
15531.0,31.7364063001,-1.3694393396981717,47.4833111483,-1.676540995945904,0.3071016562477322,1.4961779446386272
155434.0,5.4663182319,-0.7376949113550113,8.9498822079,-0.9518173194728189,0.21412240811780758,1.637277931546472
15546.0,17.264758728,-1.168719209348306,10.839780061899999,-1.0154182025468117,-0.1533010068014944,0.6278558671266014
15553.0,10.8967411079,-1.0372966327594308,17.55894745605,-1.2442818290483486,0.20698519628891776,1.6113943868336913
15558682.0,3.852529032,-0.5857459201717394,12.479463344,-1.0961959097253549,0.5104499895536154,3.2392911877737145
15559221.0,11.556780604,-1.0628368686308123,13.395025752,-1.1269435528782141,0.06410668424740185,1.1590620442654898
15560.0,10.519517148,-1.0219958059040533,28.4850768155,-1.4546173949530565,0.4326215890490033,2.7078312069595003
15583.0,13.388159911999999,-1.1211925715997304,21.199653248,-1.3263287574517815,0.20513618585205107,1.583462804996708
15595.0,8.53566126005,-0.8922166883729789,23.028571432,-1.3622669975194743,0.4700503091464955,2.6979247102719612
15600.0,15.186167732,-1.1814481923731732,7.6317097019,-0.8760651065319116,-0.3053830858412616,0.5025434880334299
15605556.0,12.6224315279,-1.1011430234843114,15.863095816,-1.20038794745841,0.09924492397409868,1.2567385119845567
15615.0,24.1887826999,-1.3836140130489984,8.9091628399,-0.9498368969557079,-0.4337771160932905,0.3683179492921251
15625.0,7.0018263799,-0.8452113376220698,11.76726578645,-1.0021574446403343,0.1569461070182645,1.6805994819051855
15627.0,12.736549236,-1.1050517788029015,8.435422368,-0.9261068329238831,-0.17894494587901844,0.6623004560887797
15629.0,13.419685973950001,-1.0417144091197963,9.3794565041,-0.972177673761921,-0.0695367353578753,0.6989326368968093
15630.0,54.00875625105,-1.732336684653464,23.75973842,-1.3758416550222905,-0.3564950296311735,0.43992382104777833
156391.0,2.661495808,-0.42512578647198923,13.02822607,-1.1120645037072516,0.6869387172352623,4.895076682382661
156395.0,9.9740300559,-0.9807056271881627,9.546511624,-0.979844705698135,-0.0008609214900276996,0.9571368414267905
156422.0,28.3332636786,-1.4522966033227418,13.1065481439,-1.1174883271248495,-0.33480827619789233,0.46258518935816495
15659.0,10.6461168599,-1.0271912290104332,15.12486395405,-1.1775179727872154,0.15032674377678212,1.4206930238592244
15666.0,3.526720954,-0.5446083295229884,11.8382690879,-1.0732882074099466,0.5286798778869581,3.356735404447879
15684.0,17.249039468,-1.2367649159100516,17.184028664,-1.2351249884495503,-0.0016399274605012337,0.9962310478725145
15723.0,9.599915356,-0.9822674038120489,13.4652054699,-1.1223040275893057,0.14003662377725679,1.4026379369568267
15730.0,13.639679852,-1.1348041767616974,22.70672261795,-1.3561368550864352,0.2213326783247378,1.6647548083484152
15763.0,17.7268671719,-1.2486319905262036,15.977109604,-1.2034982144916024,-0.045133776034601114,0.9012934687820274
15766.0,13.473379844,-1.1270731812822126,11.140295988,-1.0468967298186274,-0.08017645146358521,0.8268375208735042
157690.0,16.402847248,-1.214919240533525,12.030121026,-1.0769546707264044,-0.13796456980712057,0.733416634570369
15787.0,12.521102196000001,-1.0971873481734464,18.9181091439,-1.2768777267059626,0.17969037853251613,1.510898070135039
157921.0,16.93156562395,-1.1048308507087248,7.172582178000001,-0.8551405605356261,-0.24969029017309863,0.42362191053698284
15797.0,26.685638161950003,-1.426128707112981,28.6151722199,-1.4565963640458117,0.030467656932830822,1.0723060863765006
15816.0,7.860713227950001,-0.8913579375516141,8.748368888,-0.9419270874251708,0.05056914987355676,1.1129230432798134
15817.0,10.9289747159,-1.038579421225755,13.7740071759,-1.1240798037808746,0.08550038255511949,1.260320161218866
1584822.0,63.9689961083,-1.8059695352095626,34.27474999905,-1.5170928712912035,-0.2888766639183591,0.535802530666928
158793.0,12.229278404,-1.087400831982604,31.7654902,-1.5019555616864662,0.4145547297038621,2.5974950565856787
15895902.0,23.1334322879,-1.3560020451325467,5.071237696,-0.705113967014421,-0.6508880781181258,0.2192168301222004
159055.0,5.5372201159,-0.7432917879548939,11.37459167795,-1.003964722168859,0.2606729342139651,2.054206161190544
15906.0,4.4771597,-0.6510025859161161,8.80828198,-0.9448912092786124,0.2938886233624962,1.967381681738983
15909.0,13.677745087200002,-1.1167702895768916,21.271297444,-1.3277939805273131,0.2110236909504215,1.5551757477850825
159278.0,15.34692696,-1.1860214262024504,5.799448992,-0.7633867330281947,-0.4226346931742557,0.37788991940312205
15932798.0,5.62387417595,-0.7495247271497254,13.352402909999999,-1.122788570206512,0.3732638430567865,2.374235712296048
15965.0,42.065244160300004,-1.4565894359582647,18.27514639675,-1.2538465824419511,-0.2027428535163136,0.43444764820829374
159678.0,10.784697984,-1.0328079875731215,15.7773441879,-1.198033899911977,0.16522591233885553,1.4629379711241808
15969.0,8.243384252,-0.9161055442491151,18.9584126161,-1.277801971138706,0.361696426889591,2.2998336649781104
15984075.0,14.4171379079,-1.1588790527428476,7.940006424,-0.8998208538007264,-0.25905819894212123,0.5507338887040265
159924.0,4.8875878879,-0.6890945798948321,6.65588906395,-0.7865805399773884,0.09748596008255628,1.3617942462840844
159977.0,56.5767208364,-1.7526377723198634,13.74317421195,-1.0676680978799549,-0.6849696744399085,0.24291217321856515
15998.0,20.74252833395,-1.3141755386955616,9.73306533005,-0.9822758856547325,-0.33189965304082913,0.4692323507216602
16002.0,7.24279470595,-0.7862289003448772,15.31371353595,-1.1850522645640764,0.3988233642191992,2.114337649715474
160024.0,11.425935432,-0.9662656840968349,10.42759594,-1.0181841943002632,0.0519185102034283,0.9126251414650914
16003.0,11.25791344795,-1.0398705726290227,20.41831664,-1.310019934416199,0.2701493617871762,1.813685700676448
16004.0,9.013652079949999,-0.9548103387307543,19.924868952,-1.2993954736761586,0.3445851349454043,2.2105211933263935
16036578.0,151.2422858338,-2.1796732325459858,37.573880136,-1.5484490228235128,-0.631224209722473,0.24843501887620173
16043.0,15.02867702,-1.1769207511655895,27.9885170359,-1.4459193099414265,0.268998558775837,1.8623407102736445
16051918.0,7.9442359719999995,-0.8999953702561794,17.058674754000002,-1.2241883923591343,0.324193022102955,2.1473021212013923
16051930.0,23.437498128,-1.369911096827823,7.42435379595,-0.8419363259180885,-0.5279747709097344,0.31677245392844944
16051931.0,19.9221974881,-1.2993372409310278,3.726467324,-0.5712973174168777,-0.72803992351415,0.18705101815328892
16051933.0,8.522735212,-0.9305789958046038,46.955679226,-1.6716881271101165,0.7411091313055127,5.5094612302264725
16051941.0,21.621052436,-1.333922423543622,7.153495968,-0.8545183367036611,-0.47940408683996094,0.3308578982995812
16051942.0,163.2283103172,-2.2083680737422946,9.12819610395,-0.9569532195049417,-1.2514148542373529,0.05592287322101947
16051947.0,37.13926867165,-1.569459884171406,9.697846516,-0.9866753064260578,-0.5827845777453482,0.26112109534894484
16051969.0,7.89428214,-0.8973126439312303,42.3147148149,-1.6263148142604886,0.7290021703292583,5.360172598910938
16052011.0,12.10360077595,-1.0821427356937137,14.34094370795,-1.0857738385823767,0.0036311028886630847,1.184849366185774
16052015.0,30.3026484919,-1.4814805880782276,18.1359061199,-1.2585392590089044,-0.22294132906932318,0.5984924428222104
16052038.0,20.649692364400003,-1.3064124356891849,19.31472424,-1.2858885120199925,-0.020523923669192312,0.9353516700955079
16069365.0,7.714379244,-0.8763028810351903,13.548912535900001,-1.10244415008002,0.22614126904482967,1.7563192199084479
16078.0,20.280421948,-1.307076986547971,34.8237771197,-1.5418758745722063,0.23479888802423532,1.7171130467102644
160796.0,25.03162558995,-1.3970592739405276,19.94820024195,-1.2316540613187401,-0.16540521262178753,0.7969198872149577
16097.0,8.12094629,-0.9096039946866654,16.8238865429,-1.2259263308885233,0.3163223362018579,2.071665781562508
161104.0,22.5,-1.3521825181113625,21.4419320319,-1.3312639150221097,-0.020918603089252752,0.9529747569733332
16114800.0,23.771517976,-1.376056915323099,11.73358433995,-1.0607825894158103,-0.31527432590728877,0.4935984463338169
16116.0,17.4015683659,-1.2391424863279124,10.4223195859,-1.010218253757691,-0.22892423257022143,0.5989298991189501
16124.0,12.161939136,-1.0850028256705113,5.1410339359,-0.7110504706488789,-0.3739523550216324,0.4227149863529789
16129710.0,63.36710003265,-1.7992636795393029,7.3671753559,-0.867301007196188,-0.9319626723431149,0.11626183543359331
16135.0,6.60754399795,-0.8001816469994456,12.769070064000001,-1.1029851157366908,0.3028034687372452,1.9324986815012695
16143.0,21.7304084681,-1.3370678898628436,24.429658186,-1.3835400424396722,0.046472152576828574,1.1242153235114043
16158.0,196.2625381342,-2.2928374109895673,13.814172608,-1.140324878210855,-1.1525125327787122,0.07038619157444184
16161315.0,7.1277874,-0.8529547375518524,40.540803384,-1.6078923507156715,0.7549376131638191,5.687712204210805
16180.0,10.2337206281,-1.0100335569266348,19.881965942,-1.2984593255114407,0.28842576858480595,1.942789593787387
161803.0,11.0290039641,-1.0425362928184756,17.09516442995,-1.2213579336365274,0.17882164081805185,1.5500188852588754
16183.0,15.264198596,-1.1555741807798,12.952738056000001,-1.0904554075346937,-0.06511877324510618,0.8485698069595531
161929.0,20.222776924,-1.3058407912136343,28.8988923199,-1.4383596821259281,0.13251889091229385,1.4290269050836115
162012.0,11.092212648,-1.0450181868134825,25.055127546,-1.3204784003069157,0.2754602134934332,2.2588033912708667
162071.0,6.9834204859,-0.8433507728406284,9.8197128561,-0.9920987885166289,0.1487480156760005,1.4061465833149627
16210995.0,5.878331230000001,-0.7628123752655458,12.9520735519,-1.1123393020125814,0.34952692674703556,2.20335892026622
16211197.0,11.9963994559,-1.0790509184583472,46.77307908015,-1.6586216551638309,0.5795707367054836,3.898926444729742
16211409.0,11.648981616,-1.0662879598784618,8.9683122841,-0.9527107223456289,-0.11357723753283289,0.7698795121954632
16211610.0,48.2090263739,-1.6831283605908174,22.4915929217,-1.3206661131192208,-0.3624622474715966,0.46654318938655803
16212515.0,12.685977724,-1.1033239444607534,11.41356227195,-1.030641363037428,-0.0726825814233254,0.8996990630337637
16217215.0,22.577426703950003,-1.3524866715180814,8.932957388,-0.9509952623218844,-0.4014914091961971,0.3956587925247099
16218600.0,11.822716348,-1.072717270066011,24.649222704,-1.391803228656407,0.319085958590396,2.0849035008921453
16219127.0,96.5461146356,-1.9847348008883599,10.3567137959,-1.0152219748390843,-0.9695128260492756,0.10727219665949259
16219385.0,20.3773016199,-1.3091466738227364,8.250106539899999,-0.8965225752748133,-0.41262409854792315,0.40486746939266666
16219744.0,26.08208876985,-1.3290110682442677,24.1115843159,-1.3822257477912683,0.05321467954700054,0.9244498984978597
16220118.0,15.5494221479,-1.191714254286238,25.281800044,-1.402807992131936,0.21109373784569807,1.6258996510307226
16230.0,32.2017304013,-1.4877040541025428,9.711760652,-0.9872979706013898,-0.500406083501153,0.3015912664000172
16231.0,51.786152065349995,-1.6834058895533741,55.97156149,-1.747967422987327,0.06456153343395288,1.0808210159999598
16237.0,3.5308500039,-0.5478792684375816,15.4841777639,-1.1898881485315531,0.6420088800939715,4.3853966457926425
162381.0,20.1163014961,-1.3035481360516592,16.674396305949998,-1.2158970741721546,-0.08765106187950455,0.8288997015272765
16241.0,11.714591716,-1.0687271569041155,13.219801399949999,-1.060191837255278,-0.008535319648837358,1.128490153173171
162461.0,7.879764337899999,-0.8922952024143247,9.1869972639,-0.9631735870323422,0.07087838461801754,1.1658974646884408
16247.0,36.924381308,-1.567313227158729,16.83875730795,-1.2263086360660191,-0.34100459109270975,0.45603356675069684
16278.0,13.11270656205,-1.1168760447209283,17.07069875,-1.215148173985947,0.09827212926501883,1.3018440296227614
162834.0,23.516754156,-1.3713773790786,12.9500941999,-1.1122729275175003,-0.2591044515610996,0.5506752383426158
162839.0,7.231060936,-0.8592020213398576,12.70049298195,-1.0793196108674146,0.220117589527557,1.756380300810398
16303.0,9.194272972,-0.9635173935271315,12.39473864995,-1.012567925881785,0.04905053235465351,1.3480933933217574
16305.0,15.65019187195,-1.194305526247176,10.3658110401,-1.0156032877574341,-0.17870223848974187,0.6623440226748114
16306.0,10.91202591405,-1.0378018492880117,12.355911284,-1.0918747813866503,0.054072932098638615,1.1323205591081758
163263.0,16.90829309995,-1.2273847853090154,6.864560099949999,-0.818743001795929,-0.40864178351308644,0.40598776348218724
16329.0,12.113087592,-1.083135393277841,14.088028352,-1.1476991625634407,0.06456376928559981,1.163041895387955
16351.0,10.5869695199,-1.0247716627388086,31.2033349319,-1.494201012772333,0.4694293500335245,2.947333972507246
163727.0,8.52547571595,-0.9068016159448318,12.804776138000001,-1.1047454330351778,0.19794381709034603,1.5019427143571606
163751.0,19.67320061195,-1.074126260924108,41.838943336,-1.6215807076675521,0.5474544467434441,2.1266973362019175
1639.0,6.680273816,-0.8247942640235545,10.751983206,-1.0218458472745013,0.19705158325094685,1.6095123496656385
163934.0,9.87532989995,-0.9866371875431759,19.1496968019,-1.2788034868558302,0.29216629931265437,1.9391450205624987
16402.0,3.8151412759,-0.5815106246520468,18.02926152,-1.255977938349844,0.6744673136977971,4.725712684321725
164072.0,78.4858585704,-1.8947914134574297,13.519968532,-1.1309756807776097,-0.7638157326798201,0.1722599303653269
16420.0,17.1386189159,-1.2339758221747055,13.1855155001,-1.1200971136116236,-0.11387870856308191,0.7693452759993052
16421.0,20.554160188,-1.3128997368610338,18.4774075439,-1.266641037860356,-0.046258699000677694,0.8989619315454952
164282.0,11.061281628,-1.043048073832277,8.480523496,-0.9284226617386527,-0.1146254120936242,0.7666854331357776
164333.0,5.232159868,-0.7186810053333196,23.0837708159,-1.363306753823938,0.6446257484906185,4.411900897195597
164457.0,23.7151090481,-1.375025125988911,7.3043887839499995,-0.8618787554626035,-0.5131463705263075,0.308005700886086
164486.0,22.898524152550003,-1.2610868466676717,13.4742468719,-1.1295045001282609,-0.1315823465394108,0.5884329829352558
16449.0,161.0306588868,-2.2069085699309015,23.883772756,-1.378102930401019,-0.8288056395298824,0.1483181707204565
164512.0,9.2917702879,-0.9680984645880969,25.664060452,-1.4093253695910979,0.441226905003001,2.7620205468725856
164652.0,12.678595344,-1.1030711409162783,22.903869290899998,-1.152127622410045,0.049056481493766624,1.80649895903011
165286.0,23.9448929199,-1.379212899244547,16.885024436,-1.22750169348267,-0.15171120576187702,0.7051618268865708
16533.0,271.4481079012,-2.433686818800938,27.393042768,-1.437640275552862,-0.9960465432480761,0.10091447304532457
16541.0,8.039315728,-0.9052190850419195,7.6623853521,-0.8843639894745529,-0.020855095567366644,0.9531141220654893
165457.0,12.502204224,-1.0969865888422494,44.24843002395,-1.6386154670075734,0.541628878165324,3.5392502978801126
16551.0,16.278288344,-1.2116087370497115,19.09981600995,-1.2684858043347331,0.05687706728502162,1.1733307339398484
16562.0,5.944242728,-0.774096535153377,19.862153821950002,-1.2979152712967288,0.5238187361433518,3.3414102907323273
16574.0,15.1450841239,-1.1802716899794787,10.951926578,-1.0314148617381775,-0.1488568282413012,0.7231340868366056
165746.0,37.0,-1.568201724066995,17.401338892,-1.2405826650088674,-0.3276190590581276,0.4703064565405405
16584.0,9.88581295595,-0.9853207945677358,35.328113568,-1.5481204478259836,0.5627996532582478,3.573617437980857
16590.0,17.0562593979,-1.2113639824467688,20.2888168459,-1.2765656030871857,0.0652016206404169,1.1895232344084776
16591.0,9.535139992,-0.979327073607174,11.9518119,-1.0774337495119128,0.09810667590473887,1.253449022251125
16637.0,3.0148163639,-0.4792608638812253,7.80271260595,-0.8381806432697645,0.3589197793885392,2.588122016113885
16640.0,16.4184258719,-1.2153315164911813,29.7043162975,-1.4075906203020039,0.19225910381082256,1.8092061035119509
16653.0,10.548877412,-1.0232062454428055,20.009562192,-1.301237586403397,0.27803134096059146,1.8968428023666184
166589.0,13.2937926639,-1.1236489010346078,16.1903078319,-1.2092551062224641,0.08560620518785633,1.2178847858719537
16666.0,10.90193857795,-1.0373796707870055,12.822942524,-1.1079876956430417,0.07060802485603612,1.1762075554099503
16667738.0,10.9489018999,-1.0393705645891,14.185364952,-1.1518405135263647,0.1124699489372647,1.295597045410514
16678045.0,18.901787016,-1.2765028652579025,3.807102288,-0.5805945454556035,-0.695908319802299,0.20141493948574074
16682734.0,9.672117856,-0.9855215798190735,9.56807665995,-0.9610713009428282,-0.02445027887624529,0.9892431835923651
16682738.0,16.0897998439,-1.2065506415365417,14.3911356319,-1.1580950662929297,-0.04845557524361199,0.8944260196845145
16682839.0,7.740449716,-0.8887661936936722,13.846027828699999,-1.067401658447952,0.17863546475427983,1.7887885506289618
16682987.0,16.7843437919,-1.2249043665475263,12.1685535,-1.080923142847709,-0.14398122369981725,0.7249942953308937
16682993.0,4.856647484,-0.6863365816880626,15.1229747119,-1.1796372259466466,0.493300644258584,3.1138711964831582
16683.0,13.3908235179,-1.1245859870355517,17.63123549595,-1.2294910972275532,0.10490511019200155,1.3166655114513077
16684880.0,14.312510944,-1.1557158317654999,12.178255469949999,-1.0029683548705315,-0.15274747689496837,0.8508818276261504
16685.0,13.353362914,-1.120650161679173,23.538563974000002,-1.339302079693352,0.21865191801417883,1.7627442709073369
16698.0,7.501338044,-0.8751387371644502,9.4276057561,-0.9744014128923537,0.09926267572790348,1.256789882125195
16700308.0,7.7589179239,-0.8898011577985071,9.65909449005,-0.9717163337677581,0.08191517596925102,1.2449022640511296
167180.0,22.23499758,-1.3470370865174606,7.6360290599,-0.8475449838396452,-0.4994921026778154,0.34342387636544996
1672.0,9.58757923395,-0.9181992390722278,8.222535612,-0.9150057630986385,-0.0031934759735893214,0.8576237454063141
16720.0,9.5248212039,-0.9788568320234133,17.5563342779,-1.244390538814372,0.26553370679095856,1.843219300611275
16724.0,9.6519792799,-0.984616380928962,18.573073586,-1.2664876897198558,0.28187130879089384,1.9242761559463715
16726.0,13.3160996199,-1.124377035524208,35.306930356,-1.5478599609105572,0.42348292538634924,2.6514468473363033
16741.0,43.457113436,-1.6380608756786919,7.9774527239,-0.9018642391507008,-0.736196636527991,0.1835706997807971
16749605.0,20.2357579761,-1.3061194765147062,9.65899391205,-0.9829633870665455,-0.32315608944816065,0.47732305967772604
16760141.0,15.8217089399,-1.199253390861061,21.35568670595,-1.314545775326724,0.11529238446566303,1.3497711775049868
16760467.0,10.1386307919,-1.005979308086743,29.032269612,-1.4628809883442004,0.4569016802574575,2.863529623269701
16760569.0,169.3426430722,-2.228766333885581,19.499373886,-1.2883990384904935,-0.9403672953950877,0.11514745212572569
16760703.0,14.766126204,-1.1692665759560499,6.544690912,-0.8158891408206852,-0.3533774351353647,0.44322328155553126
16773.0,7.412566512,-0.8551414281614453,8.114340352,-0.9092532200179857,0.05411179185654036,1.094673530262955
1678.0,8.186975424,-0.9131234867084539,16.94479789195,-1.202334012639367,0.289210525930913,2.069726243745226
167980.0,4.6741440079,-0.6697020886451833,14.8115577639,-1.1706007366230757,0.5008986479778924,3.168827862142514
168088.0,23.9263466959,-1.3788763914285405,16.308567012,-1.2124158024797722,-0.16646058894876825,0.6816154266791855
16821.0,185.93592012055,-2.260851468088305,22.7465905507,-1.1625153601088785,-1.0983361079794267,0.12233564410767127
16834.0,96.9771881561,-1.985898775765403,13.020478312,-1.114626938490752,-0.8712718372746511,0.1342633103678104
16837.0,214.7368250427,-2.331906527628872,16.926900632,-1.221811085798448,-1.110095441830424,0.07882625920651531
16846.0,12.9292476519,-1.1115732541816645,12.269824904,-1.0887004867834777,-0.022872767398186777,0.9489975932355896
16850.0,383.8522754525,-2.5827451847986174,252.4885318031,-2.402241656958681,-0.1805035278399365,0.6577752639487592
16872.0,154.0424169098,-2.1709566435656313,15.386982264,-1.1871534531906691,-0.9838031903749622,0.09988795665943033
168870.0,17.2979383279,-1.2379943443905088,23.30955350205,-1.3573561841884179,0.11936183979790904,1.3475336228048527
16891.0,14.43816325,-1.1460689648104134,10.418285099999999,-1.0121686309749158,-0.1339003338354976,0.721579671846417
16907.0,5.1450478319,-0.7113894166171433,38.34840000795,-1.5832267174076446,0.8718373007905014,7.4534584052231105
169132.0,3.1796886559,-0.5023845974547847,15.5484495759,-1.180627259713222,0.6782426622584372,4.889928310134837
16932.0,19.153495345899998,-1.2801424380833508,24.084310538,-1.3793141392101036,0.09917170112675278,1.2574368334892718
169371.0,68.735778059,-1.8371828530559433,29.0552982747,-1.4630799749052952,-0.37410287815064813,0.42270996408537215
16945.0,10.31482036,-1.0132247433323562,15.1889062859,-1.1792843462052587,0.16605960287290245,1.4725323132917847
16949.0,10.433749982,-0.9514869374638719,13.9219947319,-1.1437014650872324,0.19221452762336044,1.334323206509435
169743.0,31.3995812957,-1.4775420369290775,12.89007388,-1.0972580750161427,-0.3802839619129348,0.41051738106346103
16976.0,7.49922824995,-0.8481923351529215,19.05665869795,-1.2722890199291528,0.4240966847762313,2.5411493106743426
169870.0,40.4683575685,-1.606145053526725,25.4037354039,-1.404897580636687,-0.20124747289003797,0.627743178380778
16993.0,7.5134737479,-0.8758407733216131,17.44065976245,-1.1674579170134454,0.2916171436918322,2.3212511745748268
170327.0,16.437655464,-1.2158398733220797,28.3889136359,-1.4531487736121158,0.23730890029003615,1.7270658639898113
170364.0,23.279768428,-1.3669786559202062,15.3790375839,-1.1869291582820871,-0.18004949763811906,0.660618151398907
17043.0,9.0650779239,-0.9573715416664227,18.782492222000002,-1.125306966496718,0.16793542483029522,2.0719614745373693
17046.0,17.043969612,-1.2315707512176624,27.9791817837,-1.4343223867520907,0.20275163553442832,1.6415883400778266
170530.0,45.35478295025,-1.6402136076747298,62.416068827,-1.795296411870078,0.15508280419534826,1.3761739064094882
17090.0,14.070734361949999,-1.1323870509078722,35.9503983528,-1.5557037069988569,0.4233166560909847,2.554976693328592
17092.0,11.0139770399,-1.0419441668015987,21.2722580979,-1.3277548120251237,0.28581064522352495,1.9313875470084636
17100.0,7.952031406,-0.9003782117426092,10.04376679195,-1.0017736047816126,0.10139539303900336,1.2630441555313445
171018.0,10.46373682205,-1.0109305741202173,11.85035989995,-1.0494479528979646,0.0385173787777473,1.1325170062551648
17111.0,11.0,-1.0413926851582251,6.55285914195,-0.8093153621156646,-0.23207732304256057,0.59571446745
17113.0,83.66792132115,-1.922399582818544,14.149934689999998,-1.1506961009837906,-0.7717034818347535,0.1691201892740594
171144.0,12.175486056,-1.085486307646439,7.592500770000001,-0.8721099734923036,-0.21337633415413537,0.6235891310686907
1711973.0,5.9462338359,-0.7742419838538187,8.1456941079,-0.9109280971635024,0.13668611330968372,1.3698913182190888
1712094.0,13.97703299005,-1.1208647703658396,13.3185887619,-1.0992027377402205,-0.021662032625619165,0.9528909870486293
171257.0,14.63656956,-1.1654393010572792,23.0247514639,-1.362194950988785,0.19675564993150574,1.573097532827904
171548.0,9.3293324079,-0.9698505674401265,17.231376166,-1.2112983689826438,0.24144780154251722,1.8470106340522945
17159.0,47.7691892165,-1.6791478700924747,21.7938961199,-1.3383348765114385,-0.3408129935810362,0.45623332690713014
17162.0,6.12104210595,-0.7626331887726043,35.596886044,-1.551412008280244,0.7887788195076397,5.815494392596615
17163.0,11.9775470479,-1.07836788544571,13.05150700795,-1.0990688325502134,0.02070094710450343,1.0896644326050295
17181.0,20.03558091475,-1.2578276013274667,13.0,-1.1139433523068367,-0.14388424902063002,0.648845673869607
17185.0,5.0649147119,-0.6520342315639038,14.0539318879,-1.147797844406774,0.4957636128428702,2.7747618049481333
17231.0,18.464187008,-1.2595826861376513,13.31515488795,-1.0889172580058208,-0.1706654281318305,0.7211341004172525
17258.0,20.6822955119,-1.315598739103971,10.153418442,-1.000285008139803,-0.31531373096416804,0.4909231877166639
17259.0,23.116788379950002,-1.3546506584989164,11.296487528,-1.0529434271701246,-0.30170723132879185,0.4886702833598563
1727.0,8.07374853195,-0.9027311010586594,10.082166712,-1.0035538743660741,0.10082277330741474,1.2487590704741602
17276.0,7.57267843795,-0.8544387198302266,40.3335967775,-1.6056669522573055,0.7512282324270789,5.326199588162984
17279.0,6.856912604,-0.8342101479908006,24.60847630995,-1.3883995305498131,0.5541893825590125,3.5888566372560406
1730.0,19.73335622245,-1.2206570099818588,20.0553003399,-1.3022291701812698,0.08157216019941105,1.016314716757798
17317.0,24.57414120405,-1.3719020168076046,24.23884574395,-1.3600646281726045,-0.011837388635000057,0.986355760825337
17318.0,14.109954512,-1.1495256136679384,13.1959564079,-1.1204408722082748,-0.029084741459663555,0.9352231714621988
1732.0,12.01832544995,-1.0548919871012499,26.67610665595,-1.4258846893979134,0.3709927022966635,2.219619261189252
17321.0,21.002611088,-1.3222732904776242,17.44578234995,-1.2337599701039625,-0.08851332037366166,0.8306482597260386
17349.0,15.2021496559,-1.1819050035819878,11.12111992,-1.0461485238095152,-0.13575647977247263,0.7315491671721479
17355.0,19.0386047061,-1.2795169300525087,12.973718307950001,-1.1128087827385569,-0.16670814731395178,0.6814427059244106
17356.0,10.93687762995,-1.013234651091727,12.227818513949998,-0.9930877747772902,-0.02014687631443679,1.11803559733217
173604.0,13.263516944,-1.1213068500095604,14.3557233919,-1.1570250816945815,0.035718231685021085,1.0823466696285318
174174.0,7.377783184,-0.8679258881670144,12.6150220519,-1.10088801402998,0.2329621258629655,1.7098661938531698
174223.0,68.2834778056,-1.8343156324385514,50.3291202935,-1.7018193393973862,-0.13249629304116528,0.7370614665642067
17429.0,11.877172802,-1.014521996281708,8.9380710359,-0.9512438019216545,-0.06327819436005355,0.7525419714694154
17432.0,10.9767815839,-1.040475022696685,16.591891099949997,-1.2183437825526853,0.17786875985600026,1.511544251211654
17434.0,3.5779300719,-0.5536318483373541,12.241897424,-1.087848736184455,0.534216887847101,3.4215027063117374
17435.0,10.780428762,-1.0298778230831787,15.20180912395,-1.1775204952353828,0.14764267215220417,1.410130288837393
17499.0,12.975953085899999,-1.1130646553553123,12.7758385439,-1.1063894147196274,-0.00667524063568492,0.9845780467395919
17516.0,18.4724457079,-1.2665243988040018,31.886319762,-1.5034785482822515,0.23695414947824966,1.7261558250710336
17517.0,13.236015140000001,-1.0540314413995697,6.8889639460000005,-0.8376307372056859,-0.2164007041938838,0.5204711443084674
1752.0,14.73681611995,-1.1676052577296916,22.2853527239,-1.3480195123208316,0.18041425459114002,1.5122230298938963
17525.0,4.047198528,-0.5949074260640805,7.49803206795,-0.8741108064680344,0.27920338040395387,1.852647458748532
175468.0,5.7739512159,-0.7614731102071649,11.60689160395,-1.0625784783194665,0.3011053681123016,2.0102164306458907
17549.0,9.554800563899999,-0.9426544533267618,18.856124014000002,-1.1136641211376435,0.17100966781088167,1.9734712292418028
17569.0,19.0064822919,-1.2789017453460896,8.0833386001,-0.9075907711869031,-0.37131097415918646,0.4252937748267537
17570.0,2.611350168,-0.4168651122800087,43.960463848,-1.6430622662256127,1.226197153945604,16.83438107485553
175804.0,15.342535438,-1.1823306644835778,10.323450872,-1.0138248953678715,-0.16850576911570636,0.6728647239380748
17581.0,8.8970172399,-0.949244432108805,10.0341498519,-1.001480582576456,0.052236150467650844,1.1278105438416326
175854.0,15.9450738,-1.2026265336673188,13.36632420995,-1.0805237600598685,-0.12210277360745025,0.8382729598874606
17593.0,117.43804035939999,-2.0694730436282067,31.7460362359,-1.5016895076330328,-0.567783535995174,0.2703215767118255
17595.0,21.127577172,-1.3248496967134122,17.547619179999998,-1.1814016942410124,-0.14344800247239986,0.8305552045624779
175956.0,28.698728044,-1.4578626487997284,38.8058038304,-1.5887224727901759,0.1308598239904475,1.3521785275955138
175967.0,8.04252262195,-0.8898059934944117,17.13299599275,-1.233758113569258,0.3439521200748462,2.130301249758364
175989.0,5.996349614,-0.7765017066381827,9.615325019899998,-0.9823622561103089,0.20586054947212618,1.6035297537439415
17599.0,208.40287469634998,-2.123676725631054,425.71259649005,-2.3851342009839676,0.2614574753529135,2.0427385999848973
176.0,12.1184509799,-1.0834471104346166,9.6461789481,-0.9843553143401153,-0.09909179609450136,0.7959910853375088
176015.0,8.1529682519,-0.9113157511610861,15.48963198,-1.1887076378879136,0.27739188672682746,1.8998764010138558
17617.0,8.5,-0.9294189257142927,8.69127656195,-0.9055178854930747,-0.023901040221218084,1.022503124935294
17652.0,12.917095274,-1.0366061679202536,17.685118219099998,-1.0603965619530595,0.023790394032805917,1.3691250117739124
176870.0,147.0443523811,-2.1674483489598835,29.893134136,-1.475571450891198,-0.6918768980686856,0.20329331696143568
176879.0,10.8431037679,-1.0351536139673878,21.2125491519,-1.3265928616368325,0.29143924766944473,1.9563170846614764
17719.0,15.248030376,-1.0513045503344651,15.185699674,-1.1281950871333783,0.07689053679891322,0.9959122128915675
17722.0,8.245806976,-0.916233164295168,16.330946056050003,-1.2129513372037906,0.29671817290862257,1.9805152004627766
1775.0,19.063043728,-1.2801922440850846,17.583400974,-1.2451027630065399,-0.035089481078544704,0.9223816104546471
17756.0,10.67051861795,-1.0232453448552699,30.349525758,-1.4740029369361891,0.45075759208091926,2.844240926298172
17756783.0,15.7396812,-1.1969959316772405,21.8702343879,-1.3398534374878484,0.14285750581060785,1.3894966556184123
17756794.0,16.041510644,-1.2052452637898687,11.756553167949999,-1.0693643643818649,-0.13588089940800385,0.7328831697248724
17756940.0,17.904073464,-1.2529518511851887,14.275895636,-1.154603364383442,-0.09834848680174679,0.7973546167973878
17777.0,5.5620882199,-0.7452378728977773,28.6258980119,-1.4567591196447303,0.7115212467469529,5.146609848704388
178.0,15.986084664,-1.2034434848789548,17.9655297999,-1.254440028987393,0.050996544108438124,1.1238230109188418
178019.0,12.916526604,-1.1111457427983011,11.95382606995,-1.031574205061988,-0.07957153773631309,0.9254675375536432
178144.0,14.383694604,-1.1578704535044475,24.72528583965,-1.3888607556051604,0.23099030210071292,1.718980173061661
17816.0,11.787694144,-1.0714288586593657,17.505815348,-1.24318234320107,0.17175348454170436,1.4850924306439146
17818.0,8.0631840959,-0.906506575577697,30.3501648,-1.4821317357759682,0.5756251601982713,3.7640421499780183
1787910.0,15.87254212,-1.200646488208781,19.093382772,-1.2808828791041762,0.08023639089539514,1.20291901748628
17891.0,32.55059984295,-1.4741358630691919,16.37277641595,-1.118032765072945,-0.35610309799624695,0.502994614383308
17931.0,24.289330526,-1.3817373599897156,6.9466959359,-0.8417782897695922,-0.5399590702201233,0.28599783466506234
179651.0,156.9050186471,-2.1956368348290316,13.272453134,-1.1227367450381884,-1.0729000897908432,0.08458909248691075
180.0,17.9254547681,-1.2534701825139538,12.16953114795,-1.0815167442952816,-0.17195343821867226,0.6788966475543372
180089.0,39.039787101,-1.59121531905671,20.712217388,-1.3162265956497483,-0.2749887234069617,0.5305412484554625
18016.0,11.3094067679,-1.0534398247146195,7.077298452,-0.8498675103323596,-0.20357231438225987,0.6257886551651688
180494.0,20.427996548,-1.310225775794787,33.315648484,-1.5226482711620664,0.2124224953672793,1.6308818344333313
18050.0,8.6915564399,-0.9390975546688308,11.1949932679,-1.0490238367524978,0.10992628208366695,1.2880309004849313
18055.0,10.10118142,-0.9725268305612269,21.991406861,-1.3079514097104443,0.3354245791492174,2.177112354150749
18056.0,15.00356416395,-1.1347011983315964,16.47313041995,-1.1852832644120164,0.05058206608041993,1.0979478102630453
18062.0,8.16113426,-0.911750522556032,12.835764128000001,-1.0327147908946812,0.12096426833864926,1.5727916879044213
1807.0,6.6116840079,-0.8203120891666958,15.1159147639,-1.179434434338371,0.3591223451716751,2.286242770501234
18137.0,14.54171002,-1.1626154800156223,11.4356530839,-1.0582609719716118,-0.10435450804401047,0.7864035982131351
18177.0,83.4479451105,-1.9214156467293626,33.1650088125,-1.5206801170337503,-0.4007355296956123,0.39743349903444114
18196.0,6.25379340195,-0.7891794915011949,10.6924777799,-1.0290783564199084,0.23989886491871348,1.7097587164561545
181978.0,6.496211192,-0.8126601353878763,8.533138296,-0.931108784271214,0.11844864888333773,1.313556170481103
18205.0,13.5010621521,-1.1303679365431822,16.470403504,-1.2167042389641705,0.08633630242098822,1.2199339073065552
18283.0,8.572607588,-0.9300074163992762,28.93587228,-1.4614365788260806,0.5314291624268044,3.375387474927075
18290.0,19.8534943819,-1.2596310959844674,9.913384721949999,-0.9537874549207788,-0.30584364106368866,0.4993269462421596
18303.0,10.377000288,-1.0160718287872965,13.3125925439,-1.1242626398374913,0.10819081105019479,1.2828941095139728
18340.0,10.12221214595,-1.0051602444783378,10.561453918,-1.0234099705864759,0.01824972610813802,1.0433938516321004
18370.0,3.465026168,-0.5397065187674762,29.0990817889,-1.4638792851953413,0.9241727664278651,8.397939980261643
18374068.0,14.008267469949999,-1.0938857708176632,13.5070121401,-1.1305592902079893,0.03667351939032604,0.9642171788249138
18430.0,3.0937104879,-0.4904796696120831,11.767361595899999,-1.0690680840315328,0.5785884144194496,3.803640205482719
18487.0,8.0,-0.9030899869919435,13.13871739795,-1.1137077632141494,0.2106177762222059,1.64233967474375
18502.0,57.4863838104,-1.746143911332973,13.21144316195,-1.1037713128831432,-0.6423725984498299,0.22981865071777025
18510.0,6.3583490719,-0.8033443669003142,30.0364648549,-1.4776488170020905,0.6743044501017763,4.723940839870327
18522.0,20.419256876,-1.3100399326321261,19.19898180405,-1.2806329370029161,-0.02940699562921001,0.9402390067689357
18542136.0,9.8866443959,-0.9950489136771548,30.6076064079,-1.4858293680002554,0.4907804543231007,3.095853879461165
18555.0,5.8555115,-0.767564838251213,8.9749127819,-0.9454090515911384,0.1778442133399254,1.5327290847093376
18603.0,25.642551012,-1.4089612281527315,14.9608098919,-1.1749551043615025,-0.23400612379122898,0.5834368774346499
18617.0,8.36574167395,-0.9205680708941545,14.911157332,-1.1735113526008982,0.25294328170674374,1.782407097081626
18635.0,8.782632006,-0.897545539144021,6.0901093079,-0.784625087606894,-0.11292045153712704,0.6934264470763936
18637.0,4.563413448,-0.6592898178961911,13.451807698,-1.1202825634164273,0.46099274552023617,2.947751250523991
18689.0,12.829595334,-1.1080184226885375,9.996761216,-0.9998476955660992,-0.10817072712243825,0.7791953647600526
18692.0,8.514007268,-0.930134016577663,13.253768187950001,-1.122259688004291,0.19212567142662795,1.5567015355700307
18725.0,22.298875437950002,-1.3438854488033063,9.29457777195,-0.9476459912636355,-0.3962394575396708,0.4168182291440467
18730.0,14.92866852205,-1.1063244189460726,28.0,-1.4471580313422192,0.3408336123961466,1.875585887558782
18732.0,10.5352483199,-1.0226447765545932,13.05815438595,-1.0371447745666722,0.014499998012079018,1.2394728619053517
18745.0,8.19500541995,-0.8261351526141012,6.607769932,-0.8200549133979353,-0.00608023921616585,0.8063167250523082
18752.0,16.0,-1.2041199826559248,17.616381884,-1.2459167162687008,0.04179673361277603,1.10102386775
18756.0,8.531991384,-0.9310504082069334,12.741592722,-1.1052236578063366,0.17417324959940317,1.4933902471929643
18783.0,14.565086227950001,-1.0572310038810322,8.27756013,-0.9158561937357814,-0.14137481014525077,0.5683152162954991
1892.0,6.7822389359,-0.8313730857539242,13.375029068,-1.126294734548091,0.2949216487941667,1.9720669227978387
18938.0,18.145508006,-1.2580486720434343,11.320342191199998,-0.9884473472180004,-0.26960132482543386,0.6238647155790188
189821.0,193.0844414377,-2.2857472537242116,10.5223377239,-1.0221122367571271,-1.2636350169670845,0.05449604144979803
18992283.0,40.9260820429,-1.5768125570466003,30.944822408,-1.4905879946246658,-0.08622456242193444,0.7561149483002715
190.0,28.1616450321,-1.4496580200544815,21.6706963759,-1.3358728673581846,-0.11378515269629697,0.7695110264758573
19003.0,7.75378446995,-0.8815798582006579,11.668472193949999,-1.0670138818515922,0.1854340236509343,1.5048744570050245
19004.0,7.335660332,-0.8114044046375228,22.75373080595,-1.3300165124183772,0.5186121077808543,3.1017972174491897
19022.0,21.0000591864,-1.3222205187477623,36.4915822843,-1.5621926948922444,0.23997217614448219,1.7376894969863979
19079.0,9.520340065900001,-0.9470725038578411,20.693832928,-1.3158409384815561,0.368768434623715,2.173644301018329
19113.0,11.9867165999,-1.0787002374919068,38.290826966750004,-1.5705236151798623,0.4918233776879555,3.194438330766029
19137.0,14.3655685759,-1.1573228196415222,34.577488392,-1.536044645222538,0.37872182558101586,2.406969707416104
19188.0,8.333648563899999,-0.9098522429845499,9.044818328,-0.9563998481511133,0.04654760516656342,1.0853371435868644
192197.0,6.62311793795,-0.8210103419386241,8.658964232,-0.9374659456859792,0.11645560374735509,1.3073848772018304
19223.0,24.9530098281,-1.3971229376507082,12.571649158,-1.0158125715022472,-0.3813103661484609,0.5038129365798132
192826.0,4.3887561279,-0.6423414488673234,5.506267136,-0.7408572773218278,0.09851582845450446,1.2546304637425192
19283.0,17.02186574,-1.2002372156140686,14.1190953639,-1.1498068715704373,-0.05043034404363134,0.8294681428911329
19309.0,8.4425827639,-0.9264753267819992,16.113276592,-1.2071838620289643,0.28070853524696515,1.9085719432801351
1935.0,15.247394153999998,-1.1520260693739899,40.475870669,-1.6071961995545114,0.45517013018052155,2.6546090604197814
193581.0,4.1182444119,-0.614712117801583,9.6550453639,-0.9847543186379577,0.37004220083637474,2.3444566174851023
19379.0,7.605341115950001,-0.8618073595501632,7.688994076,-0.885869526301032,0.024062166750868808,1.0109992384003081
193943.0,12.698459796,-1.103751048305379,2.825061752,-0.45102794534474433,-0.6527231029606346,0.22247278783289065
19395.0,13.096650895949999,-1.102156433350357,18.060636932,-1.256733062210891,0.15457662886053392,1.3790271326225136
19458.0,8.890420092,-0.9489222828292678,11.359015544,-1.0553406938455114,0.10641841101624361,1.2776691569638372
19463.0,9.8128847879,-0.9917966998664507,12.834767024,-1.1083879897889566,0.11659128992250589,1.3079504448912107
19499.0,11.105429022,-0.987092654581766,12.22254123595,-0.9770051460403388,-0.010087508541427148,1.1005915405642581
19518.0,5.39504306,-0.7319949153110076,27.64656466835,-1.3444228763344293,0.6124279610234217,5.124438185364548
19539.0,42.7721441791,-1.6311610221017998,31.6911441982,-1.5007658983726304,-0.1303951237291694,0.7409295186488553
19587.0,25.076803388,-1.3992721749245454,8.794072992,-0.9441900660018209,-0.4550821089227245,0.35068556609604506
19596.0,15.584859704,-1.1837668211837644,5.3356088759,-0.6987480517564673,-0.48501876942729716,0.3423584797834636
19602.0,5.9953550079,-0.7778149044335627,19.55548091795,-1.2730474133610468,0.49523250892748405,3.261771970497494
19604.0,22.330188467950002,-1.342710868758084,12.83659987995,-1.0854967916119267,-0.2572140771461573,0.5748540769538991
19633.0,11.8957507519,-1.075391855967119,11.664890929999999,-1.066189584626566,-0.009202271340552848,0.9805930851515926
19646.0,70.6404187378,-1.849053264960465,16.736880492,-1.2236745151053412,-0.6253787498551238,0.23693065232417743
19665.0,12.1403309759,-1.0815775072311262,10.28813169395,-0.9725022966022913,-0.10907521062883496,0.8474342021130367
1967.0,16.483880264,-1.2170594512254609,20.8041467039,-1.3181499076133503,0.10109045638788938,1.26209037985645
197059.0,8.267157464,-0.9173562096847482,42.648343638200004,-1.6298945016288091,0.7125382919440609,5.158767547844061
197066.0,5.843608648,-0.7666811231237901,19.94228666,-1.2997749547219954,0.5330938315982053,3.412666361020828
19707.0,9.375950568,-0.9720153089874304,37.57249652715,-1.5446288535537902,0.5726135445663598,4.00732664433881
19756.0,77.59293751519999,-1.8807492528287204,18.5579822161,-1.2685307542076365,-0.6122184986210839,0.2391710226522176
197701.0,9.458726106,-0.8869963350873964,21.211126544,-1.3265637349404311,0.4395673998530347,2.24249294316124
197861.0,7.097388088,-0.8510985532729576,3.98104315595,-0.594826400713075,-0.25627215255988256,0.560916650828352
197873.0,688.7721424355,-2.8380755736500127,85.7436175502,-1.9332018025819755,-0.9048737710680372,0.12448763860717472
1979.0,22.054235636,-1.3434920104336336,14.30657084,-1.1555355496414508,-0.18795646079218287,0.6486994641812395
197942.0,13.4526518339,-1.1147182935744322,16.4014999679,-1.2148835674375487,0.10016527386311647,1.2192019960383613
19800.0,24.71087056,-1.3928880457964237,9.049339424,-0.9382328911420732,-0.45465515465435047,0.366208847317923
1981.0,10.48533571605,-1.0141807096150388,15.741110129950002,-1.1965287348385456,0.1823480252235068,1.5012499891496023
198165.0,11.131450061950002,-1.0425041670797444,12.505178632,-1.0970898998520306,0.05458573277228629,1.1234096692169275
1982.0,7.4855761438999995,-0.8715264300864844,11.543093962,-1.0622985580793367,0.19077212799285226,1.5420448259559119
19838382.0,6.162135559999999,-0.7715801357511726,6.144752408,-0.7885043884420568,0.016924252690884267,0.9971790377165933
1984.0,3.564880548,-0.5520449820943092,25.450924524,-1.3993968353034725,0.8473518532091633,7.139348480632457
1985.0,2.670148212,-0.426535368430976,16.212114993,-1.209839675543887,0.7833043071129109,6.071616144804475
1986.0,12.013324512,-1.0486994569885868,9.18775644595,-0.9582553803094762,-0.09044407667911059,0.7647971580866257
19861.0,19.658563988,-1.2935517904612668,5.9953768639,-0.7778164876463805,-0.5157353028148863,0.3049753210641277
19871.0,14.2077607999,-1.1525256367680015,14.801837544,-1.1703156333464557,0.01778999657845426,1.0418135378591242
1988.0,5.237072788,-0.7190886100303899,15.492982628,-1.1901303673795214,0.47104175734913145,2.958328680002299
1989.0,15.181696014,-1.1551162988454096,13.712137748,-1.1371051673924113,-0.018011131452998264,0.9032019700140994
1990.0,7.4736370039,-0.873532000252768,12.1331338199,-1.0839729875863529,0.21044098733358485,1.6234577373196628
19917.0,7.1088719959499995,-0.8223492584576537,22.7641615039,-1.3572516581172644,0.5349023996596107,3.202218511863624
19918.0,13.278993455999998,-1.114124653906925,18.239246462,-1.241215023418768,0.12709036951184305,1.3735413397435448
19920.0,12.20471764195,-1.0203178888482365,28.538690336,-1.4554340391045204,0.4351161502562839,2.3383326983253543
19988.0,12.3657273279,-1.092219665800734,19.039576496000002,-1.2752934586661269,0.18307379286539294,1.5397053477834841
1999.0,20.18300108,-1.3049857434459344,3.4317982399,-0.535521747162159,-0.7694639962837755,0.17003409088159252
19999.0,9.4141172319,-0.9737796021764723,10.40533395195,-1.0168769115158365,0.043097309339364176,1.1052904585351067
2000.0,10.080967416,-0.8354692154298946,10.259213904,-1.0111140849245088,0.17564486949461422,1.017681486373728
20039.0,27.3135562599,-1.436378249517281,14.7855288759,-1.134442776639772,-0.301935472877509,0.5413256602402654
20054967.0,14.14210049995,-1.1503951969277455,12.882333052,-1.1099945229503083,-0.040400673977437185,0.9109207682441194
20055082.0,13.5070156239,-1.1305594022235042,5.7484036459,-0.758891555916559,-0.37166784630694516,0.4255865104448745
20055509.0,11.96433855195,-1.0718567322727222,16.572092595949997,-1.2191430316448741,0.14728629937215199,1.3851240103239142
20055515.0,29.820824012,-1.4745196397514597,8.0646341399,-0.906584669973381,-0.5679349697780787,0.27043632787124744
20055558.0,14.1989334239,-1.152255722868152,12.746347432,-1.023055832172175,-0.12919989069597704,0.897697527797759
20056549.0,4.3396438019,-0.6295020541498392,26.3544196919,-1.3797377104817523,0.7502356563319131,6.072945360253162
20056587.0,195.2643947543,-2.2906230596142536,32.118535228,-1.506755730974566,-0.7838673286396876,0.1644874134294404
20056828.0,15.14417142,-1.1802455168523824,15.1224460899,-1.178319371432865,-0.001926145419517411,0.9985654328984082
20083.0,7.3490900199,-0.8662335671383069,33.4262835298,-1.5240880926492661,0.6578545255109592,4.548356795098128
20087.0,10.476421185900001,-1.013589789005572,13.96490960395,-1.143786807423179,0.1301970184176069,1.3329847431816777
201412.0,14.6181207439,-1.164891544782386,14.4549937339,-1.1190471776964022,-0.04584436708598383,0.9888407673696312
20169.0,12.698049518,-1.1008841351329002,11.41065627405,-1.0490003179989544,-0.05188381713394574,0.8986148823781899
2018.0,12.96538688205,-1.1123415196642368,5.251368358,-0.6780920025674645,-0.4342495170967723,0.40502982331134946
202195.0,17.54310332395,-1.1495767392577925,15.6208639199,-1.193705049084815,0.04412830982702243,0.8904276302456852
2022.0,11.955920193999999,-1.0375588578649038,10.672541,-1.0282678318797844,-0.009291025985119328,0.8926574305301859
20240.0,15.09657761195,-1.1787899880697872,13.2131495719,-1.1210063511996726,-0.05778363687011456,0.8752413899055417
20250.0,14.25733001195,-0.9272779259553136,14.723137524,-1.1680003687081795,0.24072244275286592,1.0326714407017006
20279.0,11.00136493,-0.9486294667885522,12.667066456,-1.1004245841540783,0.1517951173655261,1.1514086239842607
20282.0,13.795043204,-1.1397230649623167,34.3454093239,-1.5358686966056474,0.3961456316433307,2.4896920448890825
202877.0,6.7163467659,-0.825830122664496,8.80945953795,-0.8602676401452958,0.03443751748079982,1.31164453608576
20298.0,8.71143318,-0.9393060590680777,10.7910923439,-1.0330654089939804,0.09375934992590262,1.2387275573294358
20352.0,29.691757932,-1.4726359112223828,15.7795957801,-1.198095873859426,-0.27454003736295673,0.5314470034491859
20353.0,16.39567718,-1.2147293587585863,17.14742316005,-1.225073100879143,0.010343742120556554,1.0458502550274047
20393.0,14.9091427999,-1.1734526744405773,14.59993563995,-1.1642982713346666,-0.009154403105910758,0.97926056755241
204.0,30.85351121195,-1.4847330297841588,19.742650424,-1.2872918733861085,-0.19744115639805027,0.6398834248840175
20525.0,5.044786536,-0.7028427943194837,13.330197259950001,-1.1245916342341946,0.4217488399147109,2.642370923888384
205586.0,30.142001016,-1.479172080140541,18.577081682,-1.252984840383336,-0.22618723975720512,0.6163187929075744
206311.0,16.3563449559,-1.2136862612650376,32.21944862,-1.4893989974626556,0.27571273619761794,1.9698440395375694
20653.0,7.9038230519,-0.8718331565933317,14.99709824,-1.1699757342140382,0.2981425776207065,1.8974486323292432
20686.0,11.64009944595,-0.9539398089599047,19.105160556,-1.2054768719872726,0.2515370630273679,1.6413227949394675
20691.0,14.7361920238,-1.1683852720773518,11.483475464,-1.0600733468083579,-0.10831192526899391,0.779270210747347
20701.0,10.521496984,-1.0220775350305122,8.225976884,-0.9151874847543198,-0.10689005027619247,0.7818257132525163
20725980.0,16.864534888,-1.2269743681543048,7.2468077639,-0.860146740939532,-0.3668276272147728,0.4297069449010706
2078.0,4.1892239280000005,-0.6146014731891725,15.874473865999999,-1.2004687031176542,0.5858672299284817,3.7893591125310686
207841.0,20.797834424,-1.3180181163728606,10.0502730519,-1.0021778610920833,-0.3158402552807773,0.48323651621643465
2081.0,11.278462211899999,-1.050656149284091,18.9053391279,-1.27658447223305,0.22592832294895904,1.6762337606586843
20812.0,4.7616945039,-0.6777615289255586,7.9522388479,-0.9004894157513271,0.2227278868257685,1.6700438974795273
2082.0,45.1699954882,-1.654614290629357,14.6583499759,-1.1660850864925492,-0.4885292041368079,0.3245151968130986
2083.0,14.721162364000001,-1.0313894338096787,17.1375486279,-1.2316798926348436,0.20029045882516483,1.1641437139372344
20835958.0,11.2741534541,-1.0413733529055036,29.944080192,-1.4763109771739737,0.43493762426847016,2.6559936685188923
20838960.0,25.312214956,-1.4033301499421187,24.0370425399,-1.3337700704960902,-0.06956007944602849,0.9496222508256738
20849290.0,11.958511119999999,-1.0272578894335647,10.595672252,-1.0251285161267725,-0.0021293733067921927,0.8860360746982355
2086.0,12.83683365805,-1.0701555007564423,9.897549188,-0.9955276687494652,-0.07462783200697709,0.7710272993833825
20861.0,2.9703683999,-0.4728103160248433,10.48008849595,-1.0164294127998446,0.5436190967750012,3.5282116845515934
208908.0,5.2003254519,-0.7160305239312226,2.66006742,-0.42489264406073274,-0.29113787987048984,0.5115194125067909
20936.0,5.098506112,-0.7074429442636859,8.2437119339,-0.8836920722974009,0.17624912803371495,1.6168877221697053
2094.0,8.58540891795,-0.898852234892673,10.3435810319,-1.0146709210739095,0.11581868618123659,1.2047860656088367
20949.0,30.10499873695,-1.4782171848226944,19.124968692,-1.2787015410112663,-0.19951564381142806,0.6352755188302522
20965.0,31.0109591361,-1.4915151987131041,15.65429278,-1.194633452107433,-0.296881746605671,0.5047987297425047
210301.0,2.9460445039,-0.46923930314890894,3.62999806,-0.5599063929337654,0.09066708978485649,1.2321599538617207
210320.0,9.3908640519,-0.9727055534703958,33.684068697949996,-1.5269362471091323,0.5542306936387366,3.586897703106978
21059.0,10.0700473759,-1.003031513755559,17.1486441359,-1.23422978807705,0.2311982743214911,1.7029357952119226
21070.0,5.856756588,-0.7676571747390492,13.763277276,-1.138721859292837,0.3710646845537878,2.3499828051928597
21088.0,21.529131368,-1.333026507775435,30.0136383079,-1.4773186445841144,0.14429213680867936,1.3940942527997675
21096.0,4.8147186519,-0.6825709142025511,7.1029413419,-0.849628969858637,0.1670580556560859,1.4752557429491782
21102.0,6.4333246799,-0.8084354701211361,25.84114726595,-1.4103992116771227,0.6019637415559865,4.016764045297909
21118222.0,9.0842442239,-0.9582888014246639,5.578637416,-0.7465281353218863,-0.21176066610277755,0.6141003344365183
21124389.0,9.48568809395,-0.9091729424526755,9.441279388,-0.9750308495417255,0.06585790708904993,0.9953183463856119
21138.0,14.364682051900001,-1.1238057596138649,4.1531322399,-0.6183757597023454,-0.5054299999115195,0.2891210696411251
21158559.0,6.8513307719,-0.8357749351070672,23.362163,-1.368513049719323,0.5327381146122557,3.409872297483784
2118.0,29.0338504641,-1.4629046357083777,10.13777859205,-0.9716641175165887,-0.49124051819178904,0.3491709997123957
2120.0,7.273228438,-0.7881694434189948,12.127968844,-1.0837880726138145,0.29561862919481974,1.667480809572229
21208.0,13.506602612,-1.130546122344624,15.5665543969,-1.192192493620584,0.061646371275960066,1.15251442898526
21220.0,4.110939752,-0.6139411120112721,49.52854828155,-1.6784377111506876,1.0644965991394155,12.047986900672536
2123.0,13.5,-1.130333768495006,14.8183729969,-1.1708005223168645,0.04046675382185838,1.0976572590296296
21265.0,5.7337553879,-0.7584391612384282,4.5530299519,-0.6583005073040401,-0.10013865393438814,0.7940746759982653
21277.0,21.87020975605,-1.2261483762877878,6.669075797950001,-0.8116739204302941,-0.41447445585749376,0.30493881276585016
212930.0,28.0,-1.4471580313422192,21.7864933,-1.338187332907225,-0.1089706984349943,0.7780890464285715
213013.0,9.811550482000001,-0.9911872100301978,10.4086021559,-1.017392408978201,0.026205198948003106,1.060851918868005
213021.0,22.1407887159,-1.3451930875843512,19.10331792595,-1.2048434974928366,-0.1403495900915146,0.8628110846038337
213027.0,10.556419596,-1.023516644204869,7.427712039899999,-0.8577208683991503,-0.1657957758057188,0.703620386851095
213039.0,17.2968427639,-1.2362888438912212,15.0632601878,-1.1628536536260743,-0.07343519026514689,0.8708676140155659
21307.0,38.041687361200005,-1.5794384718621888,25.76867755395,-1.4107335465971609,-0.1687049252650279,0.6773799834187255
21387.0,12.682057988,-1.1031897346426822,31.5,-1.4983105537896004,0.3951208191469182,2.483824000001095
2140.0,17.301730664,-1.238089547072866,17.79161568,-1.250215388727392,0.012125841654526015,1.0283142204391906
2141.0,8.53406602795,-0.8876231021420433,7.8952528159,-0.8973660412211183,0.009742939079074975,0.9251455039183178
21414.0,16.0015705519,-1.2041626106902679,13.564064238,-1.131309398662409,-0.07285321202785888,0.8476708079376263
21453.0,8.994564506,-0.9252632836151571,5.573106368,-0.7460973320557714,-0.17916595155938564,0.6196082494357955
21467.0,14.2376118,-1.1534371473721394,15.5570937999,-1.191928470253325,0.03849132288118562,1.0926757955221114
2148.0,3.7668892279,-0.5759828491867774,17.082501328,-1.2221865404937067,0.6462036913069292,4.5349093892849375
2149.0,11.17456293395,-1.0208161085162235,7.382629156,-0.8682110535033472,-0.15260505501287636,0.6606637950528217
21499.0,6.913264175949999,-0.8253109008927633,25.2413498617,-1.269006954898852,0.4436960540060888,3.6511478831533895
21501.0,41.0176371986,-1.6074175501449108,17.2504717099,-1.2330650214271486,-0.37435252871776226,0.42056229680847607
2153.0,13.14019706,-1.1186018782700995,24.4335399276,-1.3879863920512343,0.2693845137811348,1.859450038384736
21531.0,5.7598527919,-0.7597427601877211,20.9744751999,-1.3216911032009113,0.5619483430131902,3.641495009975968
21534.0,7.633711928,-0.8827357670303512,29.823859276,-1.4745638414584616,0.5918280744281105,3.906862029546578
2157.0,28.243212812,-1.4509140984406126,24.790613724,-1.394287278427658,-0.05662682001295449,0.8777547331112041
21575.0,8.80308886005,-0.9326287478374713,19.94850473,-1.1728021619358862,0.24017341409841486,2.2660801279116813
21576.0,17.798276584,-1.2503779513934434,6.87485506,-0.8372635465305559,-0.41311440486288753,0.3862652109912846
2159.0,15.962084472,-1.2030896047825845,3.9838443559,-0.600302362709947,-0.6027872420726376,0.24958171114106606
2161.0,266.8868533297,-2.426327181254768,17.08538608995,-1.1883447052581428,-1.2379824759966254,0.06401733872160231
21622.0,13.7517433099,-1.078786956477108,31.167322866,-1.4936865128374874,0.41489955636037945,2.2664270386404297
21630.0,19.423238978,-1.2827825780877056,6.764059797950001,-0.8286783934378585,-0.45410418464984703,0.3482457176998855
216326.0,10.633468606000001,-0.967770597224467,21.4036155879,-1.3304871423791653,0.3627165451546983,2.012853602240653
2164.0,9.79326538395,-0.963572757445559,7.9591438779,-0.8947604772224843,-0.06881228022307473,0.8127160416733005
21648.0,10.1303644359,-1.0056250692155073,13.921635344,-1.143690253892326,0.1380651846768186,1.3742482249369516
21651.0,19.1520850599,-1.2822160618929102,18.703803428,-1.2719299295222397,-0.010286132370670442,0.9765935859987069
21685.0,11.9603058519,-1.0777422856803232,20.970903676,-1.3216171454412213,0.24387485976089818,1.7533752009083101
2170.0,10.2499001799,-1.010719635974241,9.70318908395,-0.9716527267447459,-0.03906690922949507,0.9466618126660301
21700.0,223.72896190165,-2.349707515516193,19.47603968595,-1.2831734022410632,-1.0665341132751296,0.08705193784661441
217048.0,14.444409696000001,-1.0505873170593034,9.970812824,-0.9987305635863825,-0.05185675347292096,0.6902887022625198
21718.0,11.6320540219,-1.0559156455632792,10.832232088,-1.0347179564978188,-0.02119768906546038,0.9312398367137779
21743.0,1.74748638,-0.24241379951706396,19.497593717,-1.2793602023375161,1.0369464028204523,11.157508258805429
2176.0,191.7235836687,-2.2826755381634576,19.826527863949998,-1.2466215446996076,-1.03605399346385,0.1034120450106462
21768.0,16.240132604,-1.2105895710227896,16.9920417239,-1.2302455658112907,0.019655994788501108,1.0462994446064315
21798.0,49.7980674936,-1.6972124894836051,21.11534105625,-1.3245116836445825,-0.37270080583902265,0.42401928667138983
21800.0,201.2717761369,-2.3037828790745465,6.32969942,-0.8013830870576679,-1.5023997920168786,0.03144851971542546
21803.0,7.55152194595,-0.8778275128571267,52.7617090195,-1.7223188544580559,0.8444913416009292,6.986897395934463
21804.0,26.8938791399,-1.4296534488409485,45.1930131399,-1.6550712978792699,0.2254178490383214,1.6804200280966997
21826.0,155.4434596929,-2.1915724537575434,16.137029844,-1.207823602191229,-0.9837488515663144,0.10381285823077362
21845.0,11.27424031795,-1.04979485098199,17.8561591719,-1.251771837996245,0.20197698701425493,1.5838015394678755
21847.0,16.4832903579,-1.2128858706822851,11.2668131959,-1.0518010937612758,-0.1610847769210093,0.6835293774037122
21859.0,25.372376551549998,-1.3724124969512865,67.5144101334,-1.8293964776235976,0.45698398067231105,2.6609415163072514
2187.0,6.10910785995,-0.7763894450522735,15.38884762595,-1.1464577468987396,0.3700683018464661,2.519000806457516
21921.0,7.1520734719500005,-0.854034284744071,19.9724570799,-1.3004314965482469,0.4463972118041759,2.792540814664554
21932259.0,18.75466105995,-1.2730342268684043,11.184265406,-1.0412330348612326,-0.23180119200717164,0.5963459094381425
21954.0,8.42566957,-0.8900309564056982,13.92307857395,-1.1437136843815683,0.2536827279758701,1.652459600780428
2197.0,7.7588821519,-0.8741234271264005,30.01764942,-1.4773766811153917,0.6032532539889912,3.868811103497591
21977262.0,6.1784365659,-0.7862167620969309,10.18662411795,-1.0055629569621694,0.21934619486523843,1.648738157185585
21984.0,6.4999257,-0.8129083922944815,13.6211535999,-1.1342138903120758,0.3213054980175942,2.0955860464528078
21988023.0,15.598140484,-1.1930728274779774,8.754608704,-0.9422367396266264,-0.25083608785135103,0.5612597676614182
2201.0,8.598760936,-0.9344358747985716,7.6789084439,-0.8852994894998863,-0.04913638529868525,0.8930249952351973
2202.0,9.933256096,-0.9970916324561154,13.891214576,-1.1427402198624361,0.1456485874063207,1.3984552941903734
2206.0,5.8812489679,-0.7694695645570284,13.749867532,-1.1382985141372957,0.36882894958026724,2.337916249940635
22086.0,15.277487254,-1.183854065059655,5.081202444,-0.7059664983073871,-0.47788756675226784,0.33259412097821406
221071.0,11.749221063899999,-1.0698089796100836,7.523871839950001,-0.8578368663225046,-0.21197211328757903,0.6403719701102084
22188.0,11.59424572195,-1.0635305804664774,13.02788803,-1.114873090927878,0.05134251046140048,1.1236511923613846
22206.0,6.542628524,-0.8157522627166949,20.453666696,-1.3107711745974082,0.49501891188071334,3.1262154990109594
222757.0,2.763671736,-0.4414864570414603,11.08849505395,-1.039763729616646,0.5982772725751857,4.012233041106008
22278.0,28.768117504,-1.4589114439419897,12.8727796119,-1.109672333988213,-0.3492391099537766,0.4474668740528515
222786.0,18.78066058605,-1.2642935232430825,33.8447472119,-1.5294912746783087,0.26519775143522617,1.8021063240469497
2230.0,43.6620527759,-1.640104150252837,23.4109895399,-1.369419770921556,-0.270684379331281,0.536186185749427
22311.0,19.480906863949997,-1.2849847586551961,19.282686386,-1.2843003942756988,-0.0006843643794973708,0.9898248844710198
22420.0,15.135408646000002,-1.1750415131448446,33.778091948,-1.5286351135636205,0.35359360041877586,2.2317264593266795
224246.0,199.1954091425,-2.2992793250161205,5.510510084,-0.7411918014676308,-1.55808752354849,0.027663840786902386
2244.0,25.2830909039,-1.4025992594092336,15.1127931399,-1.1793447378758617,-0.22325452153337189,0.5977431002144126
22456.0,16.0859989102,-1.0048575819971872,18.8342132,-1.274160805213374,0.2693032232161867,1.1708451122707324
22475.0,14.954943641949999,-1.1714695102637873,7.6415996039,-0.8831842782657151,-0.2882852319980722,0.5109748178832721
2249.0,9.237892209950001,-0.9617910278738044,10.8019629379,-1.019242526830672,0.05745149895686752,1.16931034617024
22522.0,11.253209864,-1.0512764182152063,9.64669576995,-0.9439687657474936,-0.10730765246771279,0.8572394798048352
22529.0,9.12571771195,-0.8961396642285493,18.7642831599,-1.2733319779872394,0.3771923137586901,2.0561980714490473
22549.0,5.626886492,-0.7502681544653028,19.8586486279,-1.2979496916208684,0.5476815371555656,3.5292427981502636
2256.0,13.860843032,-1.1217763356103552,8.233690364,-0.9155945308986951,-0.20618180471166003,0.5940252223469519
22563.0,8.066671636,-0.9066943788004441,13.777717538000001,-1.1361474735830421,0.229453094782598,1.7079804608027807
22571.0,9.7482337479,-0.9889259343622994,14.556581352,-1.1630593918526368,0.17413345749033748,1.4932532116534272
22574.0,8.81083836,-0.9450172339284263,16.4178194241,-1.2153154746489574,0.2702982407205311,1.8633663169483
22628.0,38.3866801691,-1.5841805542485718,21.5457006881,-1.3333606223523122,-0.2508199318962596,0.5612806471720774
2264.0,21.63299301605,-1.2247757983519787,25.88814246,-1.4131008898202215,0.18832509146824283,1.1966972134088432
2265.0,74.7865716707,-1.8738236249653342,8.219196886,-0.9071974481070312,-0.966626176858303,0.10990204126739146
2266.0,6.829774164,-0.8344063433667211,13.49713191595,-1.1268283231614635,0.2924219797947424,1.9762193583345549
227.0,27.97458136,-1.446763596026042,7.412070516,-0.8699395424013133,-0.5768240536247288,0.26495733468234467
22704.0,17.295172676,-1.237882752482629,22.47553958,-1.3517101268258942,0.11382737434326518,1.2995267524092802
2272.0,9.93930021,-0.9639338869597183,9.49061008995,-0.9649042132893694,0.0009703263296511055,0.9548569707554894
2273.0,24.9133374279,-1.3964319101713003,3.3273683159,-0.5221008768260094,-0.8743310333452909,0.13355771082575793
22833294.0,12.4487402399,-1.0951254048822392,35.142422712,-1.4699146734262056,0.37478926854396644,2.8229701989735063
22833303.0,19.066470032,-1.2802702951682374,33.4178675604,-1.5239787335197092,0.24370843835147182,1.7527034372022448
22833317.0,11.728433912,-1.0692400250069152,30.166980310400003,-1.2668808386049952,0.19764081359808006,2.5721234852621304
22833320.0,17.4432553759,-1.241627539074535,11.632064664,-1.0656568078151962,-0.17597073125933882,0.6668517093472772
22833321.0,55.2648371501,-1.7424488946170127,18.28116933995,-1.2316827159293078,-0.5107661786877049,0.3307920602443487
22833326.0,80.9004059923,-1.7902122260543758,11.83515730195,-1.017087692494464,-0.7731245335599117,0.14629292840726232
22833331.0,11.17811765595,-1.0478760994001357,11.8153693679,-1.0724473029411619,0.024571203541026154,1.0570088570870246
22833395.0,10.672166226,-1.027341148371574,11.00186306995,-1.0413375875487616,0.013996439177187625,1.030893151115542
22833454.0,27.4602030681,-1.4387037445186968,10.3876874959,-1.0165188758005776,-0.4221848687181191,0.37828152509065677
22833466.0,26.475427529950004,-1.41164005618083,9.037831088,-0.9061833344244589,-0.5054567217563711,0.34136676651495296
22833489.0,13.768953001949999,-1.1266016209044274,25.5657830519,-1.407659099230015,0.2810574783255877,1.85677030405139
22833502.0,10.611866658050001,-1.024158325953311,19.51365639995,-1.2903321685412805,0.2661738425879696,1.8388523931505714
22833506.0,7.9719204999,-0.9015629590416339,47.2732509725,-1.6746154696790323,0.7730525106373984,5.929970196402861
2284.0,4.0728390879,-0.609897252065478,8.191456512,-0.9133611299514074,0.30346387788592943,2.0112399078902974
2286.0,10.119921775949999,-0.993342915461815,18.7167862047,-1.2721536054717117,0.2788106900098968,1.8494990988152156
228987.0,8.524346249899999,-0.8844937533051012,16.8625219559,-1.2269225281548315,0.34242877484973033,1.978160138215622
2292.0,17.659076112,-1.1914462943763036,18.75266700995,-1.2651852441347624,0.07373894975845885,1.0619279791883824
22932.0,13.6876122359,-1.1363276933335777,15.277229666,-1.181244763722069,0.044917070388491354,1.116135480951947
229455.0,38.637658344749994,-1.586890510698551,8.52914004,-0.9309052451522728,-0.6559852655462781,0.22074681555226605
22985.0,7.8403699639,-0.8943365562417553,9.579403859,-0.923767191625424,0.029430635383668635,1.2218050810238756
23017.0,10.19082607595,-0.9887753694464807,53.740851024950004,-1.7262219629361395,0.7374465934896588,5.273453851967562
23019.0,51.3156620626,-1.7102499364421277,15.604704348,-1.1932555447893354,-0.5169943916527924,0.3040924294996684
23082568.0,8.049315348,-0.9057589420783356,30.28466755795,-1.4128074306439504,0.5070484885656148,3.7623904951710934
230976.0,11.5401566959,-1.0622117058476752,25.3027255439,-1.2561888444601643,0.1939771386124891,2.192580760440591
231084.0,32.216597394,-1.4891744568097685,13.265557476,-1.1226896412636467,-0.3664848155461218,0.41176159337269336
2314.0,12.6922697367,-1.0347218955292299,21.66076726805,-1.335661787185986,0.30093989165675605,1.706611009488506
2315.0,9.42775972,-0.9744085053745725,16.06592554,-1.2059057498275565,0.23149724445298403,1.7041085069147266
23160050.0,6.9808325959,-0.8439072235172653,18.908315649949998,-1.2748917587064712,0.4309845351892059,2.708604652839731
23173.0,4.327477268,-0.6362347952284039,6.27322174,-0.7974906388455485,0.16125584361714462,1.4496255789459644
2319.0,17.810797216,-1.2506833590343258,5.3048615041,-0.7246740501053553,-0.5260093089289705,0.297845258680194
23194.0,8.598350052,-0.8645834158397572,13.77555025995,-1.1206097851501902,0.256026369310433,1.6021155427076115
2328.0,8.542893556,-0.9316049951104944,11.111990704,-1.0457918694103374,0.11418687429984298,1.3007291535542576
23284.0,20.025771008,-1.2702271609802716,15.3085002119,-1.184932644545323,-0.08529451643494856,0.7644399911386424
23294.0,16.1890129159,-1.2092203695534642,10.1228033479,-1.0053008000460426,-0.20391956950742163,0.6252884842631704
2331.0,11.15699992195,-1.029264792128318,22.577775074,-1.2646249711654467,0.2353601790371287,2.0236421288827886
23327.0,10.5097527839,-1.0215925004382516,29.3984156335,-1.440599145104525,0.41900664466627346,2.7972509190259682
2333.0,5.997797358,-0.7759691385273529,28.534807729949996,-1.4516185347533832,0.6756493962260303,4.757547817431614
23354.0,13.79933558595,-1.1346474422591735,5.7919221559,-0.7628227162605228,-0.3718247259986507,0.41972471209390194
2336.0,32.231751588,-1.5082839072601746,119.8115954819,-2.078498851526656,0.5702149442664814,3.7171915759770964
23360.0,8.8334896441,-0.9461323042325569,38.1122899705,-1.5810650440666685,0.6349327398341116,4.314522516699353
23368.0,17.125256812,-1.225544881260809,39.18574388565,-1.5931173745280498,0.36757249326724084,2.288184306713099
2337.0,12.68817936,-1.1033993092001766,21.32297284595,-1.3022535844893972,0.19885427528922062,1.6805384161869228
23394.0,10.5,-1.021189299069938,12.742814211999999,-1.1045994036371956,0.0834101045672575,1.2136013535238095
23418.0,13.74910070795,-1.124583982373939,9.8883435359,-0.9951235460491534,-0.12946043632478554,0.7191992949896983
2343.0,23.5,-1.3710678622717363,30.6335523959,-1.4861973623462224,0.11512950007448608,1.3035554211021276
234310.0,8.24044558595,-0.9115230766986379,6.6831873879,-0.8249836383479966,-0.08653943835064126,0.8110225737422339
2345.0,21.27521574795,-1.2493336871403495,11.9741974839,-1.078246416450453,-0.1710872706898965,0.5628237864076086
2346.0,4.379145048,-0.6413893303263455,30.9491508559,-1.4906487378906774,0.8492594075643319,7.067395694060144
2347.0,16.07533427195,-1.206157107074206,12.490777952,-1.09658948799297,-0.10956761908123602,0.7770151301796117
23479.0,11.554654244,-1.0627569543872164,6.06550661195,-0.7818455640032844,-0.280911390383932,0.5249405550235
2348.0,15.4624209819,-1.174543712342909,10.653710664,-1.027500897936467,-0.14704281440644196,0.6890066359253199
23535.0,17.5833773319,-1.2451022959786446,27.84596521635,-1.2824311619702229,0.03732886599157825,1.5836528267997454
23537.0,12.169087524,-1.085258014701012,18.147767844,-1.2588232149010854,0.17356520020007338,1.4913006261323034
235414.0,6.9559187359,-0.8423544996164192,26.328587667999997,-1.4199689932692205,0.5776144936528014,3.785062572987843
2355.0,8.270907792000001,-0.9164248597034703,24.5321483599,-1.3896979287946576,0.47327306909118727,2.966076877755621
23581791.0,9.37760572,-0.972091968941536,4.98927414,-0.6980373672822064,-0.2740546016593296,0.5320413641788301
23603.0,13.222391536,-1.1213100131642768,32.7036090159,-1.5145956819937172,0.3932856688294404,2.4733505226236403
2361.0,107.6411788866,-2.0319784455125784,28.76930182205,-1.4584848860117212,-0.5734935595008572,0.26727040821764375
23616254.0,16.616054544,-1.2108737811306838,24.1177153839,-1.3823361656920667,0.17146238456138296,1.451470643649808
23625795.0,12.817478896,-1.1078026110464496,7.7880524439,-0.7974848338535194,-0.3103177771929302,0.6076118796131154
2365.0,26.156553568,-1.417580520041994,15.2376471619,-1.1829179129688496,-0.23466260707314435,0.5825556154516388
23654.0,16.5189708039,-1.2179829855926654,11.29570433595,-1.0292990194186469,-0.1886839661740185,0.6838019432350574
23661868.0,10.1882060601,-1.008097720141143,17.282621378,-1.2269316917316708,0.21883397159052786,1.6963360650589714
23661960.0,26.908554488,-1.4298903683417272,6.72623158,-0.8277718157268699,-0.6021185526148574,0.24996629168614745
23661981.0,4.871357136,-0.6876499703659419,14.933468758,-1.1630405426097155,0.47539057224377357,3.0655663998928775
23662354.0,20.76892830455,-1.0857048648140306,9.76202568395,-0.986362998380808,-0.09934186643322263,0.4700303039618738
23662382.0,8.5696168,-0.9329614023938779,7.31635691995,-0.8632464835061167,-0.06971491888776127,0.8537554351263407
23662383.0,9.587227534050001,-0.9808768338277649,9.593511208,-0.9819775872718254,0.001100753444060465,1.000655421385138
23663400.0,13.450337804,-1.1228696603990045,17.198258288,-1.228142200894986,0.10527254049598156,1.2786487996521103
23663403.0,24.67302896,-1.3922224684952078,18.52277078,-1.2677059523490484,-0.12451651614615944,0.7507295034602026
23663404.0,13.5849456559,-1.1330579054414356,28.04911017145,-1.446265499720148,0.3132075942787125,2.0647200866253117
23663624.0,11.5974090819,-0.9494446041586979,36.597613768,-1.5634527695153222,0.6140081653566243,3.155671539181769
23663938.0,22.2700814919,-1.2607672585072054,10.972219704,-1.0402944951847297,-0.22047276332247567,0.4926887990055528
23663939.0,10.654477724,-1.0251975016324804,10.702868328,-1.0295001825531045,0.004302680920624136,1.0045418091110179
23663953.0,12.611199552,-1.100756397757641,10.58288594995,-1.0066645978200148,-0.09409179993762606,0.8391656881102694
23663954.0,27.16800365995,-1.415486695350489,10.5945661999,-1.025083178994276,-0.39040351635621295,0.38996483998263337
23663959.0,9.364728432,-0.971495187777041,34.55129296295,-1.5384326124855905,0.5669374247085495,3.6895136056359696
23663963.0,16.5573117639,-1.2189898263573542,8.2886067679,-0.918294905368559,-0.30069492098879524,0.5006009964716431
23663976.0,38.58449988025,-1.5861010981354862,33.3178051839,-1.522676384453948,-0.06342471368153824,0.8635023205511125
23663985.0,14.4703988079,-1.1604805005512122,9.813705714000001,-0.9874106969262921,-0.17306980362492008,0.6781917930722328
23663992.0,214.8029693842,-2.332023589293464,26.7296103479,-1.4269926278552907,-0.9050309614381735,0.12443780653744593
23663996.0,106.090020436,-2.025674533068005,12.68524928,-1.1032990060366392,-0.9223755270313656,0.11957061774394247
23664644.0,16.1670427559,-1.2086305868668652,7.745748024,-0.8890633648981521,-0.3195672219687131,0.4791072888808479
23665410.0,6.6155776159,-0.8205677690747567,13.424263384,-1.110978178375713,0.2904104093009564,2.0291899155919326
23665719.0,6.5,-0.8129133566428556,14.643514264,-1.1656453145851322,0.35273195794227663,2.252848348307692
23665728.0,13.6519922999,-1.1351960346526104,9.67624152,-0.9857066998608027,-0.1494893347918077,0.7087787121056959
23665731.0,7.6986979039,-0.8864172782932698,10.64209167005,-1.025426982458451,0.1390097041651812,1.3823235828826246
23665759.0,7.49760664795,-0.8724427381365887,10.96331552795,-0.9371578604050868,0.06471512226849807,1.462242025053101
23665760.0,3.176809992,-0.5019912400416106,11.078328032,-1.0444742205667843,0.5424829805251737,3.4872491776020578
23665761.0,11.90403349595,-1.0601847898961918,19.114962559949998,-1.0709216146323801,0.01073682473618831,1.6057551053139516
23665772.0,17.480741172,-1.2425598424909328,4.0044801359,-0.6025461437000559,-0.6400136987908769,0.2290795393912832
23665888.0,13.965150013999999,-1.1395829423075978,33.2294477159,-1.5215231232248354,0.3819401809172376,2.379455120968098
23666711.0,4.9189150801,-0.691869324986182,6.979688298,-0.8438180107486599,0.1519486857624779,1.4189487283968532
23667300.0,14.2142082359,-1.1527226734984073,2.9012576359,-0.46258629649710475,-0.6901363770013025,0.204109689948995
23667548.0,10.685063056,-1.0284301777039988,37.49688827195,-1.5733427613335627,0.5449125836295639,3.5092809537417105
23667631.0,4.962992964,-0.6957436595015465,9.8351423,-0.9927806479012827,0.29703698839973625,1.981695797544153
23667638.0,6.784967212,-0.8315477532954053,13.1471233959,-1.1188307391413197,0.2872829858459144,1.9376841457166942
23667639.0,5.3205095599,-0.7259532278693376,10.6909201199,-1.0290150846099697,0.30306185674063213,2.009378988899127
23667648.0,8.0807421919,-0.905086647373837,13.723897246049999,-1.1300648252482026,0.22497817787436558,1.6983461320924953
23668192.0,12.262414284,-1.0885759846191227,11.916288618,-1.0561305701096004,-0.03244541450952232,0.9717734486877004
23668193.0,16.31280984,-1.1425847348730245,11.329665276,-1.054217079242609,-0.08836765563041538,0.6945256756576034
23668194.0,5.0744122519,-0.7053857469717302,20.349025758000003,-1.307940918531521,0.6025551715597908,4.010124670178456
23668195.0,28.64313198,-1.457020504112884,31.9272539696,-1.5041615669223158,0.047141062809431755,1.1146565254069678
23668196.0,21.87804409,-1.3400080286924019,6.027337676,-0.7801255230948249,-0.559882505597577,0.27549709888165785
23668568.0,5.879587503950001,-0.7655600407018575,17.1563431639,-1.2344247244810975,0.46886468377924007,2.917950137211853
23668817.0,22.5125122481,-1.3524239621088023,11.0178743559,-0.9429587843762235,-0.40946517773257884,0.48941114321125495
23669238.0,13.461647328,-1.1290982086015164,10.37713312,-1.0160773879887806,-0.11302082061273588,0.7708665118878681
23669619.0,13.5188983599,-1.1309413028697026,30.97346689695,-1.4664818712034164,0.3355405683337138,2.291123586580402
23669624.0,18.688181864,-1.271567051788649,10.4295099519,-1.0182639028478546,-0.2533031489407944,0.5580805039141287
236702.0,232.8240566495,-2.3670154215378254,9.320521272,-0.9694402019701275,-1.397575219567698,0.040032466602157785
23670359.0,4.778653142,-0.6785168043893091,12.96809894605,-1.106029950938437,0.427513146549128,2.7137560648778307
23671691.0,4.0053496119,-0.602640430006337,5.216805116,-0.7174046131021558,0.1147641830958187,1.3024593659691364
23671932.0,9.650177484,-0.9781526929633315,7.1028120559,-0.851430323166294,-0.12672236979703755,0.7360291629533723
23672301.0,11.650337239999999,-1.063506985187356,8.5946819519,-0.9342298101573958,-0.12927717502996017,0.7377195848366704
23672325.0,4.2788689839,-0.6313289888816016,20.77150728595,-1.2979974778239622,0.6666684889423606,4.8544387229677906
23672329.0,9.941125368000002,-0.8724297189742976,10.2696032959,-1.0115536675769123,0.1391239486026148,1.0330423282818013
23672568.0,5.37879236,-0.7306847793354295,17.81950511615,-1.208018040786091,0.47733326145066146,3.3129193178503735
23672589.0,7.5537615079,-0.7623431052168566,13.258110917949999,-1.1200206809427846,0.35767757572592807,1.7551667343593231
23673604.0,7.289551103900001,-0.8528855947996474,5.347488856,-0.728149888188353,-0.1247357066112944,0.7335827377818953
23673837.0,30.2312711275,-1.4804564082447391,16.6225811639,-1.2206984621797732,-0.25975794606496594,0.5498472457143624
23674.0,19.8541985759,-1.2978523612518844,12.20785226,-1.086639264790441,-0.21121309646144337,0.614875096233725
23674215.0,3.5497747279,-0.5502007931862986,8.671899428,-0.9151540145308192,0.3649532213445207,2.442943592967146
23674746.0,14.341083573950002,-1.100546593600336,16.3583795039,-1.2137402793248133,0.1131936857244773,1.1406655166290458
23674889.0,6.110478512,-0.78607522120555,20.6774868399,-1.3154977530926555,0.5294225318871055,3.3839390481928264
23675081.0,16.780674488,-1.2248094130200617,4.9057808999,-0.6907081480103491,-0.5341012650097127,0.29234706289119455
23675274.0,8.5385160439,-0.9313823987984049,14.5780557319,-1.1636992588672501,0.23231686006884522,1.7073289617245266
23675317.0,7.59435556995,-0.8672128853301129,4.7237346999,-0.6742854982545732,-0.1929273870755397,0.6220059959519514
23675320.0,14.18375270595,-1.0749970665167685,16.6690656815,-1.1987497162943597,0.12375264977759115,1.175222525876909
23675737.0,18.1463725199,-1.2587898220971054,11.489406752,-1.0601576902799459,-0.19863213181715955,0.6331517078358377
23676704.0,10.6413480559,-1.0269966482742756,19.080080119999998,-1.2804566610681603,0.25346001279388464,1.7930134433880507
23676735.0,12.4049556041,-1.0935952143213363,11.259901075950001,-1.0431598044296662,-0.05043540989167017,0.9076937826547687
23676736.0,3.1853480159,-0.5031568882029834,12.02338912795,-1.0763928413832355,0.5732359531802521,3.774591996834879
23676745.0,12.401284168,-1.0934666592105915,16.56585558,-1.219213870889714,0.1257472116791225,1.3358177552890989
23676814.0,22.4156424868,-1.350551191315711,14.43373631595,-1.1592353538214728,-0.1913158374942383,0.6439135672532991
23677323.0,8.55172249995,-0.9315846995288486,7.8333114239,-0.8939453928508859,-0.03763930667796267,0.9159922371131429
23677829.0,26.026779568,-1.4154204338651917,44.3173516051,-1.646573799155896,0.2311533652907043,1.702759709064748
23677960.0,7.429825504,-0.8709786140916899,5.763745536,-0.7607047988680942,-0.1102738152235957,0.7757578603827194
23677979.0,10.84812396595,-0.9830404094649391,5.03200539195,-0.6997167228672925,-0.2833236865976466,0.4638595030573412
23678874.0,15.003678828,-1.1761977589764034,10.533753289900002,-1.0137243609419713,-0.16247339803443217,0.7020780310387488
23678979.0,39.398088878799996,-1.5514875714436736,12.7800682039,-1.1065331715452589,-0.4449543998984147,0.3243829476910724
23680486.0,20.25780805795,-1.2013020926802893,8.20091687195,-0.8948511871934457,-0.3064509054868436,0.404827454603689
23681045.0,11.58169256,-1.0637720322544384,11.11709549995,-1.021763950237478,-0.04200808201696038,0.9598852190521279
23681059.0,7.1665210440000005,-0.8519489889823701,6.9921121799,-0.8446083874067712,-0.007340601575598904,0.9756633849214718
23681107.0,10.30809833595,-0.9931373709568174,10.295497762,-1.0051855767991558,0.012048205842338344,0.9987776044097237
23681217.0,11.6326404799,-1.06567830593146,11.9862596439,-1.078683681060425,0.013005375128964936,1.0303988732920113
23681233.0,7.45733286995,-0.8028275759303658,20.8457936999,-1.3190184354625363,0.5161908595321705,2.7953417211534193
23681382.0,10.57405191795,-1.0192637257981063,11.748079468,-1.0691480588150302,0.049884333016923854,1.1110291077781667
23681451.0,15.1976577439,-1.1817766598340598,8.28433427205,-0.9024016279867281,-0.2793750318473317,0.545105990123718
23683016.0,17.759820476,-1.2494385714270064,8.2309364899,-0.9006155371927047,-0.3488230342343017,0.463458315979207
23683938.0,8.0495188759,-0.9057699231273555,10.218142392,-1.0093719503749183,0.10360202724756284,1.269410327441158
23684123.0,7.8082027159,-0.8925510799216901,5.4255443559,-0.7344433183552912,-0.15810776156639894,0.6948518824763418
23684677.0,16.1464329239,-1.2080765927615595,2.22906404,-0.3481225457431812,-0.8599540470183784,0.13805303316873985
23685849.0,23.216143988,-1.365790088623982,16.51497050595,-1.216995111048289,-0.14879497757569293,0.7113571708758477
23687810.0,9.422863528,-0.9741829012459683,6.85155146,-0.8357889239340072,-0.13839397731196112,0.7271198866077857
23688987.0,11.603309094,-1.0186653901068556,13.2008337359,-1.1206013611654093,0.10193597105855368,1.137678366486511
23689980.0,3.4343042,-0.5358387609851103,12.769120013950001,-1.1051926746231269,0.5693539136380166,3.7181097743030453
2369.0,21.203399624,-1.326405498644595,5.314927153899999,-0.7140727818853818,-0.6123327167592132,0.25066391466225374
23690437.0,5.8588986079,-0.7678159823204447,25.2797589561,-1.4027729286081818,0.6349569462877371,4.314763003751827
23690996.0,14.5510099319,-1.1628931371452829,15.91319934795,-1.2017178505983064,0.03882471345302352,1.093614767801353
23691974.0,10.5185776099,-1.0193830116250626,13.1337429399,-1.11838851180878,0.09900550018371734,1.248623476194978
23692768.0,16.407803224,-1.2150504389715109,11.134520485949999,-1.0403547386243988,-0.17469570034711213,0.678611288418143
23694214.0,160.8952640279,-2.206543260775099,27.182691925950003,-1.4174464529863864,-0.7890968077887128,0.16894650125460745
23694217.0,21.4964145319,-1.3323660283404877,17.7433307479,-1.2490351481707604,-0.08333088016972723,0.8254088476740834
23695982.0,2.8116070639,-0.4489546257702587,13.7466397679,-1.1378642104664967,0.688909584696238,4.889246418676989
23700088.0,70.4887993008,-1.8481201129018487,28.7164731444,-1.4581311003341795,-0.38998901256766927,0.4073905844509695
23700091.0,30.3271980479,-1.4818322873779988,23.370206876,-1.3686625568384219,-0.11316973053957691,0.7706022441996835
23700188.0,188.0246868999,-2.274214874160134,31.9103146639,-1.5039310867419793,-0.7702837874181545,0.16971343066715658
23702555.0,14.248990546000002,-1.1282700581796303,16.6337867959,-1.2209911305994812,0.09272107241985084,1.1673659788180197
23702994.0,10.024127876,-0.936943083913161,11.202521812,-1.0493157981840113,0.11237271427085038,1.1175557565283398
23704143.0,19.606546434000002,-1.2413546692072996,8.9868605539,-0.896142977251535,-0.3452116919557646,0.4583602004642568
23706212.0,5.54493556,-0.7438965033978874,14.584662668,-1.1638963886774711,0.41999988527958376,2.630267297100924
23707968.0,12.4872628419,-0.8999650278867459,12.009420744,-1.0795220603794837,0.1795570324927378,0.9617336397936112
23716429.0,22.19193530395,-1.3427351328763022,15.87723396395,-1.1829358362559574,-0.15979929662034476,0.7154506241338928
23724801.0,8.5952557039,-0.9342588012256199,13.391971267999999,-1.1231839180312453,0.1889251168056254,1.5580654874436772
237332.0,33.7452085401,-1.5282121163575333,15.14822006195,-1.1783241216795515,-0.3498879946779818,0.4488998799325573
23741.0,15.623675974000001,-1.144076485529454,8.551431084,-0.9320388000938287,-0.2120376854356254,0.5473379695169553
2377.0,8.5439405119,-0.9316582158732091,20.509869211850003,-1.2386292447913472,0.3069710289181381,2.4005163874074094
23892.0,20.822718448,-1.3185374268986803,29.419056276,-1.468628737028515,0.15009131012983468,1.4128345609372472
240.0,4.09107275395,-0.5980847797250685,6.703164356,-0.8262798680627975,0.22819508833772906,1.6384857369079986
240119.0,11.8269311919,-1.0728720701292378,12.6245899,-1.0887687744780024,0.015896704348764557,1.0674442672539008
24066.0,7.6738377379500005,-0.8644221898182642,18.108332841950002,-1.256940344909518,0.39251815509125376,2.3597492493746013
24114.0,9.504586148,-0.9779332114115745,8.57435388395,-0.9327766416689893,-0.045156569742585195,0.9021280622254401
24180685.0,7.833864304,-0.8939760445498078,8.541268896,-0.9315223945291574,0.03754634997934958,1.0903008482849004
24180686.0,3.6597857399,-0.5634556606121957,11.038895052,-1.042925604476963,0.4794699438647674,3.0162681196472523
24180709.0,19.5173412139,-1.2904206547866908,9.5395662,-0.9795286261475181,-0.31089202863917265,0.48877385989470956
24188465.0,18.0028243159,-1.255340643358365,21.0,-1.3222192947339193,0.06687865137555438,1.166483637873026
24191.0,13.28085637195,-1.0337139245140972,16.967036573949997,-1.201610827917173,0.16789690340307595,1.2775559119655446
24194381.0,10.0704900639,-1.0030506052973027,18.217376132,-1.260485825246548,0.25743521994924534,1.8089860589113131
24194514.0,17.749652808,-1.2491898624590312,8.05801923995,-0.8127626946318343,-0.4364271678271969,0.4539817948618209
24233.0,11.4379435,-1.0583479469318606,15.5544479459,-1.1918546018604128,0.13350665492855218,1.359899001590627
24268.0,10.61168525195,-1.0235467249298869,8.4908359039,-0.9289504476739778,-0.09459627725590902,0.8001401947291763
24287.0,12.761317308,-1.1058955074624468,19.60647434,-1.2923995053279747,0.18650399786552785,1.536398936472554
243.0,6.328455756,-0.8012977481742731,22.25358582,-1.3474000007715503,0.5461022525972772,3.5164322352892183
24314.0,6.6955104559,-0.8257836925847446,13.7392409119,-1.0259750895271769,0.20019139694243226,2.0520079839160212
24321.0,4.42093134205,-0.6389012617656347,15.55035648395,-1.1389451650294289,0.5000439032637942,3.517439037345296
243274.0,17.463033680000002,-1.2367275185913305,7.91132814,-0.8982493982200622,-0.33847812037126823,0.45303286272995374
2435.0,7.9957652479,-0.9028600349410447,10.448452819949999,-0.9921231069691117,0.08926307202806694,1.3067483218937888
24361.0,8.59885287195,-0.9210180455167974,8.497527672,-0.9292925875272168,0.008274542010419328,0.988216428230732
243694.0,31.96982424,-1.5047402486643073,22.5357039119,-1.3528711279840744,-0.15186912068023295,0.7049054678162346
24385.0,15.8305293605,-1.1664940105268218,6.145733108,-0.7885736961351909,-0.3779203143916309,0.3882203158243528
24393.0,8.234320368,-0.915627759837559,28.80261694795,-1.45576039545592,0.540132635618361,3.4978742216397083
244.0,9.41458678,-0.8988500868333017,12.84724266595,-1.1040243165709587,0.20517422973765698,1.364610361151719
24412.0,6.146719772,-0.7886434141541732,13.58220810795,-1.0695143910006792,0.2808709768465061,2.2096676946004106
24433.0,4.2844985279,-0.6318999979486927,9.850382711950001,-0.922571847820882,0.2906718498721893,2.2990748270318715
24434.0,4.3967130239,-0.6431281198830706,30.433709467950003,-1.4742897238730337,0.8311616039899631,6.9219231054007935
24436.0,9.6060454881,-0.9825446388492736,26.38589848395,-1.4075400269505995,0.424995388101326,2.7468013259605044
2447.0,10.26789810195,-1.0088801231182383,17.192142624,-1.2353300053544467,0.22644988223620843,1.6743585155695109
2448.0,8.49429328195,-0.9158058317292317,19.905811192,-1.2989798804396326,0.38317404871040095,2.343433471304667
2449.0,27.401756688000003,-1.42591392527917,17.83710821595,-1.250979699866697,-0.17493422541247283,0.6509476169373246
2450.0,11.619196308,-1.0651760892357347,22.537833326,-1.3039057847393671,0.23872969550363243,1.9397067343188228
245005.0,16.859677680049998,-1.2256150116723155,9.84446367795,-0.9793726971929659,-0.24624231447934952,0.5839058056014275
2451.0,38.9332425201,-1.5903205750499,13.721456249949998,-1.1107882260556643,-0.4795323489942358,0.3524354860211308
24512.0,11.16959334995,-1.0419128034968634,12.3459316519,-1.09152386834753,0.049611064850666464,1.1053161261197808
24603.0,16.0520791599,-1.205531292765202,8.17590694595,-0.9121659903199093,-0.2933653024452927,0.5093363211399049
24608.0,13.132049856,-1.118332522865145,8.8413587399,-0.9465190125126012,-0.17181351035254389,0.6732657000887341
2461.0,13.5648186759,-1.1324139928206236,19.80856664,-1.2968530508610967,0.1644390580404731,1.4602898212854833
24633.0,167.2061406035,-2.2232522227515963,13.821955263900001,-1.139841015147664,-1.0834112076039324,0.08266416062240406
24639.0,8.44999661795,-0.9265214897466805,8.767399148,-0.9428707788627501,0.016349289116069587,1.0375624446258067
2466.0,13.8872125919,-1.1426150839349904,12.99925054,-1.1139183141741416,-0.028696769760848895,0.9360590150093964
246724.0,10.45455881995,-1.0042773565508536,11.175136428,-1.0482528337785522,0.04397547722769857,1.0689247265676054
246728.0,51.749262806,-1.7139041674320143,26.215399884,-1.4185564867337037,-0.29534768069831063,0.5065849919887263
24685.0,32.71936526,-1.5148048699762626,12.922522244,-1.111347288407006,-0.4034575815692567,0.39495027306651365
24699.0,24.4259260679,-1.3811964048198193,15.6451078919,-1.1943785624771144,-0.18681784234270493,0.6405123739590961
247.0,4.007198568,-0.6028408634833622,25.2240421817,-1.318646648025263,0.7158057845419008,6.294682370654112
24705.0,3.724378872,-0.5710538542774667,8.4780288219,-0.9282948796937981,0.3572410254163314,2.276360465267939
24721009.0,15.58566084,-1.192725221311664,16.893280024,-1.2277139810111277,0.0349887596994638,1.0838988604605104
24728612.0,15.19659836,-1.1817463853913754,10.212009861950001,-1.0063809492761058,-0.17536543611526967,0.671993140835368
24730.0,14.8594744599,-1.1720034498551415,7.4916059719,-0.8625489168973438,-0.3094545329577977,0.5041635888346496
24743.0,66.6358407223,-1.8237078814400414,43.877991623149995,-1.63425587237553,-0.18945200906451132,0.6584743457504846
24744.0,53.6136377137,-1.7292752753355285,28.4848936532,-1.4546146023809163,-0.27466067295461216,0.5312994019415549
24750.0,11.501981501949999,-1.057010424442454,40.2996209655,-1.6053009614422031,0.5482905369997491,3.5037111613044907
24752.0,32.4687521979,-1.511465598635872,16.144456732,-1.2080234354006092,-0.30344216323526285,0.4972305875383835
24762.0,9.0341123799,-0.9558854886680237,15.4740696879,-1.1814826969358097,0.22559720826778595,1.7128489260691802
24764.0,193.5465137262,-2.286785352957429,14.8856733159,-1.1727684836429026,-1.1140168693145265,0.07691005655084014
24769.0,20.417948871649997,-1.2374130079651826,10.97644784595,-1.0207413820900881,-0.21667162587509448,0.537588173765614
24771.0,3.8326649559,-0.5835008557365741,13.658710746050001,-1.1269166500621182,0.5434157943255441,3.5637633091365837
2478.0,3.8045443359,-0.5803026494760044,18.6267409791,-1.2701368753682596,0.6898342258922552,4.895919020666025
24781.0,10.902072316,-1.037509058478285,19.466556148,-1.2892891267531823,0.2517800682748974,1.7855831060146858
247839.0,156.75350598715,-2.1951964055759747,16.86431770395,-1.214875659086868,-0.9803207464891068,0.1075849474482087
24798733.0,5.949304132,-0.7744661708871832,9.86706146,-0.9941878333463051,0.21972166245912195,1.6585236258014184
24802109.0,30.73651625195,-1.4777415268640333,16.319392112,-1.212703977498668,-0.26503754936536517,0.5309447556850122
248057.0,17.900110108,-1.2528557024407725,3.9978229039,-0.6018235517724689,-0.6510321506683036,0.22334068783818678
24812.0,9.1724669679,-0.9624861564394779,18.722260171949998,-1.2723557129600604,0.30986955652058257,2.0411368323778643
24813.0,7.728850348,-0.8881148982324375,14.760203038,-1.1622754429611026,0.27416054472866513,1.9097540220609277
24819.0,9.792171104,-0.9908789935345131,6.53360079795,-0.8066544051060528,-0.18422458842846035,0.6672269845531082
2482.0,47.177376009499994,-1.6730323646583405,8.853803664,-0.9471298871270385,-0.725902477531302,0.18767054068918823
248271.0,20.7188675639,-1.3163660143845082,24.3948619907,-1.301004574312136,-0.015361440072372279,1.1774225553333306
2484.0,10.013950736,-1.0006054505404234,19.146308672449997,-1.2789367839938446,0.2783313334534212,1.9119635373898245
24842.0,7.5209939579,-0.817607309689959,10.688620184,-1.028921644857781,0.21131433516782194,1.421171223355757
24846.0,8.957675488,-0.9521953250964227,32.987975874499995,-1.5182296467480558,0.5660343216516331,3.6826491335494107
24860538.0,8.37053785195,-0.9100658831542514,17.4232548719,-1.241129289641857,0.3310634064876057,2.08149765045756
24868287.0,26.9399951119,-1.428793807903423,13.578049188,-1.0715299650089976,-0.3572638428944255,0.504010825970873
24871267.0,6.19128390795,-0.7585844336802569,7.79260184795,-0.8571931586171956,0.09860872493693873,1.2586406896869657
24871329.0,24.11350165,-1.3746684987732327,6.079557416,-0.7838719643409594,-0.5907965344322733,0.2521225454619943
24884197.0,11.48260259795,-1.0043428632007922,10.3621335142,-0.8087109063818538,-0.1956319568189384,0.9024202854542716
24915.0,16.701941388,-1.2227669552848248,12.46514291795,-1.0275333424122346,-0.19523361287259022,0.7463289822646574
24963.0,5.416435856,-0.7337136043919149,15.035831332,-1.1771274452678635,0.4434138408759486,2.7759640715294758
24978536.0,12.4003235639,-1.0934330174350548,38.0258944879,-1.5800794388089292,0.48664642137387437,3.066524376718808
24978553.0,3.484027476,-0.5420815713149977,9.539155342,-0.9304846546813408,0.3884030833663431,2.737967885647065
250096.0,10.1231309279,-1.0053148538490881,18.05675752,-1.2566397660439514,0.2513249121948633,1.7837127316247996
25015.0,45.4123692245,-1.6514383411870792,31.86822814995,-1.5024813787102553,-0.14895696247682388,0.701752159029771
25051.0,10.7549903161,-1.0316100236805965,24.055315022400002,-1.1905408464937035,0.158930822813107,2.236665428363026
25053.0,22.0,-1.3424226808222062,25.6284187949,-1.408721812199332,0.06629913137712573,1.164928127040909
25054.0,8.3882743399,-0.9236726256984562,12.6733809917,-1.097880784603555,0.17420815890509878,1.5108448386597575
250948.0,144.4171105175,-2.15937635320811,24.24563834,-1.383029563073805,-0.7763467901343049,0.16788618919959622
25106.0,6.6435401479,-0.8223995638544379,8.420319926000001,-0.9090589044525614,0.08665934059812352,1.2674447265380997
2515.0,18.394307884,-1.2632528570355772,21.688813084,-1.3186411342783302,0.05538827724275297,1.1791046024007064
25150753.0,11.400407804,-1.0569203867627193,14.67455774,-1.1665650214036831,0.10964463464096386,1.287195861085883
25153273.0,14.444250564,-1.159695013514047,11.1088590479,-1.0456694563624442,-0.11402555715160267,0.7690851802022228
2518.0,8.492773584,-0.9290495460169271,22.6127401199,-1.3543531915735145,0.4253036455565874,2.6625860087099666
2519.0,12.3446993519,-1.0914805174027595,21.678845422000002,-1.3313120979444064,0.23983158054164688,1.756125832150247
25208.0,7.371303429999999,-0.8570793718728158,12.199057884,-1.0863262920207346,0.2292469201479188,1.654939048411958
25213.0,9.196241344,-0.96361036026928,20.22499087195,-1.2870199821437422,0.3234096218744622,2.199267082648456
25234023.0,20.653444236,-1.2829066381402625,12.19412288,-1.0861505670871683,-0.19675607105309423,0.5904159490621437
25238.0,23.298725336,-1.366514949142644,21.5644888279,-1.320856465046968,-0.045658484095675966,0.9255651765025812
253881.0,5.013319285950001,-0.6998796763804647,11.4434928839,-1.057286814435174,0.35740713805470925,2.2826180083863363
2541.0,9.41519078,-0.9738291245504329,26.572530679950003,-1.4013066430703023,0.42747751851986937,2.82230400858112
25418.0,6.0765172439,-0.7836547346789947,19.6694365219,-1.2889694404263765,0.5053147057473818,3.2369588914843366
25429.0,24.1681162559,-1.3832428013571814,10.574008336,-1.0242396484444827,-0.3590031529126987,0.4375189288250233
2554.0,123.51086712045,-1.9701308831737818,10.737277964,-1.01153570075146,-0.9585951824223218,0.08693387241406714
25612.0,6.940900696050001,-0.7900434488605129,38.0486805242,-1.5195936892864292,0.7295502404259163,5.481807360513476
25622.0,16.72656164395,-1.2137027778181613,16.769369628,-1.2241679927810387,0.010465214962877445,1.002559281755643
25644.0,19.93003486395,-1.2994803667231296,28.76077758,-1.4588006235098077,0.15932025678667805,1.443087168503819
256687.0,64.3696791212,-1.8086813442037006,11.7056582681,-1.0683958412846717,-0.740285502919029,0.1818504989912987
25670.0,7.5002587839,-0.8750762482558154,14.19642306595,-1.1505871560588368,0.27551090780302134,1.892791098945004
25750.0,9.1927272719,-0.9634443757410017,9.3620406839,-0.9713705240756447,0.007926148334643002,1.0184181915760244
2576.0,5.3623328439,-0.7293537674578977,13.904742333949999,-1.0579307556883708,0.3285769882304731,2.593039771816392
2577.0,12.10765761995,-1.0555278578242484,12.801387217999999,-1.0888596827871702,0.03333182496292175,1.057296763736276
2578.0,5.23457268395,-0.7124941929766401,11.52803037395,-1.0583253508439352,0.3458311578672951,2.2022868092550714
25798.0,16.8397430639,-1.2263354608701804,36.4842266749,-1.5229718765597853,0.29663641568960486,2.1665548302285345
25804.0,26.9549784359,-1.4306389887273194,16.61515162645,-1.0931265473936802,-0.3375124413336392,0.6164038181652226
2581.0,20.535385425900003,-1.3048864651919012,14.2261333925,-1.1072530981348407,-0.19763336705706047,0.6927619373804138
25833.0,12.71551542,-1.104333968878623,39.3633728421,-1.5950923037825444,0.4907583349039215,3.0956962059269792
25914.0,6.23134126,-0.7945815360848892,13.408284011949998,-1.11310029225437,0.3185187561694808,2.1517492707420742
259329.0,8.54121184395,-0.9194693358863847,19.5964720359,-1.2921778921089295,0.37270855622254484,2.2943432845282694
259331.0,4.8569871879,-0.6863669578622331,9.529863308,-0.9790866713616142,0.2927197134993811,1.9620935652746485
26033.0,6.1756171519,-0.7906803647287608,18.871635356,-1.2758095363765312,0.48512917164777036,3.055829869601603
26049.0,19.2143347279,-1.0743741741054507,6.959990628,-0.8002843583406714,-0.2740898157647793,0.36222907150117506
261.0,8.024036536,-0.879770483956021,6.1552337079,-0.7892445472956754,-0.09052593666034559,0.7670994119087595
26133.0,159.42049180875,-2.1995846894122106,6.242442832,-0.7953545737930087,-1.4042301156192019,0.039157091796510037
261491.0,22.1904701719,-1.346166504165243,17.7027309519,-1.24804026895234,-0.09812623521290309,0.7977627699983183
261501.0,53.495238076199996,-1.7242305936229034,8.4606040479,-0.8974234258112133,-0.8268071678116902,0.15815620889187365
261668.0,17.663598876,-1.1838058214709077,43.4475655801,-1.6379654474187866,0.45415962594787884,2.4597232922410486
26177.0,5.5322530081,-0.7429020336044966,26.91352986,-1.4299706616502212,0.6870686280457247,4.864840747629364
26197.0,17.09229414805,-1.2189258146161637,6.961973172,-0.8427323453954386,-0.37619346922072505,0.4073164849432612
262.0,5.1487113,-0.7116985406266028,9.205105908,-0.9640287895804347,0.25233024895383194,1.7878465836684219
26204.0,33.1262236979,-1.5200083891374514,21.3992571839,-1.3303986982775864,-0.189609690859865,0.6459914471101209
26229.0,10.373975764,-1.0159452290466777,30.3381896472,-1.4782696087019036,0.4623243796552259,2.9244515639298343
26289.0,3.757200456,-0.5748643663735445,6.2995019839,-0.7993062170419486,0.22444185066840405,1.6766478279965373
26295.0,15.033214369900001,-0.9899705971148667,27.27148072805,-1.435687744627028,0.4457171475121613,1.8140818095865021
263.0,7.676446492,-0.8851602270551553,21.282459892,-1.328021823612653,0.4428615965574978,2.7724364279982265
26323.0,7.42367349595,-0.8688606871036846,7.9701007559,-0.9014638116664764,0.032603124562791796,1.073606046958841
264.0,7.2053239599,-0.8576535119833177,17.1298326119,-1.2337531191778077,0.37609960719449,2.377385487069444
26436.0,29.223267676,-1.4657287760852875,11.396241884,-1.0567616585186175,-0.40896711756667004,0.389971512096141
26447.0,7.9675748759,-0.9013261534808692,22.2433920959,-1.3472010174512679,0.44587486397039866,2.7917393237408934
26483.0,8.89656176,-0.9492221979751063,4.92328668,-0.6922551252135679,-0.2569670727615384,0.5533920645766416
264852.0,6.902196428,-0.8389873146168133,8.741389708,-0.9415804823526702,0.10259316773585692,1.2664649288361285
26534.0,8.5852843719,-0.8504208336766891,7.8113548479,-0.8927263670316896,0.042305533355000535,0.9098539442056102
26602.0,5.414240092,-0.7335375104516281,5.1787189359,-0.714222341236077,-0.019315169215551098,0.9564996837787075
2662.0,3.314633936,-0.520435572453114,9.078447650000001,-0.9561592576456333,0.43572368519251925,2.7388990233279267
26690.0,11.35798004995,-1.0330648541578693,9.8886986679,-0.9951391431102684,-0.037925711047600896,0.8706388481412707
26758.0,6.908769868049999,-0.8369836201894449,14.774929144,-1.1695254068159937,0.33254178662654876,2.1385759586996094
2682.0,13.0129561999,-1.1143759680038032,11.59413284395,-1.0640856529971687,-0.0502903150066345,0.8909684060904698
26964.0,16.0284385999,-1.2048912178953113,8.769749704,-0.942987198414746,-0.2619040194805653,0.5471368685939699
26989.0,16.69630471595,-1.2158940766221455,19.65354761385,-1.2908593427742372,0.07496526615209165,1.1771196050989021
2707.0,23.909821244,-1.3785763292301785,15.932399293949999,-1.1983234209929061,-0.18025290823727236,0.6663537602962265
2708.0,8.51476465795,-0.9299325755003484,17.10767795595,-1.2305313135150797,0.30059873801473136,2.0091780152698684
2712.0,11.1963401839,-1.0490760853770251,25.056905484,-1.3989274348062963,0.3498513494292712,2.237954998905006
2717.0,7.077325789950001,-0.8469095129740865,18.051979364,-1.256524828387547,0.4096153154134605,2.5506780244077945
27189.0,65.9133966541,-1.8189736923126532,26.3043789679,-1.420028052797388,-0.39894563951526507,0.399074851292219
27195.0,61.20403244715,-1.78677557699731,19.645620487949998,-1.292695810228404,-0.49407976676890586,0.3209857210783308
2720.0,25.7969294081,-1.411568015246933,15.994247028,-1.2039637993259102,-0.20760421592102274,0.620005845462288
27211.0,6.387484616,-0.8053298671632223,14.79722785005,-1.1370769822380198,0.3317471150747975,2.316597023652229
2723598.0,155.7672019778,-2.192476018808001,59.396575831449994,-1.7737131025785104,-0.4187629162294906,0.38131631741010036
2723601.0,37.462140444599996,-1.5735871681402471,15.6297023279,-1.1939507068367492,-0.37963646130349793,0.41721327565395305
2723617.0,9.428530924,-0.974444029820831,15.168576772,-1.1809448339796544,0.20650080415882344,1.6087953568025015
2723622.0,12.4967370679,-1.0967966323368068,49.3358629264,-1.6931627287863609,0.5963660964495541,3.947899572371381
2723649.0,28.973420934,-1.4613908952870458,31.407421671199998,-1.496716127691136,0.035325232404090245,1.0840080549253928
2723650.0,16.943906364,-1.22901354275689,19.336283156,-1.2863729971527962,0.05735945439590617,1.1411939337131243
2723716.0,28.8028246239,-1.4594350800655012,15.1604243079,-1.1807113564412093,-0.2787237236242919,0.526351998661971
2723722.0,12.6055216401,-1.1005608223035768,10.910182352,-0.9817432554457514,-0.11881756685782541,0.8655082005724477
2723789.0,5.847032768,-0.7669355277216188,22.710542692,-1.3562275122613443,0.5892919845397255,3.8841141469724016
2723790.0,16.5561410999,-1.2168655797761923,8.8732939559,-0.9480848691342507,-0.26878071064194153,0.535951820074401
2723816.0,11.7881715379,-1.036151819059858,11.41295253995,-1.057164784517692,0.021012965457833932,0.9681698729320626
2723822.0,4.8032691399,-0.6815369219915862,7.43736724,-0.8714192264744193,0.18988230448283305,1.5483969403710822
2723869.0,6.22287078595,-0.7874284067672266,8.8740183279,-0.9481203213489399,0.16069191458171328,1.4260328766484696
2723942.0,8.09003008,-0.9079501363902364,7.0430381759,-0.847760042437167,-0.0601900939530694,0.8705824460791127
2723949.0,13.569794082000001,-1.1322529561092054,18.37893518595,-1.2465729138825532,0.1143199577733478,1.3544004481489667
2724.0,16.120699758,-1.202062841309496,18.5395074929,-1.268098192809726,0.06603535150022988,1.150043594335888
2724048.0,12.904638143949999,-1.1100860211698031,23.0705065641,-1.3630571305236105,0.2529711093538074,1.7877685764413318
2724103.0,33.1545956369,-1.5205437354983995,8.677236592,-0.9383814390098633,-0.5821622964885362,0.2617204772162118
2724159.0,10.060205608,-1.0026068568140776,14.563044219950001,-1.1538010922636635,0.15119423544958588,1.4475891236625709
2724189.0,5.034540764,-0.7019598616310972,18.81163536395,-1.2719879089004489,0.5700280472693516,3.736514658589027
2724192.0,5.85965088995,-0.7083015634385944,20.16421268425,-1.194160253625081,0.48585869018648664,3.4411969352703298
2724248.0,10.113606656,-1.004906058803091,9.37211436,-0.971837579286207,-0.033068479516883964,0.9266836924530674
2724333.0,8.984504631950001,-0.8396043675833399,11.9155301879,-1.0761133712780726,0.2365090036947327,1.3262311809075051
2724368.0,10.84976934405,-1.035389049472931,10.111119404,-1.0047992390794573,-0.030589810393473638,0.9319202172297724
2724372.0,16.050402392,-1.2054859248676524,52.122727937549996,-1.7168741464979451,0.5113882216302927,3.2474405728001887
2724564.0,10.119755204,-1.0051700070850216,24.8478059919,-1.3952880474887892,0.39011804040376763,2.455376191518792
2724588.0,58.6913006279,-1.5065641481251741,6.044752892,-0.7813785517088894,-0.7251855964162848,0.10299231448836754
2727.0,13.135976543950001,-1.1157201018291145,18.048751484,-1.2564471651135327,0.1407270632844182,1.3739938879772637
2728.0,25.013925889950002,-1.3956401759512458,12.10633721195,-1.083003182399799,-0.3126369935514468,0.4839838922211742
2728761.0,8.321902204,-0.9202226078144495,29.00258537325,-1.4262976636533338,0.5060750558388842,3.485090867723684
2730.0,10.530374718000001,-1.0220286780700731,24.954061308,-1.3971412377395762,0.3751125596695031,2.3697220636740495
2733208.0,16.0456570799,-1.2053575064319402,14.96725146795,-1.1730300385195442,-0.032327467912395935,0.9327914334339793
2733526.0,16.134374864,-1.2077521430665583,14.259210354,-1.14993965812497,-0.057812484941588416,0.8837782978388594
2734019.0,203.3069514193,-2.3081522281777875,51.0131901719,-1.7073668098893182,-0.6007854182884693,0.2509170975993362
2734160.0,7.828879874,-0.8381945710867746,11.1011424239,-1.045367674540302,0.20717310345352735,1.4179732736438204
2734161.0,6.1692684199,-0.7902336664581731,29.4402859782,-1.4347145696383239,0.6444809031801508,4.772087057070732
2734167.0,7.9720818839,-0.9015717508341816,24.562951383700003,-1.3572143254291873,0.4556425745950057,3.0811213107715387
2734176.0,8.10833614,-0.9089317445499729,6.6203866179999995,-0.8207646854637791,-0.08816705908619382,0.8164913866040091
2734178.0,8.82992759,-0.9071299228424206,13.243484783949999,-1.1202904992351566,0.213160576392736,1.4998407007265162
2734180.0,14.73060984,-1.1682207267926945,35.05953162195,-1.542230536525612,0.3740098097329174,2.380046176143241
2734181.0,7.253515202,-0.8585079379883097,14.64765101595,-1.1096762131804647,0.251168275192155,2.0193865468030214
2734241.0,8.138295602,-0.8914304668413472,7.57477548,-0.8793697646671278,-0.012060702174219395,0.9307569853002742
2734250.0,11.088360964,-1.0448673552657226,23.5643457439,-1.3722553862234514,0.32738803095772884,2.125142374098852
2734398.0,17.795381376,-1.2503072998822924,11.1633157919,-1.0477932103937768,-0.20251408948851557,0.6273153441350556
2734687.0,5.07310092,-0.7052735018922439,8.0626404361,-0.9064772923059122,0.20120379041366832,1.5892923407681787
2734952.0,6.2274382839,-0.7943094322190639,6.742301416,-0.8288081638449181,0.03449873162585415,1.0826765531231506
2734956.0,30.03423693995,-1.4688755272089344,8.96964972995,-0.95267354061189,-0.5162019865970444,0.29864749844931243
2735009.0,12.567520116,-1.0992495890471832,21.77672935995,-1.3379583485536566,0.2387087595064734,1.7327785560673614
2735086.0,13.294575259950001,-1.1235678307135317,10.999213624,-1.0413616368886383,-0.08220619382489347,0.8273459970650741
2735101.0,11.4685166239,-1.059507248440419,21.283677682,-1.3250056648310395,0.26549841639062044,1.8558352732074817
2735107.0,12.0458734559,-1.0806764586734583,11.7342014319,-1.0679918083181121,-0.012684650355346161,0.9741262412276674
2736548.0,21.372122483600002,-1.2796516228562127,15.2274298199,-1.1826266066039035,-0.09702501625230919,0.7124902934458119
2737408.0,13.24508258195,-1.0050363246977498,16.461207308,-1.1081612398404412,0.1031249151426914,1.2428165099123532
2741.0,8.7297588519,-0.9410022470577298,15.395493342,-1.1863786669264211,0.2453764198686913,1.7635645615398903
27447.0,14.25354848805,-1.1529304695017817,24.449458488,-1.3882692447161697,0.23533877521438806,1.715324328429382
27457.0,46.5355642786,-1.6677849844269461,12.385427344,-1.0929109959795227,-0.5748739884474234,0.26614971873663523
27458.0,5.7036513999,-0.7561529741148002,23.844824664,-1.3773941333231574,0.6212411592083572,4.180624479332321
27461.0,16.0720126161,-1.206070264649878,15.85168360995,-1.180587668930336,-0.025482595719541923,0.9862911378050259
2750.0,43.350448010600005,-1.6158316330165303,17.435881547999998,-1.2409267308364615,-0.3749049021800688,0.4022076437073175
2753.0,7.9434252639,-0.8899541226192359,8.1678683959,-0.9121087316015184,0.022154608982282498,1.028255207866059
2756.0,19.78323214,-1.2962972471142329,12.3636581059,-1.0890232178887844,-0.20727402922544846,0.6249564286768765
2756017.0,7.693643516,-0.8861320594570468,13.4392078119,-1.1041780842353852,0.21804602477833845,1.7467936724584783
2758.0,10.8140586779,-1.0220332507111058,10.2619199279,-1.011228621603048,-0.010804629108057906,0.9489425047111709
27582.0,2.872515708,-0.45826241225294917,35.16548086225,-1.5459249760322438,1.0876625637792947,12.242049978809028
2758873.0,6.254242855999999,-0.7945348770120768,14.59642432,-1.1642464798745795,0.3697116028625027,2.333843545265746
2758874.0,12.608167108,-1.1006519563004082,9.5495182439,-0.9799814627572276,-0.1206704935431806,0.7574073346347655
2762.0,13.479275776,-1.1296665587470562,15.90342800445,-1.1740538313656752,0.04438727261861897,1.1798429135759823
2763.0,8.1375314079,-0.9104926777976106,19.7490498129,-1.295546205231272,0.3850535274336615,2.4269091967777134
2763760.0,15.50559012,-1.19048829949838,15.36315809395,-1.0751056907587113,-0.11538260873966877,0.9908141499325276
27655.0,15.49958465395,-1.1223713538156632,17.31303488745,-1.2185772391180802,0.09620588530241703,1.1169999244488047
27661.0,3.556931748,-0.5510755318286356,3.999342556,-0.601988604385847,0.05091307255721145,1.1243798979974131
2767.0,17.5140342019,-1.0950447135103607,16.91262828,-1.2282111036831285,0.13316639017276777,0.9656614852428028
27689.0,16.3694810839,-1.214034912400898,8.02978853,-0.8054859377795232,-0.40854897462137485,0.49053409138898113
2769.0,8.5716956639,-0.9330667431169672,16.719992384,-1.2232360752807772,0.2901693321638099,1.950604995743939
2769348.0,8.382908736,-0.9233947380581141,7.6121135559,-0.8815052583765314,-0.04188947968158274,0.9080515839579815
2771871.0,8.376479924,-0.9230615519532535,35.2839563921,-1.5475772766559426,0.6245157247026891,4.212265380235155
2775.0,45.638056193050005,-1.6378451041931132,24.54392990195,-1.3827242380191116,-0.25512086617400165,0.5377952513605887
27756.0,8.922695916,-0.9504960925541311,15.427469904399999,-1.1465169773599908,0.19602088480585966,1.7290144200404463
2776282.0,29.270779472,-1.4664342877184182,2.9979341479,-0.4768220889799885,-0.9896121987384296,0.10242071451386459
2777982.0,33.4608506678,-1.524536977739207,17.7173461279,-1.2483986696771476,-0.2761383080620594,0.5294947909064885
2779938.0,25.03705798,-1.3985832950608366,16.155271452,-1.2083142597300331,-0.19026903533080342,0.6452543851160583
27812.0,20.008950624,-1.3012243125164362,34.7673732799,-1.5411718804118413,0.23994756789540506,1.7375910377927473
2787.0,13.582055061950001,-1.1105224931086743,19.14996424,-1.2821679673184705,0.17164547420979615,1.4099460024756079
27882.0,16.81371695195,-1.2078909827449118,24.953248616,-1.3971270936131284,0.18923611086821657,1.4841006713334737
2789.0,24.562495706,-1.3717256789628922,14.92395269595,-1.0979003281031612,-0.27382535085973103,0.6075910556721015
27891.0,8.8859748759,-0.9487050809875195,11.2572755601,-1.0514332970534241,0.10272821606590465,1.266858810351951
27918.0,25.3448363361,-1.4038894911183808,13.4955984139,-1.1283628678480118,-0.27552662327036903,0.5324792093716345
2796.0,14.36376628,-1.157268329889561,10.682506912,-1.0286731824948496,-0.12859514739471134,0.7437121089107556
2797.0,11.978915108,-1.0784174871731371,9.4584215879,-0.975818667812,-0.10259881936113713,0.7895891658488577
27982.0,6.84336196,-0.8352695113646215,17.889722647950002,-1.231879259895358,0.3966097485307366,2.6141716239060373
2799.0,12.13906395195,-1.0841850307933734,11.6566184359,-1.0665725806437012,-0.017612450149672165,0.9602567777911327
27990.0,13.6148281841,-1.1340121650172903,16.04545191595,-1.1779804700515668,0.04396830503427651,1.1785276831248293
2800.0,5.753990232,-0.7599691202946444,19.546472610000002,-1.289864281506684,0.5298951612120397,3.3970291609629557
2803.0,12.647126128,-0.9436016851518658,8.79934723595,-0.9324609623491438,-0.011140722802722047,0.6957586369340271
2804.0,21.989582712,-1.3422169879967485,9.056083632,-0.9569404245275442,-0.38527656346920425,0.41183517443730194
28118.0,7.16056116795,-0.8147160494929486,10.12729638595,-0.9582130048389861,0.14349695534603746,1.4143160219451554
28145.0,12.001507052,-1.0792357846536367,9.67371410995,-0.9843214424135225,-0.09491434224011419,0.8060416136103438
28207.0,30.4812617228,-1.4410636066395983,32.393550602000005,-1.4967698822028013,0.055706275563202956,1.0627365394710553
28280.0,18.4940338119,-1.2670316472966676,17.084555735949998,-1.227496683646482,-0.039534963650185606,0.923787417591771
28292.0,14.403261772,-1.1584608538431722,4.6040982399,-0.6631445818107705,-0.4953162720324017,0.3196566383907835
2829432.0,9.518673568,-0.9785764334439672,31.467609024,-1.4978637455464705,0.5192873121025033,3.305881728079027
28417.0,12.899839224,-1.1105842975422922,16.83355284,-1.2261757865621192,0.11559148901982708,1.3049428405806307
284314.0,18.17011492195,-1.2581561879296541,10.985404293999999,-1.0370026607509848,-0.22115352717866932,0.604586395913728
2843496.0,12.1908069519,-1.0860324540316852,11.94614361195,-1.0642519047793564,-0.021780549252328862,0.9799305049357812
28446.0,7.2504564479499995,-0.6891036874333537,20.5402222759,-1.3126051390019853,0.6235014515686316,2.8329557488353108
28503.0,43.131572271500005,-1.5329903162592589,12.076421344,-1.0819382570656966,-0.4510520591935623,0.2799902880419623
285097.0,17.948500813949998,-1.2163340039346822,26.3467243399,-1.4207266275357535,0.20439262360107135,1.4679066855223197
28693.0,56.4332755895,-1.7515352590093376,7.68519626195,-0.7900182464338891,-0.9615170125754485,0.1361819986819959
28697.0,5.43764141795,-0.7320782382174101,13.8873366961,-1.1426189650254581,0.410540726808048,2.5539265333416465
2871.0,12.6814551441,-1.103169089885948,9.2481764439,-0.9660561069632554,-0.1371129829226927,0.7292677645280069
28718.0,61.201630061299994,-1.7660896970353734,30.1299383775,-1.4778393595211141,-0.2882503375142593,0.4923061419658535
28767.0,57.9679366819,-1.7631878423129352,30.390908656,-1.4827436852193725,-0.28044415709356274,0.524271009036782
2879.0,12.06038648,-1.0813612251707982,12.731092432,-1.1048656712760885,0.023504446105290233,1.0556123100293882
2883.0,15.461850956,-1.1563529435005342,16.56342976785,-1.2166389109989022,0.06028596749836801,1.0712449508784414
28858.0,14.487416108,-1.1609909341182847,20.434742297950002,-1.3068872848743123,0.14589635075602758,1.410516695704341
28871.0,26.716796813949998,-1.426271981273803,21.30726733195,-1.3284716470393907,-0.09780033423441226,0.7975232764739429
28891.0,14.3201842399,-1.1559486055316965,49.4167054604,-1.6938737882521733,0.5379251827204767,3.450842854571059
289.0,25.874289048,-1.412868425449615,36.2493528682,-1.5593002578510555,0.14643183240144042,1.4009796675361001
28935.0,4.285785408000001,-0.6260388790475431,30.55842296395,-1.4843433651586972,0.8583044861111542,7.130180364819142
2898.0,4.3236705439,-0.5958707751036705,13.6715784959,-1.1358186603236675,0.539947885219997,3.1620305842193246
28999.0,14.925514591950002,-1.1705006337640718,6.86336511195,-0.8249075386151139,-0.34559309514895786,0.45984110428271063
2904.0,10.0002513361,-1.000010915250964,8.2960010639,-0.9188687990760026,-0.08114211617496137,0.8295792560685139
29096.0,11.037058728,-1.0428533534304194,19.309417128,-1.285769164410476,0.24291581098005666,1.7495075095517785
2910.0,13.54496095,-1.110928691909674,17.6671416964,-1.1161819254869445,0.0052532335772705885,1.3043331584060418
29112.0,8.9480339241,-0.9517276219401828,14.284948708,-1.1548786853297133,0.20315106338953048,1.5964343485026282
2912.0,9.618061504,-0.9797883637444079,7.3098154639,-0.863906413343423,-0.11588195040098492,0.7600092244013997
29216.0,82.52219128995,-1.9161348064431607,32.4641457801,-1.5114025710808532,-0.4047322353623075,0.3933989787793439
29249.0,5.42229038,-0.7231102101604749,10.209404032,-1.0090003911399914,0.28589018097951646,1.8828582234653395
29307.0,34.0015218361,-1.531498355578419,20.193616264,-1.305214099174822,-0.22628425640359695,0.5939033070737467
29327.0,5.95555714995,-0.7746915089617714,17.608044044,-1.2457111158720884,0.47101960691031697,2.9565737681062854
29354.0,43.7939500458,-1.64141411865015,8.165719816,-0.9119944742334772,-0.7294196444166728,0.18645771407831985
2943.0,15.19897570595,-1.1817925436671382,17.688142874,-1.247391074028322,0.0655985303611839,1.163772034129613
2944.0,11.994458308,-1.078980639201835,12.955445185999999,-1.11245199398173,0.033471354779894824,1.0801192395123875
2950.0,7.5929292259,-0.8803972780549609,21.626697092,-1.3349901974673344,0.45459291941237345,2.848267967285914
2955.0,6.87570723195,-0.8371782895151528,21.08477813595,-1.3222998161253554,0.4851215266102026,3.0665613622949746
2969.0,13.1064154759,-1.115530563287114,8.808325426,-0.8952817681923085,-0.22024879509480544,0.6720621242472204
2972.0,23.615575809950002,-1.3722903349132825,15.8241468079,-1.1993203034217792,-0.17297003149150325,0.6700724528272047
29732.0,12.1582944519,-1.0848726570025962,20.11626138195,-1.297623698858204,0.21275104185560778,1.654529873538833
298107.0,24.039285972,-1.3809215638704009,40.115532004,-1.6033125561015078,0.22239099223110692,1.6687488992279127
298391.0,12.916841524,-1.0910674838017353,17.226245792,-1.2361906396378264,0.14512315583609103,1.3336267817479186
29858.0,28.0097654839,-1.447309472640972,21.9811918199,-1.3420512361663428,-0.10525823647462929,0.7847688632928675
29872.0,31.990215452,-1.5050171650387685,23.321223486050002,-1.3659774370079116,-0.13903972803085685,0.7290111415799164
2997.0,9.336945969950001,-0.9317145984989639,15.410695325950002,-1.1731259057149774,0.24141130721601356,1.6505070689653487
2998.0,17.8980458639,-1.2528056166305632,25.210711356,-1.401585100084493,0.14877948345392977,1.408573402242169
3000579.0,10.1549284879,-1.0066768694030832,10.9450126759,-1.03921626887976,0.03253939947667672,1.0778030282479505
3001055.0,10.59283449,-0.9759007749781032,24.0796889044,-1.3816508717894758,0.40575009681137253,2.273205432137362
30019.0,10.2538305399,-1.0108861357887506,10.86653686,-1.01527373974927,0.004387603960519293,1.0597538956505883
3002119.0,5.95866788995,-0.7529735412597691,12.489057996,-1.0965296823639297,0.34355614110416055,2.095947991507343
3002190.0,25.9558075559,-1.4142345455098115,5.153876532,-0.7121340102347979,-0.7021005352750136,0.19856352074194952
3011155.0,4.652398772,-0.6676769324228826,9.735958830000001,-0.9759876548004891,0.3083107223776065,2.092675049394928
3016.0,13.501035968,-1.1303670942671418,7.75330927395,-0.8598739177687791,-0.2704931764983627,0.5742751365396556
3017.0,6.95208535605,-0.8319397526511663,13.150199333949999,-1.11855552292614,0.28661577027497365,1.8915474509394705
30231.0,6.50779936,-0.8134341548689883,12.535867312,-1.0981543866217345,0.2847202317527462,1.9262836203972953
3025067.0,7.4047121439,-0.8695081801096609,16.8260826559,-1.225983017998889,0.3564748378892282,2.2723479763843786
3026.0,12.363729507999999,-1.0921231144177348,16.58257560995,-1.2195187640969363,0.12739564967920147,1.3412276287037967
3030.0,5.25352598995,-0.6909100084396935,22.07097802,-1.3438215782580853,0.6529115698183918,4.2011742327385075
3030770.0,5.1747339959,-0.7138880300551453,3.2152091439,-0.5072092282983309,-0.2066788017568144,0.6213283902993751
3032297.0,11.37511939395,-1.0469409106161618,6.3078889399,-0.7998840383009374,-0.24705687231522444,0.5545338665416497
3032325.0,5.327624556,-0.7265336119950887,10.7280815239,-1.0305220651087725,0.30398845311368383,2.013670710301456
3032361.0,11.717026762,-1.0385004615139755,7.9307761039,-0.8993156893539751,-0.13918477216000036,0.6768590927538585
3032581.0,10.1062343919,-1.0045893665252383,16.70921071575,-1.2016453477246163,0.19705598119937795,1.6533567368219948
3032791.0,10.41133636405,-1.0165462398039298,64.667582853,-1.7796966423687923,0.7631504025648626,6.211266315080841
3032818.0,28.6479398,-1.4570933953902163,11.119066468,-1.0460683263813615,-0.4110250690088548,0.3881279612295192
3032854.0,7.5152418899499995,-0.8683835621353293,26.436426116,-1.4222027434380655,0.5538191813027362,3.5177079464804675
3033226.0,19.803008792,-1.2725701287086482,28.2002752919,-1.445114372778443,0.17254424406979485,1.4240399319164225
3033674.0,7.416861277950001,-0.8179728578785925,9.635277076,-0.9838642079222122,0.16589135004361966,1.2991043940170826
3033690.0,14.920404988049999,-1.1243446860709474,15.4130548879,-1.1878887249916308,0.06354403892068339,1.0330185340307165
3033769.0,10.513995735950001,-1.0134990764699479,22.3385370319,-1.3490547274287554,0.33555565095880757,2.1246477165212188
3033842.0,10.5103784,-1.0216183520009963,17.3738664182,-1.0567970729936333,0.03517872099263708,1.6530200680691
3033871.0,11.385928132,-1.0563684382165854,3.3793186959,-0.5288291510362468,-0.5275392871803386,0.2967978241846152
3033877.0,6.241371556,-0.7952800373985899,20.17448151995,-1.294366853352518,0.49908681595392823,3.2323795080835596
3033968.0,82.7716728625,-1.9178817326255853,27.43800481405,-1.4361658795303196,-0.48171585309526566,0.33149027759327654
3034287.0,13.950795612,-1.1445989760718662,7.150234752,-0.854320300517807,-0.2902786755540592,0.5125323996467708
3034319.0,23.1057783879,-1.3637206036218987,18.190287992000002,-1.1739816052053147,-0.18973899841658404,0.7872614238144804
3034351.0,12.5177360599,-1.0975257900885464,11.9094963159,-1.0758933944088156,-0.021632395679730854,0.9514097644262952
3034658.0,194.83015168845,-2.2893780369571215,21.816684836,-1.3387887578556341,-0.9505892791014874,0.11197796976972402
3036.0,8.893005648,-0.9490485681387218,15.6934848439,-1.1957193923076452,0.24667082416892339,1.7646997500141473
30360.0,18.897508551999998,-1.2761456212788502,22.948756178,-1.3582370664632706,0.08209144518442035,1.214379986380334
3036780.0,9.799287427949999,-0.9871838869590934,6.8053520799,-0.8328505986653387,-0.1543332882937547,0.6944741778355686
3039.0,12.5117592159,-1.0973183779622426,22.1741410239,-1.345846805243076,0.24852842728083346,1.7722640470670983
3041255.0,10.4970414479,-1.0210669120314455,15.293060950000001,-1.18259231088819,0.16152539885674444,1.4568924992726857
3045381.0,10.8074601159,-1.033723641478277,18.05587922195,-1.2522963648935677,0.21857272341529055,1.6706866394432567
3045407.0,23.022151636,-1.3539160989727548,27.8224808764,-1.3593012718452326,0.005385172872477861,1.2085091487666892
3045414.0,10.86496688395,-1.027152040697895,7.495130888,-0.8747792213657272,-0.15237281933216773,0.6898438778558998
3047798.0,23.185975096,-1.3635430674148075,13.998269152,-1.1460743396635102,-0.21746872775129722,0.6037386434705071
30479.0,14.213580107950001,-1.1488211447505974,8.37253164795,-0.9227494926496476,-0.22607165210094982,0.5890515678922469
3052775.0,16.570407036,-1.219333176573687,12.866807462,-1.1089804830587864,-0.11035269351490062,0.7764931443172306
3054.0,7.801572424,-0.8921821445164151,10.655359802,-0.9858605821744717,0.09367843765805661,1.3657964347316556
30541.0,24.35176981795,-1.3858115141667418,16.93585216,-1.2279762514073451,-0.15783526275939663,0.695466994251743
3055.0,9.1558482759,-0.9616985872478784,19.9065940199,-1.2989969594297357,0.3372983721818573,2.1741943968532205
3058739.0,5.5652649479,-0.7454858448022518,8.321812218,-0.9193038602597066,0.1738180154574548,1.495312854986384
3058754.0,11.346471064,-1.0548608099222359,19.260697114,-1.279772395942208,0.2249115860199722,1.6975055068099718
3058839.0,10.9665422921,-1.0400697178053004,7.411716348,-0.8664075390770596,-0.17366217872824086,0.675848061365632
30623.0,7.8779653799,-0.8964140679492045,21.667368644,-1.335806172382135,0.43939210443293053,2.7503762201446786
3067270.0,17.9135840479,-1.253182485709691,16.464701028,-1.2034495162527814,-0.049732969456909526,0.919118194548575
30692.0,72.81995861105,-1.8522211849093413,32.381994616,-1.5103035962407887,-0.3419175886685526,0.4446857047661961
307.0,22.20083604,-1.3463693294381152,20.0600771164,-1.3023325982338814,-0.04403673120423379,0.9035730492426987
30709.0,9.91385434395,-0.9561591485637972,30.2440883,-1.4798948942267947,0.5237357456629974,3.0506891921865558
30717.0,9.0775267559,-0.9579675376645337,12.5198554799,-1.0975993157239152,0.13963177805938154,1.379214384773103
3073.0,6.0720100559,-0.7833324821262685,19.948498596,-1.240559940658153,0.4572274585318844,3.2853204148791897
3074.0,7.685407424,-0.8856668955579277,31.5979004761,-1.4996582268609226,0.613991331302995,4.111415144683942
30771.0,4.8604517259,-0.658268516373499,5.9189286399,-0.772243104039352,0.113974587665853,1.2177733621670739
30773.0,10.06658511605,-1.002783620630069,11.104353345949999,-1.04535407323954,0.04257045260947101,1.1030903944025068
308.0,21.13550067995,-1.3239363038993721,9.3837214679,-0.9723751083626608,-0.3515611955367113,0.44397914248616693
3081.0,27.5133083599,-1.4395428156190737,8.4194176919,-0.9252820556398205,-0.5142607599792532,0.30601255151747225
3081304.0,9.382766036,-0.9723308871089739,19.194727344,-1.2820004392847477,0.30966955217577385,2.0457429366088054
3081361.0,6.09800546,-0.785187808885841,18.9102348969,-1.256800395082672,0.471612586196831,3.101052470507299
3081545.0,11.5680265319,-1.0497980905635418,7.22526236,-0.8588536215921224,-0.19094446897141937,0.6245890204414393
3083671.0,19.6817174759,-1.2940629933718013,91.3419913716,-1.9606704755463256,0.6666074821745243,4.640956333381324
3083870.0,10.92478536,-1.0384129131130948,6.8978060919,-0.8387109815069449,-0.1997019316061499,0.6313905367107367
3084014.0,5.5509088119,-0.7443640929751807,10.626551840000001,-1.0261216480471704,0.28175755507198974,1.9143805456178404
3086172.0,8.88494738805,-0.9464899366447532,13.2559111359,-1.122409584026426,0.17591964738167287,1.491951562226336
3090.0,8.684470648,-0.9387433516652216,13.4932287,-1.1301158813856367,0.19137252972041507,1.5537191899091096
3092.0,8.137401893949999,-0.9056475747829398,12.035074636,-1.0804487879141185,0.1748012131311787,1.4789824556837785
3100.0,3.94343390395,-0.5938935501678044,25.611793972,-1.4084399995872618,0.8145464494194574,6.494794789471572
3102.0,9.87853496395,-0.9788208478604223,9.06685296,-0.9574565726971284,-0.021364275163293978,0.9178337671616192
31070.0,11.644190188,-1.0661092902848404,11.56091739595,-1.0629922516813768,-0.0031170386034635733,0.9928485544545796
31072.0,6.91999999395,-0.7764579313031179,16.9268806919,-1.2285769331171856,0.4521190018140677,2.4460810269795936
3108.0,559.20927158525,-2.7402208885577135,197.5901679039,-2.2954277090339574,-0.4447931795237561,0.3533385048208699
311.0,6.88765265195,-0.8137658423492314,11.906049224,-1.075767673753059,0.2620018314038276,1.7286076731278275
31101.0,10.0064530759,-1.0002801631394862,14.3745415641,-1.157594002971654,0.15731383983216785,1.4365271545339382
31143.0,14.25704271195,-1.1488769778046988,7.9100290399999995,-0.8823906616929951,-0.2664863161117037,0.5548155532542491
3117.0,8.4615459,-0.9274497146355514,25.03889924065,-1.3985050338199856,0.4710553191844342,2.9591400361782587
31170.0,6.05073994595,-0.7423226764847111,10.613087588,-1.0258417484027065,0.2835190719179954,1.7540148284018984
3118.0,9.8350396799,-0.9927761164390717,10.824961955900001,-1.0283397410683384,0.035563624629266655,1.100652596046269
3120.0,10.06825816395,-0.9706229237132196,18.66686869995,-1.2704904938110937,0.2998675700978741,1.8540315907659022
31209.0,6.29530776,-0.7990169664061694,19.347518106000003,-1.2716288605427095,0.47261189413654014,3.0733236314406973
3121.0,25.098258476,-1.3996435875964546,13.4639393399,-1.1291721463125353,-0.2704714412839193,0.5364491465722523
31215.0,7.528993892,-0.8767369448134269,16.2804226239,-1.2116656745608831,0.33492872974745624,2.1623636381481077
31217.0,23.572637196,-1.3724081720704253,26.9262876039,-1.4301764802485,0.05776830817807466,1.1422687830816434
31219.0,9.084042514,-0.8943598152278505,10.85861883395,-1.0107514900344037,0.11639167480655321,1.195350948348721
31222.0,23.08614108,-1.3613479852911503,14.192551009949998,-1.1419575151780605,-0.21939047011308976,0.6147649778613411
31223.0,9.069681644,-0.9575920431041308,15.85916061995,-1.162313717554445,0.20472167445031408,1.748590660890677
31224.0,20.831531644,-1.318721202740972,7.678033808,-0.885250020075671,-0.43347118266530105,0.36857749776701926
31225.0,15.06643382795,-1.0794573108423653,7.8930156,-0.8972429611592514,-0.1822143496831139,0.5238808128143457
31226.0,8.5737257519,-0.9331695876022578,11.115112020000002,-1.0458544741273996,0.11268488652514186,1.2964156239236848
31230.0,7.473417836,-0.8735192641772526,11.54736431605,-1.0193319314110858,0.14581266723383324,1.5451249440952575
31234.0,7.2582301839,-0.8608307370820102,21.178967204,-1.3259047778422848,0.4650740407602746,2.9179244343860273
31236.0,8.5142908519,-0.9301484817840002,12.975636116,-1.1116705089319683,0.18152202714796806,1.5239831879955608
31237.0,6.1708007521,-0.7903415237826414,24.5840854369,-1.3906540565515169,0.6003125327688754,3.983937648373063
31241.0,29.0001011976,-1.4623995133983554,19.12112579795,-1.2803201514727716,-0.18207936192558383,0.6593468646079219
31242.0,33.0,-1.5185139398778875,13.755557796,-1.1384782059807455,-0.38003573389714207,0.4168350847272727
31243.0,7.628046036,-0.8824133053913301,16.791404152,-1.2250870147781479,0.34267370938681774,2.201271999769562
312440.0,8.14735561995,-0.8610862235870402,12.18604186,-1.0757419909208545,0.2146557673338143,1.4957051623180264
31251.0,25.182823708,-1.4011044252177407,5.055363742,-0.7036634902288288,-0.6974409349889119,0.20074650089354468
31255.0,6.342015916,-0.8022273276031324,9.501576458,-0.9769003307143456,0.17467300311121314,1.4981949878159215
31256.0,10.6787105579,-0.9915300562580336,31.63851213435,-1.4586368056231322,0.46710674936509866,2.9627652105379103
31264.0,12.397197344,-1.0933235145485347,28.2204249679,-1.4505635494546263,0.3572400349060916,2.2763552264946507
31265.0,18.4449839699,-1.2590293905252472,17.87036260595,-1.2487215482908933,-0.010307842234353881,0.9688467409411841
31269.0,16.742869058,-1.1544276221443224,23.04745632205,-1.3413018635740328,0.18687424142971043,1.3765535788525785
31276.0,15.056239007950001,-1.1614767106302475,8.8623194439,-0.9475474002005237,-0.21392931042972374,0.5886144235104475
31279.0,5.185017256,-0.7147502060814935,11.80463186595,-0.9659658344156195,0.2512156283341259,2.2766813075289023
31284.0,7.41120954395,-0.8674917693283692,9.5235402799,-0.9787984229863684,0.11130665365799919,1.28501835272953
31286.0,8.32432651395,-0.9119454135470548,24.7812926704,-1.368090760721934,0.4561453471748791,2.976972687084202
31288.0,31.113005412,-1.4929419645257658,17.862668991950002,-1.1594404762422525,-0.3335014882835132,0.5741222603027779
31289.0,18.947219664,-1.277545490126143,4.6202031519,-0.6646610720516727,-0.6128844180744702,0.24384596969013114
312915.0,7.00095871195,-0.841456267542972,6.5213446679,-0.8143371542653235,-0.027119113277648488,0.9314930906203829
31294.0,19.7276820599,-1.29507606002499,16.756575527949998,-1.1748349471409592,-0.12024111288403083,0.8493940381374403
31296.0,11.0980356319,-1.023097206191263,8.906956453900001,-0.9497118006336218,-0.07338540555764128,0.8025705403484199
31307.0,186.092590084,-2.2697290805477532,8.646724525949999,-0.9225671449164405,-1.3471619356313127,0.04646463635143651
31326.0,11.512845283899999,-1.0287490171086757,5.845299984,-0.7668068043007239,-0.2619422128079518,0.5077198416080767
31335.0,7.0143600359,-0.8459880537598682,33.853992756,-1.5296098969395706,0.6836218431797024,4.826383673312009
31337.0,19.5218468199,-1.2905209007154956,5.5803605599,-0.7466622606071242,-0.5438586401083715,0.28585208209970914
31340.0,53.9576231514,-1.7320528106261368,10.6979132799,-1.0292990730679206,-0.7027537375582162,0.1982650949965432
31343.0,24.3613097319,-1.3867006334701268,8.150388636,-0.9111783177517763,-0.4755223157183506,0.3345628262887461
31344.0,5.901955948,-0.770995963616683,18.5246739207,-1.2604987613920215,0.48950279777533856,3.138734698109271
31353.0,24.685603424,-1.3924437477398899,12.20221187395,-1.0401290197485342,-0.35231472799135566,0.49430478422442314
31355.0,14.3202090159,-1.115008634481789,4.191050556,-0.6223228996931619,-0.4926857347886272,0.29266685642273776
31356.0,5.276130532,-0.7223155314964005,16.94966322005,-1.2239103781199603,0.5015948466235598,3.212517794480146
31357.0,21.1974678799,-1.3252308016218013,18.603807,-1.2696018253960375,-0.05562897622576379,0.8776428913776358
31362.0,8.07211983795,-0.8287750706912351,26.719505108,-1.4268284099840787,0.5980533392928435,3.3100976750099513
31368.0,11.6318888,-1.0656502417115559,10.2404992839,-1.0103211315379148,-0.05532911017364106,0.8803814634042925
31373.0,9.4686389679,-0.9762875575449266,18.146949772,-1.2588036371675309,0.2825160796226043,1.9165320204435585
31374.0,9.2864326759,-0.9678489145636474,22.013967777199998,-1.2685224169264677,0.3006735023628203,2.3705515934369816
31378.0,197.2927108936,-2.295111040258959,13.541935876,-1.116995638672459,-1.1781154015865,0.06863880482286631
31386.0,21.3713436179,-1.301403078188505,13.2771752039,-1.1231056861876325,-0.17829739200087258,0.6212606676156494
31389.0,21.254738572,-1.3274557676218408,10.2903173679,-1.012428769223291,-0.31502699839854986,0.48414226940697275
31390.0,6.73528068,-0.8283556988318651,26.910860522,-1.4299275853141415,0.6015718864822764,3.9955069136034878
31398.0,16.0218087879,-1.204711544348715,13.2069326879,-1.1208019643670264,-0.08390957998168869,0.8243097182556659
31404.0,7.8139188319,-0.892868895621678,16.0911313319,-1.2065865794581818,0.3137176838365038,2.0592908216820254
31405.0,31.12168301795,-1.3434197264506484,5.3921148919,-0.7317591373081601,-0.6116605891424883,0.17325910326861177
31423.0,9.37515922995,-0.9719401448515907,38.0722856143,-1.5806089498346487,0.608668804983058,4.060974825118042
31426.0,11.877604592,-1.0747288634253584,12.0,-1.0791812460476249,0.0044523826222664376,1.0103047215498684
31432.0,10.3367951359,-1.0143859091118999,13.6202865879,-1.1341862457731031,0.11980033666120327,1.3176508200879726
31475.0,4.771018688,-0.6786111176864429,12.83139884,-1.1082740044168224,0.42966288673037956,2.6894463591755273
31477.0,143.064112156,-2.140441678785021,19.290941392,-1.28535342159801,-0.8550882571870111,0.13484123377472032
31492.0,32.183830101,-1.5076377269211176,34.667887842,-1.5388002730015558,0.031162546080438114,1.077183409594336
31553.0,14.4720008079,-1.1605285780962642,49.436865595,-1.6940509277371532,0.533522349640889,3.416035298174757
31657.0,51.5686247498,-1.7123855496433438,18.021199016049998,-1.2483019911103264,-0.4640835585330174,0.34946053154384127
31677.0,7.0431123279,-0.8477646148438601,27.0436769839,-1.4320657399786347,0.5843011251347746,3.8397338740107014
31728.0,4.3157895239,-0.635060256484063,9.27880827595,-0.9330067309455372,0.29794647446147426,2.149967746241046
31736.0,55.032309689499996,-1.7405609490071803,19.928484052,-1.29524772070998,-0.4453132282972003,0.3621233447122118
3182.0,15.464571269950001,-1.0652742120413323,22.139194904,-1.3451618236290794,0.2798876115877471,1.431607415267942
31899.0,46.1532220639,-1.6642020255293397,20.6197780519,-1.314283986294061,-0.34991803923527875,0.4467678989638368
3191.0,9.8185605599,-0.9920478231520928,22.1068533761,-1.3445269307900243,0.35247910763793144,2.251537100701567
31954.0,10.291552295999999,-0.9725497311512541,14.282307924,-1.154798392150908,0.18224866099965387,1.3877700383013243
32152.0,7.209826658,-0.8548548633381043,12.7204567601,-1.1045027060316939,0.24964784269358953,1.7643221347056135
32154.0,9.16192325,-0.9218444612249324,11.057573818049999,-1.0433384228469396,0.12149396162200721,1.2069053097612448
32169.0,21.4582003399,-1.3315932956716487,8.66720418395,-0.8424125187427172,-0.4891807769289316,0.403911047835356
32184.0,9.089303728,-0.9585306160416425,20.935565172,-1.3208846895056263,0.36235407346398385,2.303318911822373
3220.0,19.985443523950003,-1.2996209363632016,38.6630337099,-1.5872959281141048,0.28767499175090316,1.9345597040949973
3224.0,15.152331606,-1.1797419404543075,8.521207704,-0.927504346188202,-0.2522375942661055,0.5623694046285116
3225.0,26.13546339405,-1.4161221957874868,10.09791793395,-0.9840574926838053,-0.4320647031036815,0.3863684290460636
3226.0,24.10043597375,-1.2495658530017482,14.426716072,-1.159167484654283,-0.09039836834746517,0.5986080952109523
3229.0,8.9686939079,-0.9527292022534524,19.1880503881,-1.2830308502589967,0.3303016480055443,2.1394475700858027
323.0,23.4237376404,-1.3557048516223218,15.472034644,-1.1895474291847115,-0.16615742243761034,0.660528002897141
32343.0,91.15594916,-1.9597850175115419,19.401213696,-1.2551691459516698,-0.704615871559872,0.21283540871201212
32346.0,27.218480158,-1.4339805257116987,8.355460568,-0.9219703939814209,-0.5120101317302778,0.3069774843965408
32485.0,6.3965487239,-0.8059457123506238,18.108932592,-1.2578928521325936,0.45194713978196976,2.8310473934698517
32490.0,6.61016826,-0.8202125144719448,8.7126403759,-0.9401497884073728,0.11993727393542808,1.318066353714875
325.0,15.158223304,-1.180648300604265,14.1944553199,-1.1521187321137012,-0.02852956849056376,0.9364194625734483
3255932.0,9.1218776879,-0.9600842446396017,15.5349054321,-1.1913086138547755,0.23122436921517375,1.703038120397817
326.0,10.470315772,-1.019959779670166,19.91602171805,-1.2926017117759003,0.2726419321057343,1.902141458933833
32681.0,13.99930380795,-1.143406949875175,10.6409571079,-1.0269806926193008,-0.1164262572558743,0.7601061634120089
3270262.0,12.491075561999999,-1.0947258067975971,22.922913544,-1.3602698164221114,0.2655440096245143,1.8351432933233907
32731.0,13.51226778,-1.1307282432994836,15.562650692,-1.1920835697016408,0.06135532640215713,1.1517423237448599
3275.0,7.9745535779,-0.7535826443041249,20.609391051400003,-1.2462161105232192,0.4926334662190943,2.584394330049411
3276.0,10.476106057900001,-1.0187901347523622,7.947471074,-0.8928556804984438,-0.12593445425391847,0.7586283519921828
32793.0,11.02537762435,-1.0423887667638891,15.017997529999999,-1.1765738128024403,0.1341850460385512,1.3621299915235678
32798.0,274.6002365228,-2.4387009069739434,6.4823727039,-0.811733997167327,-1.6269669098066164,0.02360658091917474
3282.0,14.866015753950002,-1.1676950541833098,10.687274864,-1.0288669790716838,-0.13882807511162598,0.7189064669974078
3289.0,12.8276291679,-1.1081463964807081,9.95054347,-0.9971026185303682,-0.11104377795033993,0.7757118123511357
32912.0,16.182834404,-1.2090545900951213,27.2605769001,-1.4355350423232678,0.2264804522281465,1.6845366033877138
3293.0,7.610538117999999,-0.8594523338749254,33.026752463950004,-1.5185910150896889,0.6591386812147635,4.339608047667098
32933.0,9.105183344,-0.8423298043254752,15.2528665519,-1.1833514706127723,0.34102166628729713,1.6751849990973668
3295.0,17.528134412,-1.1772611662271188,15.0013256279,-1.176129638218625,-0.0011315280084938095,0.855842685552998
33.0,6.7208340079,-0.8274231692672723,18.92570281,-1.2546471550974583,0.42722398583018595,2.8159753369527944
33005.0,7.6254470039,-0.8822653071187653,41.7053869773,-1.620192155295417,0.7379268481766518,5.469238322156062
3301.0,8.8408558759,-0.9464943107356856,16.448282872,-1.21419173506457,0.2676974243288843,1.860485353780927
33032.0,4.187088244,-0.6219121138595647,19.58170264,-1.291850451257112,0.6699383373975474,4.676687353809685
33039.0,3.6566538159,-0.5630838465942852,10.12462802,-1.0053790761505081,0.4422952295562229,2.7688232273932276
3308.0,6.1490502879,-0.7888080447877239,7.83372392,-0.8939682618591119,0.105160217071388,1.2739729800901243
3309.0,19.481378708,-1.2896196888921132,12.40484361395,-1.0903211180643113,-0.1992985708278019,0.6367538868722863
33133.0,22.190211128,-1.336168805092349,7.121336664,-0.8165692130860689,-0.5195995920062801,0.32092243840862655
3324.0,8.3453617079,-0.9214451647828752,21.99249716,-1.3361504356127312,0.414705270829856,2.6352958601160643
3325.0,10.7599718479,-1.0318111350554933,8.114934572,-0.9021332022484709,-0.12967793280702233,0.7541780486706174
33254.0,24.0916513319,-1.381866569186921,17.276847068,-1.2374644889584496,-0.14440208022847134,0.7171300476660788
33255.0,16.23278163395,-1.0908406309025949,28.229109968,-1.450697185547565,0.35985655464497013,1.739018647855172
33256.0,8.04138958195,-0.9052704355994066,7.1075489999,-0.8517198624268947,-0.053550573172511884,0.8838707449087987
3326.0,6.9461413599499995,-0.8393877917562531,13.269899856,-1.1228676453851059,0.28347985362885275,1.9103987621834868
33286.0,12.43049612795,-1.0765091084106402,8.8304085559,-0.9357945731721307,-0.14071453523850952,0.7103826319566445
3331.0,9.117046976,-0.9598541925274787,12.038505388,-1.0781220670760572,0.11826787454857846,1.3204391092522108
3333.0,4.33906941195,-0.6045121127142388,21.9259899857,-1.3397981825658531,0.7352860698516144,5.053154928869033
33344.0,68.5397224075,-1.8359423411627844,20.5012340079,-1.3117800028456161,-0.5241623383171683,0.29911463437232483
3335.0,34.7511314839,-1.540968949622944,31.551074134,-1.4990141490802567,-0.0419548005426873,0.9079150170582916
3337.0,10.6796587679,-1.0285573765141116,7.38263,-0.8682111031529386,-0.16034627336117302,0.6912795774140345
3339.0,18.0272937599,-1.2559305357431694,14.489905031950002,-1.15693172409991,-0.09899881164325941,0.8037759424646098
3346.0,17.09019886,-1.2327471161612407,15.292812237949999,-1.1844399152532072,-0.04830720090803342,0.8948293909992571
3347.0,19.30365314595,-1.2801260178279676,9.88154191205,-0.9900584292312877,-0.2900675885966799,0.5119000966987016
33478.0,5.457966798,-0.6755449170279801,12.65141532795,-1.1019812022535125,0.42643628522553234,2.3179722039690573
335.0,8.86076348,-0.9474711441066547,11.5268750999,-1.0617115873632375,0.11424044325658278,1.3008896045942082
33500.0,14.630885643950002,-1.161569659329777,7.84373122,-0.8945227033447007,-0.26704695598507633,0.5361077525230642
3354132.0,8.09053567395,-0.9072312548003298,33.12246979105,-1.5145974805355862,0.6073662257352563,4.093977349076911
33557.0,3.731223148,-0.5718512230550483,20.22016842,-1.3050091940792374,0.7331579710241891,5.419179614287706
3356745.0,5.6761949399,-0.7540573021957742,11.55162940995,-1.0545201336526469,0.3004628314568727,2.0351008963327657
3357.0,7.0525234599,-0.8483445394907388,15.675196456,-1.0514862508584055,0.20314171136766668,2.222636556280561
33599.0,16.50653706395,-1.1334684697957844,15.0669212001,-1.1780245169190533,0.04455604712326888,0.9127851069989661
33613.0,9.8676184959,-0.9942123503507051,15.89250204,-1.186487767253464,0.19227541690275884,1.6105711876278295
33624.0,4.9309068039,-0.6929267942702464,6.7995869699,-0.7988933863782832,0.10596659210803683,1.3789729233012487
3365.0,10.480602372,-1.0162885117015708,22.957366104,-1.3609220600275396,0.3446335483259688,2.190462464765665
3366.0,6.0046871699499995,-0.7780335331263216,19.1626617321,-1.2824558333059888,0.5044223001796672,3.1912839403188364
3371.0,39.5367172571,-1.5918032080949296,47.9331381855,-1.680635863208988,0.08883265511405836,1.2123702095396443
3373.0,8.9951941359,-0.9540105408044477,16.5581676599,-1.2189312796416027,0.26492073883715506,1.8407793550353762
33733.0,10.514968138,-1.0189892928784365,10.620959972,-0.9825775588334842,-0.03641173404495235,1.010080090838978
337359.0,33.9170040318,-1.5304174830327435,9.4784123679,-0.9767355991943278,-0.5536818838384157,0.27945900997072753
33775.0,96.1278499233,-1.9827227133772842,14.89557740005,-1.1729953066599341,-0.8097274067173501,0.15495589896096829
33786.0,84.02755075105,-1.9244026031477959,165.2437946842,-2.2181251596250875,0.2937225564772916,1.9665430350787074
338.0,6.3820837799,-0.8049625010341515,17.051091932,-1.2317521959301376,0.42678969489598617,2.6717123309633473
3385.0,4.415730272,-0.6450025373299194,21.4679563368,-1.3288666351989946,0.6838640978690752,4.861700107211621
338733.0,7.53583494,-0.8763436570632173,7.882434624,-0.896660377446737,0.020316720383519726,1.045993534460297
33919.0,8.795390208,-0.9442551117209358,20.08732712795,-1.299880210394317,0.3556250986733812,2.283847180501352
3394.0,14.654023729950001,-1.1417907257364548,11.6299801519,-1.065578973548082,-0.07621175218837273,0.7936373221595486
3395.0,18.7631706201,-1.2733062277778586,11.964933128,-1.0779102756847883,-0.19539595209307037,0.6376818380142317
33960.0,39.8608710559,-1.600546784847094,46.4338040357,-1.6668208599300232,0.06627407508292915,1.1648968726895672
34051.0,12.858924956,-1.1092046618080347,11.6566611919,-1.058792983986835,-0.050411677821199596,0.9065035554516537
3417419.0,9.707976841899999,-0.9868381653647518,25.897460964,-1.4132571871168789,0.4264190217521271,2.6676475836062536
3418.0,6.839291256,-0.8350110988610064,13.046048532,-1.1154789897882311,0.2804678909272247,1.907514688829038
34192.0,11.30095574795,-1.0520045239225626,23.390138891950002,-1.3650953072831378,0.31309078336057516,2.0697487375077093
3420996.0,18.352063232,-1.2602673059424034,15.910241572,-1.201676773775438,-0.058590532166965525,0.8669456600529656
3423265.0,8.31538888,-0.8734048671270331,10.39892786,-1.016988565405686,0.14358369827865292,1.2505642261676162
34286.0,16.189768932,-1.2092406503424118,7.1064076479,-0.8516501164879058,-0.357590533854506,0.4389443529273467
34306.0,21.255724988,-1.3274759224256167,12.0666471559,-1.0815866135959493,-0.24588930882966742,0.5676892772517649
3437714.0,3.7048396179500003,-0.5676122731341191,13.23771548395,-1.1074535496668607,0.5398412765327416,3.5730873260513305
3440.0,15.18625521795,-1.1779291286038471,7.987785898,-0.8869259385898427,-0.29100319001400443,0.5259878609545899
3442.0,13.330644184,-1.1248511365704075,16.470897436,-1.1413998050222303,0.01654866845182279,1.2355665044131223
3448.0,10.145995132,-1.0062946496090175,11.631506636,-1.0656359727956657,0.0593413231866482,1.1464135833571185
34526.0,21.351814318,-1.267093233430548,14.120962684000002,-1.1292583536139673,-0.1378348798165807,0.6613472032723586
3463.0,9.6635531759,-0.9851368408003114,15.662853636,-1.1948708896162272,0.20973404881591584,1.62081724505451
34632.0,45.8173242299,-1.6610297224325667,11.621969472,-1.065279730321533,-0.5957499921110339,0.2536588434035089
34665.0,32.7191258,-1.5148016915363276,11.4834446681,-1.0600721821341779,-0.45472950940214973,0.35097039995182266
34697.0,37.0403271612,-1.5686748139622824,19.3115391839,-1.285816889648616,-0.2828579243136664,0.521365243342909
34757.0,154.1362974598,-2.187736378217619,29.472885024,-1.4694226498871614,-0.7183137283304577,0.19121313739670415
3476.0,18.869035181999998,-1.2751123027920177,8.36964287,-0.9201370488524787,-0.354975253939539,0.4435649618155448
34763.0,15.22028997,-1.1281116706134173,14.0602524359,-1.1479931180190999,0.01988144740568254,0.9237834800528443
34766.0,20.1020105479,-1.3032394965344736,24.949799038000002,-1.3955509903795114,0.09231149384503778,1.2411593844580107
3478.0,7.407670688,-0.869681667307334,15.290864052,-1.1844320271005562,0.3147503597932222,2.064193279645965
3485.0,10.4775081879,-1.0202580088958508,25.57409854595,-1.407682836264485,0.38742482736863426,2.440856937290144
34870.0,7.44902732,-0.8720995670925229,18.079468532,-1.2571856597116786,0.3850860926191557,2.42709118322847
3488.0,7.9111336079,-0.8982387191969198,24.887784308,-1.3959862342686273,0.49774751507170756,3.145918845707174
3516.0,10.127825488,-0.9390808755512594,14.6997589359,-1.1673102127300232,0.2282293371787638,1.4514230081587678
35370.0,10.811434003950001,-1.0010502772676293,10.217829892,-1.0093586682052502,0.008308390937620924,0.9450947846758232
35375.0,9.2167332159,-0.9645770167467835,11.0754240201,-1.044360362079264,0.07978334533248055,1.2016648155762533
3543259.0,12.653920568,-1.1022251039505713,36.88952511545,-1.546305014906676,0.44407991095610466,2.9152644761133133
35455.0,135.5407694964,-2.1320699469015554,13.2438873599,-1.1220154783936898,-1.0100544685078656,0.09771146651378397
356.0,19.0468064239,-1.1962718830741563,10.190324372,-0.9865775286471827,-0.2096943544269736,0.5350148547324524
3571576.0,2.5578754359,-0.4078793912691093,6.433712872,-0.8084616750166017,0.4005822837474924,2.515256521761103
3571582.0,3.7984687818999996,-0.5796085488135512,15.07569227595,-1.1546194179489415,0.5750108691353903,3.968886712400231
35805.0,15.53660322005,-1.1741566980052243,16.99705521195,-1.2301559420007413,0.055999243995517034,1.0940007266205578
3589.0,15.8207724759,-1.1992276848399386,13.68465742595,-1.1343393946842029,-0.06488829015573572,0.8649803571093654
3599.0,15.755443694,-1.0915155055215542,8.935693424,-0.9511282600908684,-0.14038724543068581,0.5671495895353869
3604.0,14.545071364,-1.1627158564125983,3.547632168,-0.5499385841897928,-0.6127772722228055,0.2439061369461975
3607.0,16.213064812,-1.2004814996982809,13.9073024079,-1.1432428982897807,-0.057238601408500234,0.8577836805788006
3608.0,5.2052932599,-0.7164452021594425,17.365363645949998,-1.181114532267549,0.4646693301081064,3.336097080202472
36081.0,11.16451349195,-0.987723525598958,8.3144921999,-0.9198357302223229,-0.06788779537663514,0.7447249901122012
3610.0,36.4880786984,-1.562150995931084,20.13694694205,-1.3027026754885156,-0.2594483204425684,0.5518774257339288
36159.0,13.614937632,-1.1340156562422496,23.47872474995,-1.370083556960649,0.23606790071839945,1.7244827251185164
36190.0,22.120349378,-1.2919993311298126,27.940672587599998,-1.3700833376115422,0.07808400648172964,1.2631207631552446
36242.0,11.4418384839,-1.0584958128540451,12.3841214359,-1.0928652019533764,0.03436938909933129,1.0823541560498255
3627.0,17.3579956319,-1.2394995747424247,27.2990691,-1.4361478378236794,0.19664826308125471,1.5727086052395702
36273.0,39.1865651583,-1.5921492421646861,9.76995712,-0.9898926576196686,-0.6022565845450175,0.24931904800874471
36294.0,11.814182244000001,-1.0206676960643817,4.9664104039,-0.6960426050261501,-0.32462509103823156,0.42037699278105023
36324.0,26.752564232,-1.4273654154576374,46.8239259919,-1.6704678246774796,0.24310240921984216,1.750259361526612
36326.0,12.8394697596,-1.1085470887457034,15.284770308,-1.1842589167475732,0.07571182800186982,1.1904518328392544
36339.0,12.7163952199,-1.1043640171315687,12.19419037615,-0.9990965208443858,-0.1052674962871829,0.9589345223453895
3639.0,4.0434144100000005,-0.5946858796389359,16.039239772,-1.2051837797430451,0.6104979001041092,3.9667563464018016
3647.0,10.3856542159,-1.016433858926621,13.235426236,-1.1217379319586416,0.1053040730320205,1.274395041550403
36565.0,30.40702308145,-1.4782891861978564,13.05354476195,-1.1066729311218593,-0.37161625507599716,0.4292937433231798
3657.0,13.827649652,-1.1407483673897012,12.774949476,-1.106359191206923,-0.03438917618277815,0.9238699126392937
3658.0,45.5875496627,-1.5926867922045396,51.86967264515,-1.7143604744152343,0.12167368221069474,1.137803479874025
36605.0,33.60234598,-1.5263695991339503,10.22643942995,-1.0024367101900773,-0.523932888943873,0.3043370672999064
36606.0,26.204522704,-1.4183762537578712,9.1835146479,-0.9630089230385712,-0.4553673307193,0.3504553298541163
36679.0,43.0725369435,-1.6342004521692692,27.6733727719,-1.4420620932558545,-0.1921383589134147,0.642483000437153
3671.0,21.618810236,-1.3348317894249746,15.4854679559,-1.189924333851307,-0.14490745557366758,0.7162960304870682
3672.0,6.90974018195,-0.8255916957275322,12.610956154,-1.0995926565560148,0.2740009608284826,1.8250984583968912
3681.0,182.3570724554,-2.2609226114600034,15.79514926805,-1.1950734844359774,-1.065849127024026,0.08661659816848125
3686.0,4.0147435999,-0.6036578144455148,40.79753363,-1.6106339090884658,1.0069760946429511,10.16192755896446
36870.0,17.311364996000002,-1.2338682589161492,14.883977391950001,-1.1688808183874178,-0.0649874405287314,0.8597806929372191
3690.0,5.822377676,-0.7651003730854207,11.784217919949999,-1.0708838050198315,0.3057834319344108,2.023952854952173
3696.0,7.13847595395,-0.8533652778731388,23.800580482,-1.356711016463526,0.5033457385903873,3.3341263086878095
3698.0,6.5636703601,-0.8171467618410758,20.9441876029,-1.3210635193202864,0.5039167574792106,3.1909261821279076
370.0,12.396473365950001,-1.0827618035170405,13.566888115450002,-1.0951510984905983,0.012389294973557785,1.0944151384792093
3702.0,15.3398976839,-1.1858224629072367,8.81720102,-0.9453307422192415,-0.24049172068799518,0.5747887764110774
37034.0,2.8765359719,-0.4588698093714232,15.80470266795,-1.1872012398385041,0.7283314304670809,5.494352520650291
3712.0,11.342888556,-1.0547236651552825,19.307006048,-1.285714932627485,0.23099126747220255,1.7021242827769172
37123.0,39.229949971950006,-1.5926184598184885,14.4877027199,-1.1609995259012804,-0.43161893391720807,0.3693020952170197
37125.0,14.0837354039,-1.1487178572313184,19.722412576,-1.2949600396293492,0.14624218239803088,1.400368013910469
3714831.0,18.461880628,-1.2478467762675964,22.2039228799,-1.311022335440247,0.06317555917265061,1.20269019864773
3715.0,8.43440678,-0.9260545426178046,28.094958409900002,-1.4485293183582364,0.5224747757404318,3.3309940038130343
3718.0,106.08563848349999,-2.0243556560621996,23.43944226195,-1.3638072906748022,-0.6605483653873974,0.22094830739596905
3723.0,25.30549338195,-1.1903815198113585,20.8111442667,-1.3182959598392785,0.12791444002791996,0.822396305520929
3724.0,13.833254593949999,-1.136950980023376,13.08151200595,-1.1075848731393978,-0.029366106883978116,0.9456568529918639
37274.0,21.73474632,-1.3371545756302785,17.6658397944,-1.2462807785527756,-0.09087379707750287,0.8127925458299069
3728.0,10.0127902039,-1.00055511657054,44.818828713,-1.6514605025754885,0.6509053860049485,4.476157774237893
3730.0,8.2296058519,-0.9153790356443512,11.356047856,-1.0552272140363603,0.13984817839200914,1.3799017912113234
3731.0,4.5188512119499995,-0.6288168269957563,8.5800780439,-0.9334912381844824,0.3046744111887262,1.8987299296799547
3735.0,41.1467630811,-1.6143356759684653,10.724768572,-1.0303879293893705,-0.5839477465790948,0.26064671359109226
37384.0,13.978867875949998,-1.1173991970300174,4.09016862,-0.6117412124635825,-0.505657984566435,0.29259655762516706
3739.0,4.4122460919,-0.611203959700014,7.14866796,-0.8542251255052458,0.2430211658052318,1.6201879521460787
37392.0,9.788516084,-0.9907168587717806,24.178868295999997,-1.3807742700263133,0.39005741125453264,2.4701260220149215
3740.0,16.5823770639,-1.2147647016910539,10.4766474999,-1.0202223317676649,-0.19454236992338902,0.6317940702667874
3741.0,10.539447579900001,-0.9886899732307959,7.4429134879,-0.8717429710345959,-0.11694700219620002,0.7061957879172467
3744660.0,6.1672396438999995,-0.7308184124660271,40.799852618,-1.6077263288342887,0.8769079163682616,6.6155776285351635
3747.0,115.9613341502,-2.0643132033260847,16.4009139601,-1.2148680502896656,-0.8494451530364191,0.14143433309293046
37497.0,4.218115145900001,-0.6063597922006627,10.57773561395,-1.007535537600102,0.40117574539943934,2.507692475922934
37511.0,5.143543588,-0.7112624245337376,20.832591036,-1.2766475765758232,0.5653851520420856,4.050240982618071
37517.0,15.194338492,-1.1802342442203524,14.26737413795,-1.153347141977644,-0.026887102242708405,0.9389927798082123
37524.0,21.0547130319,-1.3233493265203955,11.590975216,-1.0641199772155292,-0.2592293493048663,0.5505168936968418
37542.0,10.2047541319,-1.0088025455101552,10.4906747919,-1.0208034242253214,0.012000878715166197,1.0280183781308572
3759.0,17.802208274,-1.248583537921133,13.4358212919,-1.1282642187139962,-0.12031931920713679,0.7547277891093388
3763.0,12.967234084,-1.1128473507827954,17.136768644,-1.233928933550875,0.12108158276807957,1.321543864558187
3767.0,13.276858836,-1.123095337716058,12.4337182559,-1.0946010221688391,-0.028494315547218818,0.9364954775436914
3775.0,4.04454922195,-0.5824082464908805,13.7946448679,-1.139710524395005,0.5573022779041245,3.4106754822108916
3776.0,11.94831998795,-1.0414803571061522,10.523009452,-1.0109559714844907,-0.030524385621661487,0.8807103812596716
37768.0,7.118957364,-0.8266238228428915,11.279888108,-1.0523047916403034,0.22568096879741195,1.5844859761404801
37829.0,11.2373137439,-1.0506625064617021,24.151415632,-1.382942591946637,0.3322800854849348,2.1492161011442987
3784.0,10.4260538,-1.0181199616213898,11.26447940395,-0.9749602309318195,-0.04315973068957035,1.0804163895595857
379.0,12.2768828439,-1.0890881114678295,10.1125753739,-1.0006949786704822,-0.08839313279734728,0.8237087135619792
37995.0,8.977857984,-0.9531727312446321,14.329198788,-1.156221907656358,0.20304917641172593,1.5960598634481584
38018.0,9.4525717999,-0.9755499848636601,27.5617108519,-1.4403061722514925,0.4647561873878324,2.9157896322132757
38072.0,166.3124171908,-2.2209246756544263,251.7323758694,-2.4009390747347026,0.18001439908027628,1.5136114315541631
3821.0,5.4221090879,-0.7341682509420738,59.0303093846,-1.771075059414189,1.0369068084721151,10.886964542327684
3825.0,15.0,-1.1760912590556813,18.488048912,-1.266891081442472,0.09079982238679074,1.2325365941333333
38258.0,22.4154198705,-1.328910623347265,14.6332973199,-1.165342196698681,-0.16356842664858395,0.6528228069980645
3827.0,3.9712055159,-0.5989223630426661,9.1356672519,-0.9455995781861636,0.3466772151434975,2.300477075619082
3828.0,8.178415783950001,-0.8960340345719774,23.7741996915,-1.3112902791380296,0.41525624456605226,2.906944366677524
38283.0,10.25810085195,-0.9130132192765128,8.0978174041,-0.9083679797322409,-0.004645239544271873,0.7894070765116973
38284.0,20.769813184,-1.3174325902509003,16.77245777095,-1.211237538938756,-0.10619505131214435,0.8075401363682289
3830.0,16.291988804,-1.2119741029630215,9.44009272795,-0.9417184409676586,-0.270255661995363,0.5794315747155605
38347.0,29.0965487719,-1.4638414790818663,66.2143108969,-1.8209518636370863,0.35711038455521993,2.2756757653968394
3840.0,12.920276364,-1.1109909022112676,10.6050707279,-1.0053280340949664,-0.10566286811630121,0.8208083503112287
38409.0,7.75257519995,-0.8767578211054652,14.80863534,-1.170515038830815,0.2937572177253498,1.910156942443526
38479.0,4.99464091395,-0.679869274066502,9.014422192,-0.9448557727343831,0.26498649866788115,1.8048188743304403
385.0,10.08876745395,-1.0030317586447182,8.13067440795,-0.893327147440174,-0.10970461120454411,0.8059135513889402
38764.0,14.690810354,-1.1666792707518376,16.2550095559,-1.210987229142722,0.044307958390884306,1.1064746711861337
3883.0,39.7038487239,-1.5988326074819168,29.620645566,-1.4616207764247189,-0.13721183105719792,0.7460396540391222
38852.0,6.145160336,-0.788533218732909,13.929036344,-1.1439210715596506,0.35538785282674157,2.266667683575311
38853.0,3.0316450679,-0.4816783545868459,3.089104004,-0.4898325303807394,0.008154175793893492,1.0189530551278556
38855.0,9.057950152,-0.9570299263302788,5.8319502079,-0.7658138074006958,-0.191216118929583,0.6438487858770455
38884.0,5.788507844,-0.7625666261394054,24.19855635595,-1.3836397594297136,0.6210731332903082,4.180448054680048
3893.0,24.280675751449998,-1.38084407931643,13.96582433,-1.1423063371046784,-0.2385377422117516,0.5751826873749997
3899.0,113.5977663027,-2.0531274385667797,17.518482022199997,-1.2434703862252925,-0.8096570523414872,0.1542150219355468
3902.0,3.959439868,-0.5976337517227914,26.48487942705,-1.3523915741087014,0.7547578223859099,6.689047014225296
39040.0,19.04826545005,-1.2405243573686895,13.635543396,-1.1305335859831078,-0.10999077138558166,0.7158417353935084
39042.0,18.5671446439,-1.268745120716345,13.8500331119,-1.1414508116891509,-0.12729430902719407,0.7459430826618918
39147.0,12.4946902439,-1.0967254939932842,21.32427317805,-1.3260060112704901,0.2292805172772059,1.7066668130056821
39223.0,4.0,-0.6020599913279624,17.17643337795,-1.1620857399699434,0.560025748641981,4.2941083444875
3926.0,10.701824312,-1.0294578170404756,7.4657169479,-0.8730715202413155,-0.15638629679916005,0.6976116155755483
392622.0,21.22215679995,-1.2913401260516397,23.17244511695,-1.3542250635485154,0.06288493749687563,1.0918986856700916
39299.0,10.256380284,-1.0109941151565014,21.4503486484,-1.3314343554879084,0.32044024033140706,2.0914151049822753
39327.0,16.688100122,-1.2220373977099155,5.88282566195,-0.7534354321441725,-0.46860196556574296,0.3525162013017074
39328.0,18.002789818,-1.1937236921823988,7.086270812,-0.8504177455006648,-0.343305946681734,0.39362070454851544
3936.0,64.55963888925,-1.8099510186525505,15.7157156039,-1.1963341610932905,-0.61361685755926,0.24342942238044127
39385.0,10.391943084,-1.0166967594687029,20.96448458195,-1.2779429598307361,0.2612462003620333,2.017378695446096
39485.0,8.458837364,-0.9273106749659966,10.18325424,-1.0078865867068694,0.08057591174087275,1.203859797959818
39562.0,11.033863972,-1.0427276255729687,27.49752666285,-1.4342693631771715,0.39154173760420274,2.492103104826096
3965.0,9.9215444879,-0.9965792840857095,8.49634178795,-0.9284896496123396,-0.06808963447336991,0.856352738055236
39676.0,2.6698016159,-0.42647899158147673,28.736462545949998,-1.4474219820421312,1.0209429904606546,10.763519796680784
3969.0,4.5837022639,-0.6612164001144962,34.4110872159,-1.5366983943415582,0.875481994227062,7.507269284681167
39764.0,9.1959687359,-0.9635974861021139,9.0371591639,-0.9560319312122665,-0.007565554889847448,0.9827305228452958
39801.0,5.2722372839,-0.7219949480141411,9.8680336599,-0.9932976868097294,0.2713027387955883,1.8716975599778733
39836.0,3.7924282799,-0.578917376422989,68.231213169,-1.8339830932192045,1.2550657167962154,17.991431382006027
39912.0,10.3946686239,-1.0168106488280844,5.4148466639,-0.7335861629068647,-0.2832244859212196,0.5209253762500792
39965.0,20.09262103195,-1.3021265370811101,33.4542917879,-1.524451840496645,0.2223253034155348,1.6650038705603976
39985.0,3.8693976759,-0.587643366468112,4.56173673,-0.6384910538976162,0.050847687429504185,1.1789268284343417
4.0,5.4718461441,-0.7381338775081553,14.606839776,-1.1645562654686985,0.4264223879605432,2.669453670905893
40000.0,182.5223249292,-2.261315992083374,14.605850272,-1.164526844273562,-1.096789147809812,0.08002226729067567
4004.0,12.51426694395,-1.0973909794765828,11.688218246049999,-1.067227563962251,-0.03016341551433177,0.9339914433981806
4006.0,7.6909101959,-0.885977740278028,15.6690427352,-1.1568707786441008,0.2708930383660728,2.037345689402682
4011.0,7.145640212,-0.8540411453849298,7.8415148419000005,-0.894245337854159,0.04020419246922924,1.0973845042927555
40114.0,12.9623006839,-1.064580888478423,12.778658128,-1.1064852514591714,0.04190436298074851,0.9858325647291846
4021.0,8.2935993159,-0.9187430497045012,25.479936712,-1.4061983449481124,0.4874552952436112,3.072241103226601
40273.0,12.142327486,-1.0790127166367285,20.137179885850003,-1.2939174781975313,0.21490476156080285,1.6584283292530202
40301.0,53.7037538094,-1.7300046432736884,37.2896055729,-1.5544288211798922,-0.17557582209379619,0.6943575248993682
40326.0,10.8645238239,-1.036010696585263,5.4258139119,-0.7344648947663724,-0.30154580181889046,0.4994065087292812
4041.0,80.4255660288,-1.9053941261151253,74.6061743339,-1.870852713409358,-0.03454141270576727,0.927642514908554
4044.0,19.4040969139,-1.2695299327137826,37.46626591145,-1.5654081446591421,0.29587821194535957,1.9308430625602209
4047.0,14.5152354801,-1.1618240857673123,11.75397969195,-1.0135979140457865,-0.14822617172152586,0.8097684469579838
40585.0,22.1513255739,-1.294594275823233,10.479413073949999,-0.9580810132422328,-0.3365132625810001,0.47308288792872344
4064.0,19.614105148,-1.2925684991517246,12.347481286,-1.0891141461743898,-0.20345435297733472,0.6295205003150012
4068533.0,8.45355168195,-0.908711019049981,13.78023766395,-1.1271658446711368,0.2184548256211558,1.630112192177582
4075.0,21.384728292,-1.3301037366113133,14.94987163245,-1.1745626827814482,-0.15554105382986516,0.6990910255353925
4078.0,7.439112412,-0.8715211213569154,7.97619620195,-0.9011617820825356,0.029640660725620216,1.0721972945433156
40813.0,6.299725056,-0.7993215956015698,21.91536744,-1.340748756570022,0.5414271609684522,3.4787815730350506
40854.0,17.465107288,-1.2421712578490312,9.90930925995,-0.873166665744062,-0.36900459210496916,0.5673775200200762
4091.0,12.0798750319,-1.0820624414674826,13.5078347159,-1.1230582453852676,0.0409958039177849,1.1182098059979186
4093.0,11.84186238,-1.0734200096294562,8.74587172395,-0.9349846556488037,-0.13843535398065243,0.7385554267816107
4096.0,17.656263996,-1.2088019419307259,14.2506832839,-1.1538356881559755,-0.054966253774750395,0.8071177054856267
40973.0,13.02140763395,-1.1107474241759416,15.16827063,-1.1687697125391805,0.05802228836323886,1.1648718062133776
4100.0,16.456429952,-1.2163356255110356,14.40092230745,-1.1212172333515698,-0.09511839215946583,0.8750939510850475
4101.0,13.62889866,-1.1344607622756178,12.20509573395,-1.0851112552416702,-0.04934950703394758,0.8955305955697817
4107.0,10.06158649395,-0.989757847312755,20.4367331,-1.3104114731633958,0.32065362585064083,2.0311640825518467
4109.0,25.612365784,-1.408449695589987,11.255936432,-1.0513816317517086,-0.3570680638382784,0.4394727346519299
4110039.0,6.92181570595,-0.8336771202338736,33.40489346,-1.5238100909734826,0.690132970739609,4.826030463550931
4114.0,17.84102584395,-1.2500620458075797,12.0034065601,-1.0793045160726464,-0.1707575297349333,0.6727980030459083
4115.0,13.244028916,-1.1220201202864284,14.76153256,-1.1691314488013325,0.04711132851490407,1.1145802122318471
4116.0,9.2987828159,-0.9684261043675088,5.252135256,-0.7203359017620862,-0.24809020260542258,0.5648196500534852
4117.0,18.6531763199,-1.2707527954342228,33.5,-1.5250448070368452,0.2542920116026224,1.7959407784217845
41206.0,5.166062745950001,-0.706767930215782,13.47651025,-1.1029110803670472,0.3961431501512652,2.6086617435231654
4121.0,4.9702751439,-0.6963804310210556,20.485168305949998,-1.3077774788012135,0.6113970477801579,4.121536074535303
41270.0,10.6164321199,-1.0259785872743081,19.425336136,-1.2883685425693188,0.26238995529501064,1.829742414081669
4132186.0,6.5856016599,-0.8185954582101989,9.497516856,-0.9736042388542174,0.15500878064401857,1.4421638821295208
4133.0,8.505594502000001,-0.9235740880855248,18.44217793805,-1.259079908837489,0.33550582075196433,2.1682409070540003
41368.0,12.201787892,-1.0864234712272083,15.539481257999999,-1.1913286614329837,0.10490519020577538,1.2735413363633643
41375.0,32.72732318,-1.514910485121745,17.358774736,-1.2395190673742524,-0.27539141774749254,0.5304061881421492
41381.0,9.97982168,-0.9991227813591256,6.917479904,-0.839947906144094,-0.1591748752150316,0.693146643878711
41384.0,20.91723238995,-1.3134688239525936,31.088805252,-1.4926040323541048,0.1791352084015112,1.4862771839231028
41428.0,9.08353732,-0.9582550048422447,18.520563752,-1.2676542021437793,0.30939919730153465,2.0389153585819146
41463.0,16.69332623805,-1.22249505855584,18.066170329949998,-1.2561085132274663,0.03361345467162624,1.0822390979678336
41632.0,13.175235464,-1.1197583855393922,20.878829208,-1.3197061417075657,0.1999477561681735,1.5847025478253722
4168.0,14.444252599999999,-1.1497052398891723,18.0833244319,-1.2572782740214947,0.10757303413232244,1.2519390883471535
41684.0,79.90892339355,-1.90253404773647,28.0752861127,-1.4354159320604798,-0.46711811567599026,0.3513410633056552
41690.0,13.810922356,-1.140222683701352,20.614717704,-1.3141773919904216,0.17395470828906956,1.492638737125632
4170.0,9.0724076039,-0.9577225539108182,9.544643826,-0.9775732232064744,0.019850669295656265,1.0520519185995343
4173.0,24.2025916279,-1.3838618729817855,12.324530204,-1.0907703734909264,-0.2930914994908591,0.5092235738007769
41781.0,21.15403521395,-1.313169022481032,18.1986845159,-1.1805438756628979,-0.1326251468181341,0.8602937610645037
4184.0,7.282585196,-0.8622855739637976,21.2229791041,-1.3268063464673199,0.4645207725035223,2.9142095194103375
4189.0,11.53001852,-1.0618300048772962,11.20094056395,-1.0491825743154406,-0.012647430561855577,0.9714590262384071
4197.0,14.231282718,-1.1531304053000357,17.016982286199998,-1.2307948970535647,0.07766449175352896,1.1957447985118441
4201.0,18.78027301795,-1.2184158973040091,12.91543678,-1.1111090979221303,-0.10730679938187881,0.6877129404697978
4211.0,17.958784836,-1.2542769472046773,11.082279104000001,-1.0433366634665209,-0.21094028373815643,0.6170951545554784
4235.0,19.36792211195,-1.2867801915987012,11.6615334854,-1.0667556636697444,-0.22002452792895677,0.6021055546379359
4237.0,10.8334999039,-1.0347687838089175,26.96109218155,-1.4194141098083988,0.3846453259994813,2.4886779360974707
42504.0,7.3732505679500004,-0.8597698913318419,13.10147456,-1.1173201778872162,0.25755028655537426,1.776892625479108
42586.0,3.1842979519,-0.503013697511607,8.290085875900001,-0.8181700510361392,0.3151563535245322,2.603426564073092
426756.0,5.27925687595,-0.6921390078834724,13.18753307725,-1.07393738720056,0.3817983793170876,2.497990415531146
42725.0,1018.0955111437,-3.0077885226146077,108.0465939273,-2.030676760598107,-0.9771117620165009,0.10612618633975066
42745.0,5.491008856,-0.7396521441480638,30.56895368195,-1.4852728137543454,0.7456206696062816,5.567092402072426
4284.0,11.9075546479,-1.075822583316272,5.3521062959,-0.6894651488836062,-0.3863574344326658,0.44947148714903357
42963.0,11.6977941919,-1.0681039762247362,20.6837422679,-1.3156291175584442,0.24752514133370807,1.7681745745041586
43079.0,36.73436744725,-1.5602391451371052,15.99472427,-1.094404042352244,-0.46583510278486107,0.4354158076348581
43226.0,9.5561410679,-0.9802825521869177,8.5770385839,-0.9333373637604273,-0.046945188426490425,0.8975420646217854
43231.0,12.871693306000001,-1.108508869055322,5.925264124,-0.772707714182412,-0.33580115487290996,0.4603329168228396
43233.0,5.0269256281,-0.701302460015283,13.951779604,-1.144629607100917,0.44332714708563403,2.775409989360292
43234.0,8.221384544,-0.9149449622097057,16.441051988,-1.2159296026180535,0.3009846404083478,1.99979114223513
43371.0,7.1108150579,-0.8402784196560349,18.994550767950003,-1.2775389538253794,0.4372605341693445,2.671219911260013
4338370.0,14.86154104195,-1.1330070823935736,17.53930598,-1.2440124045933318,0.11100532219975823,1.1801808392878919
4343483.0,18.74487352595,-1.2544270486478921,21.6665765759,-1.3357902961076158,0.08136324745972368,1.155866778503747
4348.0,21.387325138,-1.2556334751762284,6.564606208,-0.8172086791197759,-0.43842479605645246,0.3069390943300485
43507.0,9.5415554499,-0.916697476426515,2.6934810479,-0.43031392407302355,-0.48638355235349146,0.282289513700644
4350929.0,4.50764218595,-0.6369249397962814,5.57994941195,-0.7314565028748702,0.09453156307858879,1.2378865006948212
43598.0,12.524428916,-1.0346526648182086,19.20254818995,-1.1858041999036055,0.15115153508539692,1.5332074874422963
43704.0,16.503389638,-1.2172895425051877,11.5076122239,-1.0609852188893103,-0.15630432361587743,0.697287798223164
4379756.0,12.48101053395,-1.0895691164917714,18.26341748195,-1.2600551791229204,0.17048606263114907,1.4632963759041056
4385787.0,4.315751444,-0.6350564245169777,8.515817864,-0.9302263641911733,0.2951699396741956,1.973194697261625
439250.0,17.463755916,-1.2421376527815278,34.51207963,-1.5379688041337785,0.2958311513522507,1.97621174940842
439280.0,21.367074596,-1.329745066207922,10.22614132595,-1.0079184703469775,-0.32182659586094453,0.47859342091988455
439524.0,10.3470420279,-1.0148162131199117,23.297197812,-1.3667587567913362,0.3519425436714245,2.2515804757708437
439709.0,6.1511154580000005,-0.6078130162310784,9.715551216,-0.9874674455200585,0.3796544292889801,1.5794779471037526
440707.0,93.54114535565,-1.9701905690197106,13.687338396,-1.136319004575808,-0.8338715644439025,0.14632425489296477
44072.0,10.23290064995,-0.97411513666527,9.692354724,-0.9864293002092461,0.012314163543976075,0.9471756890405614
44073.0,15.55270734195,-1.1793874467556567,27.093577687950003,-1.4291606520113285,0.24977320525567182,1.7420489624254067
4409.0,104.7396697848,-2.0201112003572823,5.8343592399,-0.7659931664900257,-1.2541180338672566,0.0557034335881274
440917.0,6.697438791950001,-0.8253158315252855,10.521279971950001,-1.0212983093088503,0.1959824777835648,1.5709408176445112
44093.0,3.2687283999,-0.5143788363573585,20.841746391999997,-1.318121578958095,0.8037427426007364,6.3761022153561635
440936.0,15.615775849999999,-1.1934715918539593,19.7963852,-1.2870349074432783,0.09356331558931896,1.267717043978958
440968.0,56.7381868195,-1.7538754529461211,21.6899915879,-1.3362593835803842,-0.4176160693657369,0.38228207145395593
4410.0,9.4594273599,-0.9758648465537025,13.612697325949998,-1.126943738086884,0.15107889153318155,1.439061457742819
441071.0,3.884593896,-0.5893456234085045,7.427447688,-0.8708396017220238,0.2814939783135193,1.9120268133171159
441080.0,21.739027872,-1.3372401193608678,17.4396096079,-1.2414169576038394,-0.09582316175702843,0.8022258267750013
441130.0,9.948014288,-0.9977364003609765,11.8175421,-1.0410868460752387,0.043350445714262165,1.1879297473723132
441199.0,3.45515006,-0.5384669138852493,8.5841653599,-0.9336980750110628,0.3952311611258136,2.4844551498003535
441207.0,48.47346208,-1.6855040390861755,10.573028952,-1.0241994214319348,-0.6613046176542408,0.21811994642657057
441308.0,22.678542104,-1.3556151323840586,8.39146008195,-0.9206963250419917,-0.4349188073420669,0.3700176159238176
441328.0,9.41746958395,-0.9730648535761506,2.633801092,-0.42058297339392625,-0.5524818801822243,0.2796718448115546
441333.0,13.440897676,-1.1191856612334488,17.00397779,-1.1876061847710515,0.06842052353760275,1.265092421643996
441334.0,16.855427196,-1.2267397640663875,18.3950588319,-1.2515175056918026,0.02477774162541513,1.091343376705716
441336.0,211.89527754575,-2.3253611392455853,18.3756742799,-1.2642432841190667,-1.0611178551265186,0.08672054654890804
441337.0,12.269075168,-1.0888118272280722,7.0225916799,-0.84649741762296,-0.2423144096051122,0.5723815025778151
441345.0,4.8974441199,-0.6899694893717194,14.049589476,-1.147663634496428,0.4576941451247085,2.8687595268135238
44134533.0,6.576951068,-0.8180246107543997,11.20904007995,-0.9640345623403453,0.14600995158594565,1.704291238304527
441351.0,9.4079031959,-0.9734928400136585,12.272762423949999,-0.9836534680427069,0.01016062802904838,1.304516231555031
441374.0,10.3039360159,-1.012961452390924,10.3688796879,-1.0157318353045046,0.00277038291358056,1.0063028023368725
441375.0,3.2511774519,-0.5120406742878099,12.7607720919,-1.1058769522148728,0.593836277927063,3.9249694243673345
441383.0,22.9191115759,-1.3601977788641864,11.05612126,-1.0436027932591465,-0.31659498560503985,0.4823974621959508
441398.0,8.6830554879,-0.9386725763321097,13.6271045961,-1.1344035893991873,0.19573101306707763,1.5693904772449772
441401.0,10.594258084,-1.0250705484647693,5.9168092439,-0.7720875679829368,-0.25298298048183254,0.5584920809920493
441406.0,198.222797845,-2.2971536017582332,46.03587144005,-1.6263633030579965,-0.6707902987002368,0.2322430716372376
441412.0,11.8845982039,-1.074984503625935,10.9004265079,-1.0374434911886607,-0.037541012437274146,0.9171893168692032
44151582.0,24.593020676,-1.3908118749098972,16.060443511949998,-1.1611073553624625,-0.22970451954743476,0.6530488354211474
4420.0,5.61841584,-0.7496138798164064,44.197472219299996,-1.6390363138290813,0.889422434012675,7.866536311648302
4420067.0,6.472879408,-0.8110975160356939,25.64547571,-1.3814043651915306,0.5703068491558367,3.961988798725972
442021.0,15.03018780715,-1.163287537963773,16.10728771,-1.2069099275390047,0.04362238957523168,1.0716624380659845
4421.0,15.915919551950001,-1.0402554763682361,16.0622721724,-1.2055174644615128,0.16526198809327663,1.0091953606558703
442460.0,8.1939353919,-0.913492535275906,5.764392324,-0.760753531189492,-0.15273900408641405,0.7034949689374301
442482.0,20.07681376,-1.3026947903331516,8.58583956,-0.933782768739542,-0.3689120215936096,0.4276495096600428
442495.0,62.1418963676,-1.793384502369514,10.40111218,-1.0056814024060678,-0.7877030999634462,0.1673768067596825
443048.0,22.44984735405,-1.3119010986332467,12.945968728,-1.1121345536108904,-0.19976654502235625,0.5766617707387004
443101.0,152.3056312645,-2.1827159609978044,79.6671013919,-1.9012790160810469,-0.2814369449167575,0.5230739056098783
443385.0,8.15315728,-0.9113258202434806,6.6245715759,-0.821157796836933,-0.09016802340654761,0.8125161024613522
443403.0,7.86481659995,-0.8585299879040862,8.7309930161,-0.941063640828945,0.08253365292485881,1.110133072417163
44341259.0,12.04398284,-1.0807701280680035,18.475863247950002,-1.2649759791602917,0.18420585109228815,1.5340326778438023
44368.0,21.5284198,-1.3330121534962185,142.5294835243,-2.153904711414368,0.8208925579181496,6.620526952205752
44373822.0,5.698069332,-0.7557277292702239,13.4381053799,-1.1283380424487324,0.37261031317850846,2.35836115654691
443753.0,147.3257316307,-2.1682786065117097,10.82838757395,-1.0287730194044284,-1.1395055871072812,0.07349963549540289
443755.0,20.689344952,-1.315746740630197,12.469538836,-1.095850392156656,-0.219896348473541,0.6027034140002868
44383.0,34.980399132,-1.5438247605410633,11.1454048479,-1.0470958485018216,-0.49672891203924174,0.31861857281394496
443872.0,10.1001631,-1.0043283869369077,6.701946892,-0.8262009820485321,-0.17812740488837564,0.6635483828969059
443873.0,3.070547188,-0.4872157759831404,22.743756510399997,-1.2498176567912498,0.7626018808081094,7.407069527960629
443879.0,9.05380478,-0.9568311259132865,50.8326053221,-1.7061423691560842,0.7493112432427977,5.614502030614802
443935.0,17.169590571900002,-1.2301503417643405,15.400581452,-1.1875371180201018,-0.042613223744238704,0.8969684738554461
443936.0,276.2144034539,-2.4412463215179603,16.8781948739,-1.1987512230976336,-1.2424950984203267,0.06110541182084648
443939.0,7.1919440759,-0.8568463016920155,10.960449291949999,-1.0350378698028875,0.178191568110872,1.5239897830515885
443942.0,38.779397436,-1.5886010566185689,9.624711684,-0.9795841816156616,-0.6090168750029072,0.24819136759110932
443943.0,191.32052014725002,-2.280981220854617,13.1230901841,-1.118036113384111,-1.162945107470506,0.0685921728312248
443944.0,3.0256612419,-0.43806627624060224,13.898221564,-1.142959230875997,0.7048929546353948,4.593449316643408
443947.0,15.588801595949999,-1.1910258691833957,5.9724532759,-0.7761527608332714,-0.41487310835012425,0.3831245935833615
443951.0,10.446935127900002,-1.0150009806504574,22.7094045519,-1.3562057470240352,0.3412047663735778,2.173786308986581
443953.0,19.797094487899997,-1.289144381613839,6.9934993019,-0.8295461525546353,-0.4595982290592038,0.35325887372889153
443970.0,18.8212584479,-1.2746486583423935,22.3519159304,-1.2901391273649678,0.015490469022574338,1.1875888104014605
444000.0,6.850977812,-0.8357525609887209,9.59864386195,-0.9806827871323209,0.14493022614360007,1.401061881289012
444008.0,12.920614124,-1.1112831564087442,7.5031425919,-0.8752431999870025,-0.2360399564217417,0.5807109878750218
444020.0,26.051053456,-1.4158252900492545,15.163937398,-1.1805957432003902,-0.23522954684886432,0.5820853818296352
444021.0,3.06663626,-0.4866622664803447,14.899787404,-1.1731800717727863,0.6865178052924416,4.858674502205227
444025.0,199.39834810780002,-2.2995050454480728,17.58805144115,-1.242776705879729,-1.0567283395683438,0.08820560254411654
444037.0,10.395603384,-1.0168497018191613,8.2242009159,-0.9150937115248453,-0.10175599029431603,0.7911229980703157
44420324.0,12.018931766049999,-1.0775632519275986,7.4024533439,-0.8693756788035683,-0.20818757312403036,0.6158994399826603
444266.0,12.4498516599,-1.095164176839733,9.700035288,-0.9867733141998326,-0.1083908626399005,0.7791285834547778
444305.0,5.1846719319,-0.7147212809423816,12.1995610979,-1.0856358881987125,0.37091460725633085,2.353005408662239
4443516.0,48.80046253345,-1.6554285355558604,35.558841272,-1.5509476005159628,-0.10448093503989764,0.728657873839339
4445035.0,5.924836904,-0.7726763998015134,10.723935056,-1.0303541752375263,0.2576777754360129,1.809996668222211
444539.0,9.713246903950001,-0.9817466413351742,12.791805428,-1.0996846208904874,0.11793797955531315,1.3169443291715428
444795.0,25.32214568205,-1.3549819294740781,49.7468509594,-1.6966898243142805,0.34170789484020236,1.9645590695208675
444913.0,10.2139443819,-1.008940806747666,23.611171527699998,-1.348170420079486,0.33922961333182,2.3116604756083317
444972.0,16.030037182,-1.1949201196340153,15.091143676,-1.1787221538481283,-0.01619796578588706,0.9414291124006701
445070.0,14.916833092,-1.1736766303311992,27.426946308,-1.4381774563317862,0.264500826000587,1.838657450870672
445154.0,233.4536828061,-2.368196807553717,27.360139678,-1.4367285246972905,-0.9314682828564265,0.1171972930524491
445354.0,7.5280605,-0.8766831006836233,29.032234056,-1.462880456460739,0.5861973557771156,3.856535698138983
44555481.0,8.41892333,-0.9180297286126802,41.375017981,-1.6167381955220805,0.6987084669094004,4.914526045576899
445580.0,6.457966792,-0.810095807468347,19.07605380995,-1.2779156801672054,0.4678198726988584,2.953879204455036
445638.0,45.3637806827,-1.6567092421196858,16.0187354999,-1.204628230406742,-0.4520810117129439,0.35311729443240447
445639.0,16.45049134195,-1.2161640961773648,43.09614040845,-1.6291909851564452,0.41302688897908046,2.619747915890608
446155.0,24.6557044659,-1.3919174157611844,29.940382567999997,-1.4759651906930713,0.08404777493188686,1.2143389619797298
4463.0,7.04363738395,-0.6573825264092742,8.012033011949999,-0.903736957246913,0.24635443083763886,1.137485162170136
44630019.0,7.541617344,-0.8774644928527813,42.2602876844,-1.6259007308762774,0.7484362380234961,5.603610705337849
446596.0,23.655237932,-1.3739273206802929,6.259410572,-0.7965334390602464,-0.5773938816200465,0.26460991810750223
446727.0,42.833965735099994,-1.6177345061712867,15.426880876,-1.1882781259804613,-0.4294563801908253,0.3601553255985016
447043.0,16.322857548,-1.0938645540546654,10.000743197950001,-0.9969745416741543,-0.09689001238051109,0.6126833594265709
44717198.0,18.9596249999,-1.277829743229646,12.882921662,-1.08894611236386,-0.18888363086578597,0.679492429943522
4476.0,14.89034232,-1.172904682035463,4.442526032,-0.6476299813329,-0.525274700702563,0.2983494896576696
4477.0,69.6871254385,-1.841400941250136,26.86003449,-1.4291065659949105,-0.4122943752552255,0.3854375441803007
448223.0,13.48333670795,-1.127437388907747,6.053362032,-0.7819966484372695,-0.34544074047047746,0.44895133623940703
4485.0,16.2071242359,-1.2097059612225318,29.279643112,-1.4665657788264614,0.2568598176039296,1.8065908970539872
448537.0,6.0525199879,-0.768382033222633,21.9808848559,-1.3416954827164729,0.5733134494938399,3.631691411154935
4488.0,50.7468803576,-1.705409349341444,47.94831759575,-1.6741983465545975,-0.03121100278684641,0.9448525162112575
448812.0,23.64687960845,-1.1836418091696312,21.1605196399,-1.3255263284846106,0.14188451931497936,0.894854627345355
449171.0,7.337921112,-0.8655730384628221,48.3220024979,-1.680175177997778,0.814602139534956,6.585244207501368
449293.0,18.0773697119,-1.2192634268933702,17.825016608,-1.2509369261658039,0.03167349927243368,0.9860403859675513
4495.0,24.583725804,-1.3906477033468472,16.895929892,-1.2187062405888234,-0.1719414627580238,0.6872810910236754
4497.0,10.645218864,-1.0271545948913314,11.2260285159,-1.0502261410621934,0.023071546170861934,1.0545606116060404
4500.0,6.6993132799,-0.826030287173191,11.0358019241,-1.0428038969501021,0.21677360977691107,1.6473034567902354
45055378.0,12.3801512159,-1.0927259493553327,28.75432495805,-1.4585391230141675,0.3658131736588348,2.3226150033709136
4507.0,15.6757886839,-1.1952294003766992,13.1215935439,-1.1179865808701974,-0.0772428195065018,0.8370611398568216
45073437.0,9.7492767319,-0.9889723979553631,3.487631664,-0.5425306119431057,-0.44644178601225737,0.3577323487585841
45105092.0,16.0395043319,-1.205190943172158,11.0821008041,-1.044622096235839,-0.1605688469363189,0.6909253911331585
4511.0,3.80710708,-0.5805950921017639,15.27721999795,-1.1698954842168834,0.5893003921151195,4.012815945788948
4513.0,5.147708516,-0.7116139474249072,14.384175148,-1.1578849625806726,0.4462710151557654,2.7942870314609713
4514.0,26.9947583919,-1.431279444808403,19.65846416795,-1.2712526618183282,-0.16002678299007478,0.7282326399279309
451417.0,17.5245590519,-1.2436470991787323,4.36906410205,-0.6403753258878762,-0.6032717732908561,0.2493109292570936
451668.0,3.7750564879,-0.576923454561159,28.5914367639,-1.45623597987549,0.879312525314331,7.573777201888952
452110.0,12.563979041949999,-0.9904978864151078,21.673618416,-1.3234903772958124,0.3329924908807046,1.7250600580941542
4523766.0,6.6324538679,-0.8216742379252081,12.3573807679,-1.0919264287955368,0.2702521908703287,1.8631687478005263
45268380.0,4.701517544,-0.6722380610439678,13.802111576,-1.1399455339122673,0.4677074728682995,2.9356716096091207
4528.0,5.721571968,-0.6812234920103698,8.360460428,-0.9222301956009146,0.24100670359054477,1.4612173847954646
4534.0,16.370875724,-1.2140719116616936,22.0989948359,-1.3443725204204162,0.13030060875872262,1.3498969272305008
45357485.0,8.2803065119,-0.918046413350459,8.734590268,-0.9412425374219605,0.02319612407150151,1.0548631569914868
4539.0,10.6355337601,-1.0267592905010092,18.7160218919,-1.1576687274338082,0.130909436932799,1.7597632910643897
454.0,9.66286786395,-0.9608852471382283,7.9190017839,-0.8986704407983167,-0.06221480633991161,0.8195291393193966
456201.0,8.8515964841,-0.9470216076136599,22.87763126395,-1.3527260431291603,0.4057044355155004,2.5845768393356807
4567.0,10.76650290605,-0.96600726826615,28.258277408,-1.451145684228685,0.48513841596253493,2.6246477295910897
4578030.0,43.3673725199,-1.637163110535303,10.389177548,-1.01658116829798,-0.6205819422373231,0.23956207038442814
4581.0,6.083944652,-0.7841852544538861,7.948336984,-0.8864424017897204,0.10225714733583435,1.306444656985351
4583.0,11.0759174139,-1.0188143936740321,14.2488566359,-1.1537800168609231,0.13496562318689098,1.2864719104909577
459494.0,32.572250395699996,-1.5089315435566335,6.134432488,-0.7877743912308596,-0.7211571523257739,0.18833308762755407
4595.0,7.875405204,-0.8962729082818256,3.575266032,-0.5533083627611651,-0.34296454552066047,0.453978676574519
460.0,10.049695476,-1.002152902045409,18.160691076,-1.2590350831227535,0.2568821810773445,1.807088694316174
4602.0,65.963525118,-1.8193038564689596,26.0987798681,-1.41662020431385,-0.4026836521551096,0.39565471707906363
4610.0,7.896116824,-0.8814230360895801,8.5911896759,-0.934053307475448,0.052630271385867955,1.088027174292476
4612.0,9.96363506195,-0.9975122174578521,15.2465104559,-1.1831704559344396,0.18565823847658747,1.530215665377459
4614.0,24.6294191279,-1.391454169349354,13.95513790205,-1.1321083499175875,-0.2593458194317666,0.5666044265835622
4616.0,9.8543237,-0.9933459045580941,10.534656708,-1.0226203878557996,0.029274483297705434,1.0690390359309996
4621.0,14.37111523395,-1.1508319009072268,14.065458688,-1.1481538994887162,-0.0026780014185106005,0.9787311881524737
46224595.0,20.2867679439,-1.3072128614277136,7.454990308,-0.8724470831766922,-0.4347657782510215,0.36748043496212174
462368.0,11.298116876,-1.0530060630839093,27.749313754,-1.404134104458906,0.35112804137499665,2.4561007872866334
4626.0,11.1085071759,-1.0456556999102697,11.0978087599,-1.0452372366760427,-0.0004184632342270067,0.9990369168574504
4628.0,5.818764956,-0.7648308145960815,12.4649186959,-1.095689450105164,0.33085863550908245,2.142193195662052
4632.0,20.489712056,-1.3115358552597123,15.0497356761,-1.1775288723272517,-0.1340069829324606,0.7345020581532764
4644.0,7.36032765595,-0.8352579757372122,21.47333523595,-1.2985771819231968,0.46331920618598466,2.917442842179888
4649906.0,22.4709186761,-1.3516208279956812,5.7287545919,-0.7580602183629948,-0.5935606096326864,0.25494082705185905
4650.0,10.75119625995,-1.0279615437922902,16.4117795179,-1.2125929026882538,0.1846313588959636,1.5265072947311564
4652.0,17.97011613195,-1.2543878340381056,13.599221914000001,-1.1189300422905302,-0.13545779174757544,0.7567687272661104
4654.0,21.536650964,-1.3331781696705776,13.6105726559,-1.13387639824267,-0.1993017714279075,0.6319725698601427
4659569.0,8.0765014079,-0.9072232731151544,36.5300975112,-1.5607538224207564,0.6535305493056021,4.5230101087419134
4671.0,19.276907084,-1.2618601994915288,6.2992309319499995,-0.7991843020988691,-0.4626758973926597,0.32677601777613047
4674.0,9.60172078,-0.9823490724446022,14.700672676,-1.1673372077271504,0.1849881352825482,1.5310456336765084
4677.0,5.046848976,-0.7030203089200976,38.4756510819,-1.5825737372591346,0.879553428339037,7.623697729983351
46783063.0,7.0035292919500005,-0.8140483070918263,13.661011697949998,-1.1350751461563795,0.3210268390645532,1.9505896425181293
4679.0,15.63418023405,-1.1796591064297823,31.7902404039,-1.502293812145425,0.3226347057156427,2.033380703560228
4684.0,16.2593436719,-1.2111030107891037,25.2904003819,-1.4029557048791381,0.19185269409003447,1.5554379618414613
4685.0,5.3928463479,-0.7318180466167759,16.72702822195,-1.2181188482443965,0.4863008016276207,3.1017068061773325
46861540.0,14.03329262405,-1.146761276578929,141.1314586298,-2.1496238301011386,1.0028625535222095,10.056902710624838
470999.0,31.2608563519,-1.4950008707980338,21.1482478239,-1.3252743910049498,-0.16972647979308397,0.6765089089638657
4726.0,24.0858388121,-1.3817617756296063,8.86788678,-0.9478201396595083,-0.43394163597009805,0.3681784491368862
47326.0,12.727171736,-1.104731904367218,16.154024964,-1.200636769171633,0.09590486480441518,1.269254890173818
4737.0,17.6574269,-1.246927416990749,7.7296768959,-0.8881613405857972,-0.35876607640495173,0.4377578307233428
47445.0,19.276903107949998,-1.2771800479882667,32.1274449839,-1.506876188560691,0.22969614057242427,1.6666289602633475
47455.0,13.194300804,-1.1203863809137673,12.7010511479,-1.1038396649592375,-0.016546715954529834,0.9626164611958471
47462.0,13.071795108,-1.1163352319543776,7.8186767800000005,-0.8931148006142152,-0.22322043134016234,0.5981333638877903
4748.0,7.8262249999,-0.893552329484715,15.4865000839,-1.1899532792185894,0.29640094973387443,1.9787956625445702
47491.0,23.732310408,-1.3753400200800427,5.068692152,-0.7048959150648636,-0.6704441050151791,0.21357769491719517
47510.0,31.515562912,-1.498525068637331,9.4539736361,-0.9756143868697663,-0.5229106817675647,0.29997793986729854
47528.0,3.9122108119,-0.5924222489729543,15.7960044559,-1.1985472475747945,0.6061249986018402,4.037615868718621
4753.0,5.6711847519,-0.7536737956590773,18.0262907279,-1.2559063710855314,0.502232575426454,3.1785758208389714
4754.0,17.8784057,-1.2523287881420218,8.73050248,-0.9082117896494297,-0.34411699849259203,0.4883266789275288
4760.0,9.904060712,-0.9958132939141052,12.51188042,-1.0973225850458308,0.10150929113172558,1.2633081302541191
4763.0,18.91836461595,-1.2077044835105506,14.374232232,-1.1575846570965873,-0.050119826413963287,0.7598031079219787
47649.0,17.205283285900002,-1.2272446039283207,12.37775628795,-1.0425126202406017,-0.18473198368771904,0.7194160120626298
4765.0,24.4812821678,-1.3888341595445368,10.568048974,-1.0238598756238688,-0.364974283920668,0.431678737313034
4766.0,13.872959984,-1.1421691335727833,11.554512532,-1.0627516279520215,-0.07941750562076177,0.8328801168118471
4767.0,31.68271662805,-1.500491657468506,8.401394165900001,-0.8348808372571432,-0.6656108202113629,0.2651727837776987
4768.0,13.0949304699,-1.1047043193068165,19.64620957,-1.2397691105395885,0.13506479123277204,1.500291247453262
4770.0,24.7875037479,-1.3942327928792053,22.148804584,-1.345350291435736,-0.048882501443469284,0.8935472006081471
4781.0,18.525175068,-1.2677623208730715,7.6076324799,-0.8812495239337299,-0.3865127969393416,0.4106645390380826
47866.0,13.24499164,-1.122051688514487,15.781017554,-1.1952804365811702,0.07322874806668334,1.1914705560357757
4788.0,31.19473286,-1.4940812708471432,32.7765768681,-1.5155635945998311,0.021482323752687993,1.0507086890341142
47898.0,8.37880168595,-0.9227376296413248,13.6345656599,-1.134641307696558,0.21190367805523325,1.627269169380525
4790.0,6.266247152,-0.7970075202349597,11.31076539605,-1.0459459025252413,0.24893838229028165,1.8050302073450677
4793.0,7.789593344,-0.8915147859053401,18.018018604,-1.2557070310014486,0.3641922450961086,2.3130884769329496
47938.0,33.1856489039,-1.5209503141470466,27.4943254632,-1.4346032395568469,-0.08634707459019975,0.828500462438414
47965.0,8.7460262239,-0.9418107751901771,24.4222862,-1.3877863163480337,0.44597554115785665,2.7923865736032165
47979.0,8.2444122599,-0.9161597004437988,7.8529033999,-0.8950302551438526,-0.021129445299946203,0.9525122170437472
4810.0,8.613792364,-0.93519439885729,31.9033234184,-1.5038359265396881,0.5686415276823981,3.703748833293795
4820.0,9.465970387950001,-0.9736404660370173,30.6932987024,-1.4870435658923509,0.5134030998553336,3.242488349791584
4828.0,3.819782356,-0.5820386183355309,10.266883992,-1.011438654851636,0.42940003651610514,2.6878191046338245
4831.0,47.537557291,-1.3544705973914604,20.26397167195,-1.2737315479242106,-0.08073904946724975,0.42627288457218343
4837.0,11.71918527395,-1.0665375554629595,15.5175778359,-1.190823932476451,0.12428637701349143,1.32411745980271
4842.0,3.4441423079,-0.5370810876883706,26.339469104,-1.4206070171129754,0.8835259294246048,7.647613469276183
4843.0,11.680472748,-1.0454464683458782,14.340407476,-1.1565614917825555,0.11111502343667734,1.2277249205050753
4848.0,5.1689018799,-0.7133982881316205,41.3319931782,-1.5383207331519388,0.8249224450203183,7.9962812486198
4849.0,54.46324221575,-1.7360720876481723,16.0328031359,-1.205009459972658,-0.5310626276755144,0.2943784189782139
4850.0,18.709536051999997,-1.0571711283484764,11.729186544,-1.069267893470831,0.012096765122354691,0.626909534870384
4855.0,20.758350765899998,-1.247591958485052,7.644800004,-0.8833661282970204,-0.3642258301880317,0.36827588521908056
4875.0,16.79441307595,-1.1525265859105494,16.00882972,-1.204359585215816,0.051832999305266636,0.9532235302063058
4883.0,8.7523534959,-0.9421248499192507,6.5519362361,-0.8163696621887684,-0.12575518773048233,0.7485913633594924
4890.0,9.72285762595,-0.9875743912381816,11.819152412,-1.0725863330604728,0.08501194182229121,1.2156048012525715
4891.0,14.306016788,-1.1555187303499246,19.4967552959,-1.2899623408836745,0.13444361053374987,1.362836041982981
4893.0,8.5207149,-0.9304760342150585,17.002401906,-1.2267846223252814,0.29630858811022287,1.995419645598047
4909.0,18.1744643279,-1.2589806608008511,6.0489132599,-0.7753224015076083,-0.4836582592932428,0.33282484428518677
4911.0,10.54969155395,-0.9972336258871667,14.15484818995,-1.1490442392317992,0.15181061334463253,1.3417309992015987
4913.0,59.914325078,-1.777530671446656,45.9640122295,-1.6624179315279586,-0.11511273991869753,0.7671623133476233
4915.0,18.66363388,-1.2404347220243164,22.0234139019,-1.306199955395439,0.06576523337112272,1.1800174630247302
4922.0,9.3764720759,-0.9720394645866933,8.5,-0.9294189257142927,-0.04262053887240058,0.906524322921756
4928.0,12.18048716995,-0.9605593566902166,13.28236699595,-0.8935754027750791,-0.06698395391513756,1.0904627056886858
4929.0,21.991779876,-1.3422603798402786,6.326501036,-0.8011635834939236,-0.541096796346355,0.28767571663920743
4930.0,32.9625167195,-1.5180203630877176,19.326443414,-1.286151939502427,-0.23186842358529058,0.5863157712883871
4933.0,17.388941109999998,-1.1827448722456655,22.006214352,-1.342545338898566,0.15980046665290049,1.2655292931750002
493570.0,173.18074230475,-2.2325129099829466,39.261442662549996,-1.5939307346608933,-0.6385821753220533,0.22670790146782466
4937.0,13.051524898,-1.115510627449905,5.6097560919,-0.7489439788595976,-0.3665666485903073,0.4298161429979444
4938.0,22.526604148,-1.323660141397496,26.122303791900002,-1.382019198847873,0.05835905745037695,1.159620137162096
49381.0,7.672526272,-0.8849383842026016,18.171192216,-1.2593834224012688,0.37444503819866715,2.3683453887038057
4944.0,23.2175051041,-1.3397406605062399,20.341544836,-1.3037187028446782,-0.03602195766156169,0.8761296592719546
4947.0,13.13254375795,-1.1183468587427476,35.019348874749994,-1.5442204531247201,0.4258735943819725,2.6666082002240015
4984721.0,15.22167125795,-1.1823953842682111,20.443274648,-1.3105496244693866,0.1281542402011755,1.3430374563714778
4990.0,10.5,-1.021189299069938,5.3971602559,-0.7321653136034341,-0.289023985466504,0.5140152624666667
4992.0,8.20247945795,-0.9070554248488478,15.43826778,-1.188598569588405,0.2815431447395571,1.8821464728006037
4993.0,4.534045368,-0.656485861395589,11.92436984395,-1.0744610272126955,0.4179751658171066,2.629962621924519
5002.0,8.475353824,-0.9281578379197437,31.33705090945,-1.4868610613451663,0.5587032234254226,3.697432763303829
5018304.0,16.754340216,-1.223945799133291,32.000254568,-1.5051534332273409,0.2812076340940499,1.9099680533788204
50294.0,11.9321654159,-1.076719265366746,4.179112772,-0.621084090597204,-0.45563517476954185,0.3502392588717548
5035.0,42.238469372,-1.6257081719467192,17.0102239161,-1.2307100305371184,-0.3949981414096009,0.40271875778188415
50367.0,8.281213736,-0.9180939938158965,40.46355145675,-1.603204931152391,0.6851109373364945,4.886186101059956
5037.0,9.6464136499,-0.961938070690544,10.235024683899999,-0.978630710087673,0.01669263939712895,1.0610186391919967
5042.0,8.56411222,-0.9115880868536835,9.63836502795,-0.957831836424439,0.0462437495707555,1.1254365636920625
50465.0,3.839244808,-0.5842458056245072,20.016983323999998,-1.1370582686506103,0.5528124630261031,5.213781440112844
50516.0,15.5548960439,-1.1918671129881837,15.1374716089,-1.180053341610423,-0.011813771377760629,0.9731644342834618
5053.0,15.76271023795,-1.196662038810835,22.29590657395,-1.3022494276313517,0.10558738882051655,1.414471638276443
5054.0,13.549600246,-1.1317972701811583,21.68476863195,-1.3359059848157413,0.20410871463458302,1.6003991437571448
5055.0,15.393549376,-1.1873387690637198,15.146607978150001,-1.1798996692578738,-0.007439099805846006,0.9839581248081094
50599.0,19.42454656,-1.2877642071326938,18.2311991399,-1.260815234903705,-0.026948972228988843,0.9385649792949401
5067511.0,15.6994500479,-1.162042653346519,7.894825272,-0.8973425226602152,-0.2647001306863037,0.5028727278925311
5078.0,10.96113588,-1.0398555615256364,14.515910395950002,-1.1612576499643872,0.12140208843875078,1.3243071297415574
50878556.0,11.8534067601,-1.0738431878547356,11.1795191159,-1.0484231228882654,-0.0254200649664702,0.9431481887158055
50896.0,9.2115401599,-0.8792902993043862,14.9207532799,-1.1737907492121011,0.29450044990771496,1.6197892014685606
50897.0,7.817353444,-0.8930597480462518,8.51752511195,-0.8971962654228287,0.0041365173765769425,1.0895663312354642
5090.0,17.75494904195,-1.207123995261962,11.34857088,-1.0549411744799806,-0.1521828207819813,0.6391778908059093
5094.0,11.61313432,-1.0649494492107052,17.82635569395,-1.228938609696821,0.16398916048611567,1.5350167493757187
50942.0,9.113583898,-0.9588541026623734,15.9759482639,-1.2034666454568421,0.24461254279446876,1.7529819709462446
51039.0,15.608631388,-1.1933648244783528,35.5475739089,-1.5508099658553365,0.3574451413769837,2.2774305462956326
5104.0,7.230639412,-0.859176704047584,15.8772071,-1.2007741096947167,0.3415974056471327,2.1958233837038144
51040.0,16.420878223949998,-1.2146517728619999,12.6354759839,-1.1015916066269373,-0.11306016623506254,0.7694762613531257
51051629.0,15.889761764,-1.2011173858571083,12.80805858995,-1.1029284549401677,-0.09818893091694059,0.806057307855179
5111791.0,89.81315795135001,-1.950636470528648,7.548623491899999,-0.8606979518196365,-1.0899385187090116,0.08404808008186214
51173.0,8.45725996795,-0.8694365113567628,22.21802786,-1.3467055070112066,0.4772689956544438,2.62709529377108
5125.0,12.8353457959,-1.1084075734537622,7.341892841949999,-0.861630130332085,-0.24677744312167715,0.5720058468775514
51346588.0,8.405705308,-0.9245741601932241,9.9537057559,-0.9979847983049563,0.07341063811173221,1.1841606850559838
51369.0,7.2912487599,-0.8605723596170536,4.6120213081,-0.6638913051206824,-0.1966810544963712,0.6325420322325217
5143.0,6.8397036719,-0.8350372864501704,13.562676124,-1.1323453909481573,0.29730810449798695,1.9829332928150711
5144.0,8.865712488,-0.9477136431713327,18.990119872,-1.2785277061579667,0.33081406298663407,2.1419733493166717
5146.0,5.917343034,-0.6707307162514048,24.815087382,-1.3919208754193753,0.7211901591679705,4.193619879634648
5147.0,15.4868118079,-1.1899620209387873,17.931165835999998,-1.253225325010945,0.06326330407215774,1.1578345535814611
51556.0,6.32406156,-0.8009960888120661,13.63068032595,-1.1336915827632217,0.3326954939511556,2.1553680647520452
51576.0,12.87999587405,-1.0804094132703006,35.0999620443,-1.5453066468373347,0.46489723356703405,2.725153205601387
516871.0,23.846601639350002,-1.2421815515876617,11.04421637395,-1.0430589292990975,-0.19912262228856425,0.4631358606555327
516872.0,5.5160681559,-0.7416296236293403,6.9505990679,-0.8420222377801722,0.1003926141508319,1.2600640295688916
516900.0,4.1485162119,-0.6178927916010207,10.8341029679,-1.0347929588290203,0.4169001672279996,2.6115609568602927
516902.0,11.5999255999,-1.064455203739289,7.551094812,-0.8780099233298595,-0.18644528040942943,0.6509606244427202
516919.0,3.90915438,-0.5920828218925193,9.7458609159,-0.9888202092320026,0.3967373873394834,2.4930867314326943
517045.0,8.749473786,-0.9356716262378509,8.180441393999999,-0.867695982049637,-0.06797564418821389,0.9349638154341914
517055.0,4.50073781395,-0.5844394851319232,13.531349356,-1.131341106918753,0.5469016217868297,3.0064735861884007
517058.0,5.063850224,-0.704480851856796,6.4669654299,-0.8051140069811609,0.10063315512436488,1.2770846576879324
517121.0,11.96092810195,-1.0725731436390373,11.4857295059,-1.0600221868774629,-0.012550956761574472,0.9602707589244244
517304.0,3.8123494441,-0.5811927016957832,12.69299527795,-1.100340246274696,0.5191475445789129,3.3294417167328945
517321.0,21.5686289001,-1.333822538238994,9.6462623479,-0.9843590691861066,-0.3494634690528875,0.4472357697180871
517326.0,11.99697633195,-1.0781023098235636,6.18032039395,-0.7857323924734473,-0.2923699173501163,0.515156504684497
517383.0,13.0875631481,-1.1168587901829987,18.6829289799,-1.2714449629054332,0.15458617272243447,1.4275330532110797
517414.0,19.3915068759,-1.2590474351676784,18.1486278435,-1.2588437950733193,-0.00020364009435902553,0.935906010793588
517546.0,11.9018559399,-1.0756146892588772,25.099876549999998,-1.3990921170356798,0.32347742777680266,2.1089044159789156
51763.0,11.0661277359,-1.0439956789520841,14.207558337950001,-1.1521800059514713,0.10818432699938718,1.2838780354810815
517637.0,13.50041652,-1.1303471677207169,9.5907343879,-0.9818518635211507,-0.14849530419956614,0.7104028511781056
518872.0,15.712540289949999,-1.1109222084369534,7.6763925759,-0.8851571767444457,-0.22576503169250772,0.48855197404393913
5192.0,15.1873982239,-1.181483380591986,13.0452556879,-1.1154525957210857,-0.0660307848709003,0.8589526326748337
519382.0,6.125524635950001,-0.7848669835760895,27.172335688,-1.4341269712412827,0.6492599876651932,4.4359197461273245
520108.0,7.41522893395,-0.8691335476043687,16.5791535959,-1.219562355043383,0.3504288074390143,2.235824914318389
520196.0,11.60080897,-1.0640228684988022,13.47537869995,-1.1174533966348448,0.05343052813604254,1.1615895697272223
5206.0,9.3031151081,-0.9686283945465171,31.6231044,-1.500004501826764,0.531376107280247,3.3991952192945045
521196.0,23.71052536955,-1.360794243147593,16.9610935079,-1.2294538484594713,-0.13134039468812175,0.7153402652849739
5215.0,6.212854436,-0.7932911784348539,63.4363583729,-1.8023382439194353,1.0090470654845816,10.21050131245985
5216.0,11.8758808839,-1.0746658329350907,15.033759088,-1.1770675865120102,0.1024017535769195,1.2659068607181048
522105.0,20.0963790519,-1.3031178136671742,46.73168264045,-1.6696090330019655,0.36649121933479134,2.3253782444968256
522183.0,8.90646079795,-0.9478158082728111,49.37374978495,-1.6871396464228423,0.7393238381500312,5.543588065454053
5222465.0,8.84196048195,-0.8130792480697956,21.1617417,-1.3255514090895373,0.5124721610197417,2.393331404635842
522325.0,9.4908573279,-0.9773054448781744,8.609224056,-0.9349640105264448,-0.042341434351729546,0.9071070988172704
5237.0,11.9938933239,-1.0789601818164505,7.2657825321,-0.8612823951063356,-0.21767778671011484,0.6057901580316389
5238.0,6.391807502,-0.7738148799395199,16.763027919949998,-1.2222439438352892,0.4484290638957693,2.622580219242341
524314.0,11.283120262,-0.9553661850468331,41.4461932534,-1.6174846476736553,0.6621184626268222,3.673291810332385
525.0,11.44612771795,-1.0586258690406014,28.9836831097,-1.3755082058758803,0.3168823368352789,2.5321823959947016
5253.0,10.55776537395,-1.0128673241040755,10.9990651159,-1.041355773134559,0.02848844903048353,1.0417985933878446
5258.0,16.96056484,-1.229440311529797,3.4851164479,-0.5422172937211156,-0.6872230178086813,0.20548351312455462
5268.0,9.2520220939,-0.8843202227497301,14.43040930195,-1.1413933604346769,0.2570731376849468,1.5597032903179284
5271565.0,5.91727098,-0.7721214581436646,10.93564866,-1.038844548791444,0.2667230906477793,1.848089887544748
5271566.0,10.15261993395,-0.9983354724693865,13.941988045950001,-1.1433324188127574,0.1449969463433709,1.3732404183996378
5271569.0,27.8525051859,-1.4335427729395747,32.195162818,-1.505977312441372,0.07243453950179735,1.1559162309858726
5273621.0,94.55908614585,-1.9686990685370607,10.659887264,-1.027752611737307,-0.9409464567997536,0.1127325537765663
5280360.0,5.3997443079,-0.7323731953234857,35.2078790759,-1.546639863940496,0.8142666686170102,6.52028634474224
5280373.0,141.4515043125,-2.1506075704649352,34.1088285837,-1.5328189037461226,-0.6177886667188126,0.24113443508063012
5280378.0,145.3970736569,-2.1625556657565146,45.5598218795,-1.658352351501504,-0.5042033142550106,0.3133475848833764
5280443.0,70.21815426305,-1.8447363830974108,29.041283495949997,-1.4622362530766932,-0.3825001300207176,0.4135865404145495
5280450.0,17.3073829641,-1.2382314035093926,30.1356774559,-1.4790809589382283,0.24084955542883568,1.7412035960843537
5280531.0,15.5645094119,-1.1921354364183112,9.80213030995,-0.9897150506791808,-0.20242038573913046,0.6297744471441987
5280567.0,23.7930729399,-1.376450535969885,22.884776488,-1.3595466750983731,-0.016903860871511966,0.9618251726376703
5280757.0,7.077990944,-0.8499100026398199,16.5811327679,-1.217015848464491,0.3671058458246712,2.342632662161824
5280793.0,13.1480984959,-1.1188629488371526,15.10789170205,-1.1774463715316992,0.05858342269454653,1.1490552574397832
5280795.0,10.948138413999999,-1.022921136780236,16.9848365,-1.2300613706061319,0.20714023382589586,1.551390369551826
5280805.0,25.397741328,-1.4047950956592012,11.92197889605,-1.0720317364065852,-0.332763359252616,0.4694109898231971
5280863.0,12.4550475439,-1.0953453896817593,29.3684779999,-1.4678814401090305,0.3725360504272712,2.357957919982694
5280934.0,10.743215996,-1.0310446579923367,37.916583783,-1.578821649403417,0.5477769914110804,3.5293513410804924
5280961.0,221.4478309502,-2.3452644692868563,20.4409413454,-1.3105008920350398,-1.0347635772518164,0.09230590002932489
5280965.0,16.40429652205,-1.2131979254293719,14.738771512,-1.1672184466230258,-0.04597947880634612,0.8984701960360648
5281.0,11.854535312,-1.073884534662619,15.914634688,-1.2003269171645727,0.12644238250195383,1.3424933385528897
5281007.0,8.53414208,-0.9311598689013509,19.49164326595,-1.28163105785481,0.3504711889534591,2.283960482873751
5281025.0,18.532737674099998,-1.2505091502915808,19.8206027559,-1.297116857494409,0.04660770720282814,1.069491356563031
5281034.0,26.984845187199998,-1.1677787025746542,38.4865484407,-1.5852101308272153,0.4174314282525611,1.4262282467699954
5281042.0,5.4777832,-0.738604839727565,16.562169388,-1.2191172220340705,0.4805123823065055,3.0235167737197046
5281055.0,11.973018829899999,-1.076948635526299,40.5367871324,-1.6077877910352103,0.5308391555089114,3.3856780573307232
5281056.0,14.1367625519,-1.1503499634335046,13.157402024,-1.0786210864913135,-0.0717288769421911,0.9307224320770406
5281064.0,19.83091803195,-1.2285705478823377,7.8241783039,-0.8849551352755919,-0.3436154126067458,0.39454443265280537
5281078.0,24.7528262879,-1.3936247940235955,20.384284752,-1.3092954774408994,-0.08432931658269616,0.8235134248877476
5281080.0,20.281758488,-1.3071056069002702,13.7405832785,-0.9914768935262087,-0.3156287133740615,0.6774848091515249
5281082.0,10.132531328,-1.0057179551777569,15.821913659899998,-1.1865302589987097,0.1808123038209528,1.5614966436055413
5281098.0,11.410594616,-1.0573082764707142,18.14808007795,-1.258775526394319,0.20146724992360476,1.5904587524740086
5281107.0,14.0782223879,-1.1485478212930693,23.6651777779,-1.3713418379160132,0.22279401662294385,1.6809776920586101
5281167.0,9.055944282,-0.9533213087107674,7.447717496,-0.8720231947918684,-0.08129811391889896,0.822412027291667
5281168.0,14.837707109950001,-1.0940547595699703,24.18590832865,-1.3789357369940707,0.28488097742410035,1.6300300409913875
5281227.0,8.1147919519,-0.9092773898061143,15.165988454,-1.1802985423551475,0.27102115254903325,1.8689312731485412
5281233.0,17.2457581,-1.2366822901160035,14.98185355795,-1.1503228096097393,-0.08635948050626419,0.8687268759701553
5281250.0,25.437757692,-1.4054788261229765,9.243262344,-0.9658252794387115,-0.43965354668426493,0.3633678115782564
5281417.0,194.9790964818,-2.2892712239414834,322.162785037,-2.508075371010143,0.21880414706865947,1.6522939681745408
528143.0,12.276283857950002,-1.0655075865969046,8.2444116399,-0.9161596677837884,-0.14934791881311615,0.6715722555210385
5281565.0,63.7978905804,-1.8048063194039634,15.4163452739,-1.127710468985487,-0.6770958504184763,0.2416434953201448
5281567.0,44.0649253289,-1.6440930385163668,27.4282074549,-1.4300794536138806,-0.21401358490248623,0.622449879358157
5281575.0,69.7705258574,-1.843671996249983,15.74795579195,-1.1775213879176352,-0.6661506083323478,0.2257107223777609
5281607.0,71.954037025,-1.8570551653121805,41.8148845474,-1.6213309020177042,-0.23572426329447627,0.5811332661275372
5281613.0,19.528739044,-1.290674202124913,13.40867558395,-1.1122028677451528,-0.17847133437976015,0.6866124614466429
5281707.0,24.862261736,-1.3955406341521497,52.32704228955,-1.7101594918275733,0.31461885767542364,2.104677476457486
5281708.0,104.48648386905,-2.014224067677648,21.5457734479,-1.333362088961672,-0.680861978715976,0.20620632114391674
5281771.0,8.5374639399,-0.9313288823428223,6.3707849279,-0.8041929439294982,-0.12713593841332405,0.7462151492231803
5281872.0,21.2877223624,-1.3281291974478826,11.2004672,-1.0492361385764404,-0.2788930588714422,0.5261468093826289
5281874.0,27.3265561068,-1.42947293388323,12.21282309995,-1.063311864910363,-0.36616106897286693,0.4469214141810916
5281915.0,13.3505363279,-1.1232247800803112,23.52921066395,-1.303295913468428,0.18007113338811687,1.7624168861874536
5282164.0,26.66013959,-1.3640633992291031,5.1996726721,-0.7159760049472708,-0.6480873942818324,0.1950354631320218
5282169.0,22.397296198950002,-1.347220420661042,4.012657644,-0.6034321077367734,-0.7437883129242687,0.17915812731842676
5282175.0,28.48926732795,-1.453635766224219,15.403636352,-1.1876232572771057,-0.26601250894711326,0.5406820812442563
5282180.0,16.327048524,-1.212907683475734,10.22469661595,-0.9998488582750138,-0.21305882520072017,0.6262428019932796
5282182.0,15.0790846039,-1.1783749779036696,6.81377368995,-0.829725043741518,-0.3486499341621516,0.45186918628918027
5282184.0,7.9425726279,-0.8999611947616326,3.680555484,-0.565913369062199,-0.3340478256994336,0.46339588650045893
5282198.0,5.902066668,-0.7710041108537058,5.378976144,-0.7306996181706471,-0.04030449268305869,0.911371634136885
5282203.0,33.566142224,-1.525901430401915,5.5032174679,-0.7406166749486935,-0.7852847554532214,0.163951443426977
5282219.0,12.74628617595,-1.0790615969999942,7.0227256521,-0.8465057027169619,-0.23255589428303225,0.5509624964603923
5282230.0,60.6811586345,-1.7830538645300846,41.95716171995,-1.6227959663474811,-0.1602578981826035,0.6914363974602068
5282242.0,15.6281650239,-1.193907988462061,15.182174036,-1.1813339655142654,-0.012574022947795527,0.9714623574029356
5282367.0,7.3174728919500005,-0.8629979089851403,10.246469732,-1.010574261489516,0.14757635250437562,1.4002743683918812
5282381.0,24.43307418,-1.3879781135315807,24.433284322699997,-1.3858349281278466,-0.002143185403734149,1.0000086007474316
5282386.0,10.408268058,-1.006275409424527,6.539889377950001,-0.8115621662551823,-0.19471324316934469,0.6283359864971303
5282402.0,11.640029232,-1.0659540709736939,9.833074941900001,-0.9903697210635513,-0.07558434991014262,0.8447637669901688
5282430.0,10.67517648795,-0.9201856447766243,9.442610376,-0.9750920700584792,0.054906425281854854,0.8845390412663148
5282435.0,5.266935084,-0.7215579656264525,15.60851607,-1.1867621312345737,0.4652041656081213,2.9634912565024507
5282443.0,28.595862192,-1.4563031954650638,24.1119121079,-1.3822316518947602,-0.07407154357030366,0.8431958423217457
5282450.0,14.14407069195,-1.0923717550984895,13.354111515949999,-1.0889926961506406,-0.0033790589478488453,0.9441490930577997
5282484.0,14.225009512,-1.1478373190688607,18.50536328755,-1.1412143966070554,-0.006622922461805292,1.3009034033994256
5282485.0,16.43225623005,-1.2134921080997176,9.4263330039,-0.974342778008135,-0.23914933009158268,0.573648126704711
5282488.0,5.0475623799,-0.7030816948428088,11.6151714639,-1.0650256252663428,0.361943930423534,2.3011447090090473
5282494.0,294.83005483449995,-2.469288721313431,20.812706254,-1.312622543777175,-1.156666177536256,0.0705922137608495
5282521.0,16.174177196,-1.2088221967085329,14.62313990375,-1.0090697393221149,-0.199752457386418,0.9041040991789318
5282593.0,14.41529098395,-1.1526260111475948,8.901142488,-0.9494457532055682,-0.20318025794202654,0.6174792099521641
5282745.0,21.1474016519,-1.3252570139065984,35.2771572629,-1.5337111503912717,0.20845413648467326,1.6681556364978058
5283292.0,16.28600056595,-1.1078513063649589,5.35326196,-0.7174023525612827,-0.39044895380367617,0.328703289572048
5283345.0,21.7283655319,-1.3370270587101198,20.554709142,-1.2753777682412544,-0.06164929046886547,0.9459850586470978
5283748.0,36.504640773,-1.562348079086313,15.84593724395,-1.1999179137990192,-0.36243016528729366,0.4340800760781671
5284341.0,58.4895995091,-1.7670786476655382,30.44952795395,-1.4782837682038583,-0.2887948794616799,0.5205973063503805
5284342.0,10.66061744195,-1.0084102070738494,16.89924768,-1.2278673711404688,0.21945716406661941,1.5852034623717677
5284343.0,6.6280229079,-0.8213840007668177,5.54960922595,-0.7401774127589603,-0.0812065880078574,0.8372948167296421
5284344.0,60.0632562711,-1.7786088733547272,8.8178659999,-0.9453634948139391,-0.8332453785407881,0.14680965614151692
5284351.0,14.3050564839,-1.1554895769681013,29.7802101847,-1.4724191916538873,0.31692961468578607,2.0817960570947007
5284359.0,11.665536212,-0.967977791491347,9.0501656559,-0.9566565286841898,-0.011321262807157173,0.7758036571512553
5284360.0,9.9782135319,-0.9990527935231478,42.497907271,-1.6283675445671584,0.6293147510440106,4.259069735793454
5284361.0,18.07720784,-1.1670280756171623,14.83954697195,-1.161837224875025,-0.00519085074213721,0.8208981775998655
5284363.0,13.2557691519,-1.1224049322754204,9.55990166,-0.9804534248347805,-0.1419515074406399,0.7211880012733733
5284366.0,16.7745636999,-1.224651233151608,15.6247216239,-1.1938122885261229,-0.030838944625485087,0.9314532349949075
5284373.0,15.362063774000001,-1.1860116300009111,18.16939394,-1.2593404411823625,0.0733288111814514,1.1827443374340987
5284382.0,10.108269484,-1.0046768115872202,10.2283473319,-1.0098054672782675,0.005128655691047257,1.0118791696333451
5284409.0,11.2320994339,-1.0092574754280836,15.733619183950001,-1.1968138301611921,0.1875563547331085,1.4007727830884227
5284421.0,24.322670694,-1.3638831903281023,26.41371272,-1.4218294500703408,0.05794625974223844,1.0859709055928561
5284429.0,6.9242025039,-0.8403697606823122,18.8336520799,-1.2749345432964279,0.4345647826141157,2.719974187538868
5284441.0,12.716825804,-1.1043787223313912,11.183098588,-1.0485621535701843,-0.055816568761206886,0.8793938645037053
5284443.0,7.6493753079,-0.88362596960988,17.1816266841,-1.2350642786154242,0.3514383090055442,2.246147690825868
5284447.0,3.5619453479,-0.5516872516551469,9.021333428,-0.9552707346175937,0.40358348296244684,2.532698440563853
5284451.0,5.9630805159,-0.7073543082092453,9.96670237395,-0.9840400682412325,0.2766857600319872,1.6714016098516051
5284468.0,7.37165794595,-0.8349616876546121,48.1969378749,-1.6813516400352033,0.8463899523805912,6.538140839996445
5284469.0,4.1713392879,-0.6202755158755558,18.8352562079,-1.2749715321007629,0.654696016225207,4.515397791432672
5284472.0,10.035772416,-1.0015508041375853,20.4263505059,-1.3101907799104835,0.30863997577289815,2.0353540972426134
5284483.0,14.829538903949999,-1.166637771806159,7.94762129195,-0.8992779649575564,-0.2673598068486025,0.535931787456525
5284486.0,14.508292136,-1.1573179032054193,19.10508090195,-1.2447770578391502,0.08745915463373088,1.3168387238732122
5284499.0,17.651733238,-1.2119340047386555,12.58887571995,-1.0992470636284017,-0.11268694111025379,0.7131807143362633
5284503.0,13.1317135479,-1.118321400563302,29.56671233795,-1.4237592997637583,0.3054378992004563,2.2515502055463474
5284507.0,17.9715540119,-1.254585632457481,7.42419944,-0.838545637995997,-0.4160399944614839,0.41310837310362863
5284513.0,30.6733396439,-1.4867610635585171,26.26242245245,-1.4186703240857217,-0.06809073947279543,0.8561970348629059
5284514.0,23.878833594,-1.3730681970004799,23.812320252,-1.3768017147473937,0.0037335177469137726,0.9972145481169268
5284515.0,2.6184446919,-0.41804340494886083,20.922097916,-1.3206052302746274,0.9025618253257666,7.9902768161272375
5284516.0,21.6152288519,-1.334759838000191,18.16795326865,-1.2580490442746335,-0.07671079372555756,0.8405163504458116
5284517.0,8.4472675959,-0.9267162521537555,8.817391348,-0.945340116793763,0.018623864640007426,1.0438157958059295
5284529.0,11.7442656441,-1.0698258660105184,3.867152596,-0.5873913094646405,-0.48243455654587797,0.329280068519461
5284533.0,42.1769135439,-1.623164779779756,12.9524119119,-1.1123506473744578,-0.5108141324052982,0.3070971966314803
5284534.0,9.6317823041,-0.9837066581749069,9.50957878,-0.9781612805995525,-0.005545377575354338,0.9873124702945185
5284537.0,1.4659394639,-0.1661160364463011,11.242236901950001,-0.9968942329602739,0.8307781965139728,7.668963950285533
5284555.0,25.556283672,-1.4074977001088944,7.668952988,-0.8847360754779688,-0.5227616246309256,0.30008091498852263
5284557.0,7.0150774199,-0.8460324683579387,8.0964990339,-0.9079284033079493,0.06189593495001067,1.1541567611117565
5284584.0,160.26954977565,-2.2045090398113785,9.69979701195,-0.9864121238126395,-1.218096915998739,0.060521771138235925
5284587.0,54.0957219664,-1.7331629213016004,10.21690132995,-0.9848750592968807,-0.7482878620047198,0.18886708520677353
5284596.0,5.852845944,-0.7673670929590076,35.23251331345,-1.5130262356424642,0.7456591426834566,6.019723336399848
5284610.0,35.44391403965,-1.54791223222552,99.34876570450001,-1.9971564781196658,0.4492442458941457,2.8029851780297643
5284619.0,5.2149898799,-0.7172534699806032,22.168757306000003,-1.340381840557943,0.6231283705773398,4.250968423053795
5284627.0,13.62456147,-1.1324462484362545,15.0357911794,-1.1769922266939719,0.044545978257717334,1.103579826221005
5284629.0,12.5629673799,-1.0990922321166623,19.11191879155,-1.2723391895223704,0.17324695740570806,1.5212901708339968
52923.0,5.3097649679,-0.7250752978417033,21.96703276605,-1.3417604827874898,0.6166851849457865,4.137100775429974
52997.0,19.8354846559,-1.2974428163963312,9.007087307900001,-0.9539920982420829,-0.3434507181542483,0.45408960074090615
52999.0,11.374202178,-1.0480897123428718,16.136763232,-1.2078164268263663,0.1597267144834944,1.4187160540553563
53025.0,72.87413826010001,-1.4328188919134983,23.9842578374,-1.379926284315001,-0.05289260759849723,0.3291189221585875
5309446.0,9.0546591599,-0.956872107023283,10.45641563,-1.0128428304321824,0.055970723408899414,1.1548105174745729
5310993.0,10.58344481795,-1.024581947165503,9.6257570479,-0.9767538551855767,-0.047828091979926435,0.9095107702148437
5311.0,369.6971031694,-2.5678460475910305,18.17661550395,-1.2594519426584716,-1.308394104932559,0.049166237301083854
5311035.0,35.0712825124,-1.5449516477712657,25.3176700079,-1.4034237349443175,-0.1415279128269482,0.7218917642646384
5311051.0,248.3982124419,-2.3951484661848474,25.374583104,-1.404398915665322,-0.9907495505195254,0.1021528410150499
5311064.0,9.483732508,-0.9769792960507888,15.574674904,-1.1924189902350655,0.21543969418427666,1.6422516019786502
5311066.0,264.8007032787,-2.422919134202908,17.18166817265,-1.2248587640131074,-1.1980603701898007,0.06488528149627486
5311067.0,229.5397311235,-2.360857868584703,8.0343357,-0.9049499739741556,-1.4559078946105475,0.03500193914437087
5311071.0,26.96794538,-1.430847859907879,11.89148866995,-1.073425189094891,-0.3574226708129882,0.44094900454555874
5311093.0,22.221257928,-1.3467686403710781,10.45074015,-0.9724936232858377,-0.37427501708524047,0.4703037147519671
5311100.0,16.71360473395,-1.1819866910491261,14.5364310399,-1.1624577923595945,-0.01952889868953167,0.8697364375485348
5311217.0,16.7838573559,-1.2248917798456245,24.132848963999997,-1.3811936526355346,0.15630187278991015,1.4378607046202414
5311304.0,15.158984729950001,-1.072495245175805,41.994366944,-1.623191038750088,0.5506957935742831,2.7702625005638164
5311398.0,20.079194268,-1.3027462815814357,13.3546721159,-1.124626407286211,-0.17811987429522458,0.6651000004110325
5311429.0,5.6140622159,-0.7492772212432611,4.934971024,-0.6932846070251385,-0.05599261421812263,0.879037465958839
5311498.0,9.88098965795,-0.9763704734873384,3.491131636,-0.5429662245548286,-0.43340424893250984,0.353318013362267
53172.0,41.076194035,-1.6135901967029516,14.33563815195,-1.1563316214772952,-0.4572585752256564,0.3490011304293421
5318042.0,13.812289944,-1.1402656863699738,11.379257721950001,-1.0535984658758606,-0.08666722049411324,0.8238501919729178
5318432.0,9.9991408199,-0.9999626846793088,10.8029951759,-1.0335441821558855,0.03358149747657668,1.0803923427501083
5319879.0,21.10763208,-1.3244395155307465,14.968112524,-1.1751670393482199,-0.1492724761825266,0.709132718784816
5320.0,11.197557555900001,-1.0349502487835234,14.046933112,-1.1455594832100462,0.11060923442652282,1.2544640241298568
5320128.0,4.2867731599,-0.6321305028691134,7.519675546049999,-0.873440758870937,0.24131025600182354,1.7541575599081654
53232.0,23.5292654119,-1.371608368632107,21.5,-1.3324384599156054,-0.03916990871650161,0.9137556835550976
5324289.0,4.862101486,-0.6748688814399293,17.7451331239,-1.2490792617708653,0.574210380330936,3.649683819845302
5325.0,7.14253332595,-0.8481750208005648,13.05154354,-1.1156618765220798,0.267486855721515,1.82729893504054
53260965.0,9.850591708,-0.9934623185992468,30.242803724,-1.4806220508972305,0.4871597322979837,3.0701509737165122
5327.0,11.361187576,-1.0554237302083476,13.007045005950001,-1.1141702152192523,0.058746485010904737,1.1448666716344689
5328.0,6.669738168,-0.8241087852771577,22.672067252,-1.355491121150085,0.5313823358729274,3.3992439704418693
5329.0,6.514341008,-0.8130716108772291,10.8512483439,-1.0354797029478,0.22240809207057088,1.6657476681945294
53315792.0,7.4839179599,-0.874129018037217,12.8857337039,-1.1101091519892354,0.23598013395201844,1.7217898128953004
53316391.0,15.4057829279,-1.1876837742288469,10.450292438,-1.0062827516907888,-0.181401022538058,0.6783356929607539
53316400.0,20.497440364,-1.311699631534006,16.964847924,-1.2295499709034088,-0.08214966063059714,0.8276568987509119
53316406.0,7.53004054,-0.8767973143482307,15.713130951950001,-1.1958031648631322,0.3190058505149015,2.0867259437025556
53316409.0,33.0297279601,-1.5189049967639554,13.9224284639,-1.143714995079426,-0.3751900016845293,0.42151205364810546
53316418.0,5.3273313279,-0.7265097081240284,21.577074686,-1.3171864309889418,0.5906767228649135,4.05025956861323
5333.0,20.3884538319,-1.3093842920981622,18.5385588019,-1.2605960397592957,-0.04878825233886652,0.9092675175247651
5335.0,18.6256324039,-1.2701110274531575,7.2548239979,-0.8421440518491236,-0.42796697560403396,0.38950752600383765
5336.0,15.1742776879,-1.1811080273502432,7.2788942759,-0.8620654114082004,-0.31904261594204286,0.4796863762223229
5338.0,25.756613808,-1.410888766251231,25.231679364,-1.4019064471723377,-0.008982319078893353,0.9796194310357306
53395145.0,13.247657618,-1.076418660905076,13.21080806,-1.1209293827368625,0.04451072183178639,0.9972184095435912
5340.0,8.215507376,-0.9146343899004375,17.544172788,-1.2441328959440565,0.32949850604361897,2.1354947400147037
5342.0,11.178561568,-1.0483859231147015,7.6171719199500005,-0.8784600771343354,-0.16992584598036609,0.6814089517344599
5343.0,27.4611346783,-1.4387184780698368,9.949646105949999,-0.9893253817559694,-0.44939309631386737,0.36231737044035134
5344.0,17.236420527900002,-1.2309707379749244,7.692341776,-0.8860585719956341,-0.3449121659792903,0.44628417852469254
53462.0,35.585664338,-1.551117386096852,10.05578004,-1.002415765030028,-0.5487016210668239,0.2825795225989916
53477580.0,11.0554891679,-1.0435779633977436,25.55945096,-1.407551520550395,0.36397355715265145,2.3119240199893425
53518.0,6.4047309801,-0.8065008926581037,12.35483322005,-1.0915971641097082,0.28509627145160454,1.9290167312940127
5352539.0,21.658097424,-1.3356203029564422,10.61047734795,-1.000639953432965,-0.3349803495234771,0.4899080995079561
5352543.0,11.0738284679,-1.0442977920654344,8.9399560399,-0.9513353832617126,-0.09296240880372175,0.8073049050574052
5352624.0,13.91945627395,-1.0286116829705576,21.8173854519,-1.33880270446283,0.3101910214922723,1.567402132849889
5353.0,11.772489508,-1.0708683120585074,17.925773925999998,-1.1998787431256122,0.12901043106710475,1.5226833639408668
5353472.0,21.2400598939,-1.3056858197713368,11.343165124,-1.0547342542121516,-0.2509515655591852,0.5340458162859362
5353788.0,19.4164419919,-1.2881696496268444,13.754566256,-1.1384468996623909,-0.14972274996445356,0.7083978754572039
5354.0,18.685447804,-1.2668245396399704,11.4674628681,-1.0594673425510983,-0.20735719708887212,0.613710893546001
5354133.0,18.0,-1.255272505103306,18.950876114,-1.2699260034581075,0.014653498354801453,1.0528264507777778
5354198.0,75.613697162,-1.878600473583976,22.3557689801,-1.349389613057565,-0.529210860526411,0.29565766282005046
5354284.0,56.7385555729,-1.7538782755080564,72.6170458833,-1.8610385775061329,0.10716030199807647,1.2798536224631003
5354626.0,17.811932343949998,-1.2052635080418401,8.6245019279,-0.9357340236049594,-0.26952948443688074,0.4841979949934741
5354753.0,13.9159104699,-1.1400810167877604,15.78713338,-1.19830327818624,0.058222261398479525,1.1344664378336897
5355130.0,15.027850672,-1.176896870936955,6.853526198,-0.8356614314248858,-0.34123543951206914,0.45605498401508204
5355850.0,8.023975693899999,-0.8989917407633594,32.844616719150004,-1.5155825092468929,0.6165907684835334,4.093309597649853
5355856.0,8.9137032199,-0.9500581702364231,11.431494572,-1.0581030144669694,0.10804484423054628,1.2824629999436132
5356010.0,2.7056422959,-0.43227037940668284,7.69602726,-0.8862665973414262,0.4539962179347434,2.844436336489191
5356789.0,9.286577804,-0.9678557016521561,6.0877703479,-0.7844582609568377,-0.18339744069531838,0.6555450755258648
5357002.0,9.8609798361,-0.9939200707494202,25.742173393999998,-1.4083610151310313,0.41444094438161105,2.6105086737689733
5358159.0,24.904734616,-1.3686301647788734,12.5134014459,-1.0127787452663708,-0.35585141951250265,0.5024507042070944
5358941.0,27.190096342049998,-1.434250834061741,7.01637140795,-0.8328899458116111,-0.6013608882501299,0.2580487880471041
5359.0,12.51715135005,-1.085516480122023,11.7107155319,-1.068583431542222,-0.016933048579800936,0.9355735346168217
5359281.0,11.657774656,-1.0666156561814368,9.882766692,-0.9839317122012651,-0.08268394398017176,0.8477404121818015
5359421.0,9.3952601359,-0.9729088093457372,8.00826761595,-0.7879631677034393,-0.18494564164229788,0.8523731647780357
5359476.0,13.966021504,-1.1450727064047936,14.976473798,-1.1650877108816338,0.020015004476840126,1.0723507617191192
5359521.0,12.99147114,-1.1136583328904353,13.890700736,-1.142724154888218,0.029065821997782848,1.0692169182619606
5359657.0,14.050470504,-1.147690867577012,11.279785841999999,-1.0522180937256793,-0.09547277385133279,0.8028048483350633
5359885.0,14.721112648,-1.167940635995029,17.815612493899998,-1.2470250259118703,0.07908438991684119,1.2102082851951013
5360515.0,24.009080372,-1.380375525445837,28.0217342561,-1.4474950101270216,0.06711948468118467,1.1671306781404114
5361.0,15.260888812,-1.1835798281736525,22.450886468,-1.351233493693912,0.16765366552025962,1.4711388533508176
5361251.0,9.723540644,-0.9878244338726341,15.2685081599,-1.1837925174089898,0.19596808353635575,1.5702621831813468
5362.0,16.027430812,-1.2048639107760801,14.495413728,-1.1612306154980652,-0.04363329527801496,0.9044128093909505
5362115.0,32.72200049795,-1.4960840469344872,22.6958764121,-1.3559469578913763,-0.14013708904311084,0.6935968481976483
5362118.0,4.8342296119,-0.6843272742911032,9.0939884499,-0.9585573430501926,0.2742300687590894,1.881166014025094
5362376.0,7.4216276719,-0.8694031502802924,11.09271439195,-1.0391609354553377,0.16975778517504536,1.4946471154770515
5362620.0,8.265241428,-0.912821252571989,9.2870755359,-0.9678789778718349,0.05505772529984587,1.123630279502587
5362708.0,18.445977422,-1.252245599489061,14.5055727441,-1.1615348813421602,-0.09071071814690068,0.7863813563384074
5362833.0,15.9179316279,-1.2018866349501218,18.440136856,-1.2657641399055204,0.06387750495539857,1.1584505629914397
5363388.0,13.32020021395,-1.0255993143782085,7.8116311539,-0.7697352349609438,-0.25586407941726474,0.5864499803628344
5364420.0,21.209517928,-1.326530797531708,20.563427052,-1.3130954948438356,-0.013435302687872408,0.9695376916065096
5364495.0,11.2419775079,-1.0508427120541715,10.6357452759,-1.0264859109338365,-0.024356801120335003,0.9460742354648917
5364509.0,3.068105044,-0.48687022465392904,13.3805318639,-1.1264733765832318,0.6396031519293027,4.361171365389535
5365049.0,11.8362736199,-1.0732149962181645,20.4534580359,-1.310766744076778,0.23755174785861355,1.7280318698878476
5365125.0,18.8664883479,-1.2756910717041727,14.9110731041,-1.1735088994167027,-0.10218217228747006,0.7903470338060941
5366352.0,18.519331156,-1.267625297653486,22.5723315919,-1.3535764215144777,0.08595112386099157,1.2188524197639226
5366415.0,5.434520124,-0.735161201283423,17.642663088,-1.2465641407237766,0.5114029394403536,3.2464068004985824
53672.0,9.07178258,-0.9576926331011063,13.1549347761,-1.119088699137793,0.16139606603668677,1.4500937010000519
5367650.0,12.45716834,-1.095419333328522,18.4910941199,-1.2669626091676587,0.17154327583913664,1.4843737850539476
5368076.0,9.0,-0.9542425094393249,27.73115631095,-1.4266121015329567,0.47236959209363183,3.0812395901055556
5368821.0,18.07644158,-1.257112941943016,21.235482784,-1.3270621390278392,0.06994919708482317,1.1747601257702844
53708.0,94.3508688254,-1.9747459036990387,7.94104278195,-0.8797421766393788,-1.0950037270596598,0.08416502021454846
5371002.0,12.15397148,-1.084718212915267,8.7077913779,-0.9280715516813467,-0.15664666123392035,0.7164564597036557
5371102.0,30.118189096,-1.4788288556675164,21.407886892,-1.3305738015104671,-0.14825505415704932,0.7107959520329589
5371560.0,15.154653608,-1.180546014088436,20.5180558949,-1.3121362085783905,0.13159019448995446,1.3539112424231663
5371562.0,10.19112062,-1.0082219418399503,8.46220063595,-0.9253417419982541,-0.08288019984169614,0.8303503561073542
5372174.0,14.2527697519,-1.1538992693325822,20.57331742745,-1.2419769160162928,0.08807764668371054,1.4434610104262313
5372405.0,35.2384470024,-1.5130185574339006,9.475096916,-0.9765836608426164,-0.5364348965912842,0.26888520130738663
53735.0,16.19445502,-1.2093663376015744,17.562911768,-1.2322749555131378,0.0229086179115634,1.0845015621896488
5377323.0,10.001185308,-1.0000514742217954,22.74320099595,-1.3474575537318505,0.3474060795100551,2.2740505545635274
5377793.0,16.290817552,-1.2119428798525762,24.0,-1.380211241711606,0.1682683618590297,1.473222563778179
5378708.0,17.8037848939,-1.2294482638138424,8.169062356,-0.9121722111243052,-0.3172760526895372,0.45883852252106877
5379.0,6.916924412,-0.8399130297439309,25.1956364559,-1.4013253333524023,0.5614123036084714,3.6426068806229424
5381.0,10.473383498,-1.019008757652181,19.73006549905,-1.2925792977045862,0.27357054005240533,1.8838291849828335
5382.0,5.674647016,-0.7539388519847756,15.86387386,-1.2004092479620128,0.44647039597723714,2.7955701588611377
5383.0,13.1235940519,-1.118052788024093,10.05081216,-1.0022011565182325,-0.11585163150586042,0.7658582031912873
5386.0,7.63270173995,-0.8619027286657341,24.382048433999998,-1.3687936544518307,0.5068909257860965,3.194419127683577
5387.0,6.86550273995,-0.7653084815444184,12.4995538959,-1.089022526498518,0.3237140449540996,1.8206319871035448
5391.0,19.471057574,-1.2882028955245566,9.220376068,-0.9647486348200559,-0.3234542607045007,0.4735426431234074
5394.0,37.067779891,-1.5689965755099708,7.867425164,-0.8958326205377303,-0.6731639549722406,0.21224430454520418
53948566.0,7.57274473795,-0.8743501252157385,17.4191588639,-1.2410271799720787,0.36667705475634016,2.300243764537018
541.0,94.4030047859,-1.9749858178273847,27.8534677319,-1.4448792721516193,-0.5301065456757654,0.29504852938812587
54158.0,4.5736315961,-0.6602611794608255,10.4148717079,-1.017653924605967,0.3573927451451415,2.277155798202222
5424.0,12.796381548,-1.1070871809057055,24.282799648,-1.3720313139184435,0.264944133012738,1.8976301665368256
5426.0,9.5050719919,-0.9779554105824727,16.78105488005,-1.224799910902828,0.24684450032035532,1.7654842482361441
5429.0,19.13114479995,-1.2540502315608348,6.9121420819,-0.8241108867501052,-0.4299393448107296,0.36130310831780776
5430.0,83.607724927,-1.9222464058861088,17.915632584,-1.2532321472992434,-0.6690142585868655,0.21428202477274183
54339.0,199.5400603271,-2.3000300991829064,7.033189932,-0.847152345737841,-1.4528777534450654,0.03524700714468415
54362.0,8.130963188,-0.9101419948506821,14.7445230868,-1.1686307298128258,0.25848873496214364,1.8133796385353895
54384.0,19.7293277879,-1.2951122883449913,26.271246864,-1.4194806853975823,0.12436839705259106,1.3315834754447213
5443.0,15.107095588,-1.1649313102344574,9.58560688,-0.9816196139581246,-0.18331169627633281,0.6345102421681983
54454.0,83.75627947539999,-1.8289538650079051,26.654003436,-1.425762449369444,-0.40319141563846106,0.3182328967206397
5447.0,12.5310878039,-1.0979887730472417,13.6876427879,-1.1363286627174247,0.03833988967018298,1.092294859161393
5447130.0,13.2362513679,-1.1217650061952267,17.898581644,-1.2528186170921798,0.1310536108969531,1.352239478271536
54477.0,6.79996857995,-0.8256365702792687,19.2335246281,-1.284058877908258,0.4584223076289893,2.828472573360247
5452.0,10.8575521639,-1.0357319245587433,8.79523602195,-0.8503228374628728,-0.18540908709587045,0.8100569897506971
5453.0,8.64447754595,-0.9367163690530831,14.34254906195,-1.1563934639250175,0.21967709487193443,1.6591574199495247
5455.0,140.7564413226,-2.14846827824347,72.61877246,-1.8610489033712259,-0.287419374872244,0.5159179343953778
5458213.0,9.790355232,-0.9907984499745892,16.5316859639,-1.2095001109735457,0.2187016609989565,1.6885685526369674
5459110.0,7.050919232,-0.8482457398794794,11.114963572,-1.0459080436877028,0.19766230380822347,1.5763850366567354
5462328.0,7.4636898039,-0.8240895417455545,30.07005173,-1.4781341752250345,0.65404463347948,4.028845319145967
5462355.0,31.545483678000004,-1.4987788085518008,11.54648472795,-1.0499277433408558,-0.448851065210945,0.36602655536401185
5462653.0,19.855056986,-1.2974091448366485,25.1234575509,-1.3932767665274197,0.09586762169077123,1.265343009018549
54670067.0,7.56709796,-0.8789293561708277,36.0707424676,-1.5571550817767235,0.6782257256058958,4.76678677324801
54675783.0,17.227054963900002,-1.2192241415142209,9.591652936,-0.9818934558803041,-0.2373306856339168,0.556778448556628
54675810.0,4.7376402759,-0.6755620821101457,30.30531356595,-1.479250377285347,0.8036882951752012,6.396710556542406
54676038.0,30.084547452,-1.4783434829848157,29.9343060918,-1.4761691952027625,-0.002174287782053197,0.9950060289110312
54676228.0,12.494932492,-1.0957651048516908,10.636047992,-1.026780288288502,-0.06898481656318878,0.8512289281122432
54676478.0,11.6751607679,-1.0672628695491662,7.3539068879,-0.8665181267121702,-0.20074474283699595,0.629876284711987
54676538.0,3.6079226220000002,-0.5279505901973038,24.0618643,-1.3813292732048228,0.853378683007519,6.6691741539239695
54677470.0,32.51897193795,-1.5118439900466842,15.156962426,-1.1796380889161129,-0.33220590113057136,0.4660959902090772
54677971.0,9.12429724595,-0.91009809961379,18.4279964319,-1.2654781194908715,0.35538001987708157,2.0196620008274753
54678486.0,9.84170673595,-0.9528103991367964,12.86683812,-1.1094718370562735,0.15666143791947706,1.3073787367591168
54678504.0,9.696316608,-0.986606787810498,22.132335964,-1.3450272540870223,0.35842046627652424,2.2825508756324635
54679224.0,4.19524952,-0.6227577963772231,12.030022844,-1.0802664520292649,0.4575086556520418,2.8675345260512657
5468.0,47.64648985295,-1.6567244947415398,18.7997924799,-1.2741530553630558,-0.38257143937848404,0.39456825755520003
54680085.0,9.1946560879,-0.9635354897545715,28.681699776,-1.4576048855404837,0.49406939578591225,3.1193879903506767
54680660.0,8.80408974,-0.9446844606632477,14.735683819950001,-1.1496026107072508,0.20491815004400304,1.6737316696126727
54680691.0,7.5,-0.8750612633917001,13.917233800049999,-1.1429389780609935,0.26787771466929344,1.85563117334
54680694.0,27.347323876,-1.4369148340423878,10.358499808,-1.0152968623315712,-0.4216179717108166,0.3787756291975104
5468154.0,5.4036036,-0.7326834823472247,19.93126183795,-1.2830508650800265,0.5503673827328018,3.688512946795357
54682461.0,3.863470748,-0.5869776283630385,13.0543007718,-1.1157536146437217,0.5287759862806832,3.3789050372797074
54682468.0,6.0626114079,-0.7826597323759533,240.1242666132,-2.3804360514508986,1.5977763190749452,39.6073986038923
54682536.0,3.546230552,-0.5497669670817391,19.11996169195,-1.27524807215973,0.7254811050779908,5.391629622379385
54685920.0,9.43301147395,-0.9743194971143834,9.44642097595,-0.9596685807186391,-0.014650916395744229,1.0014215504812043
54685925.0,40.9171454004,-1.6119053273837525,5.06667119,-0.6821314820062656,-0.9297738453774869,0.12382758231101988
54686764.0,5.36081691995,-0.7291517579685252,8.64255196,-0.9165537715487164,0.18740201358019126,1.6121706988047277
54686904.0,15.9737779109,-1.2034076419882067,6.610460176,-0.8202316932135021,-0.3831759487747046,0.4138319821943456
54687772.0,5.24389611995,-0.7165795691630087,15.2232360119,-1.1825069804719734,0.46592741130896476,2.903039202852316
54693468.0,8.01263782,-0.9037755125987285,20.740660698,-1.291194540228194,0.38741902762946545,2.588493472927246
54704426.0,9.9485507219,-0.9750632978109621,54.40814967595,-1.7344634537528032,0.7594001559418411,5.468952332542261
54724367.0,15.9875654999,-1.2037823367634493,11.904643833600002,-0.9786723899973324,-0.22510994676611684,0.744618924855974
5472495.0,12.629588564,-1.101389202709334,36.581832300100004,-1.5577677937390986,0.45637859102976464,2.896518133961597
54727588.0,15.8617362919,-1.2003507252715124,11.6670240639,-1.0669600936250896,-0.13339063164642284,0.7355452044589794
54738.0,24.212490468,-1.3840394627536694,9.582561552,-0.9693407899328867,-0.41469867282078265,0.39576934742275355
54739.0,3.7762271681,-0.5770581124493189,13.6336052719,-1.134610715897049,0.5575526034477302,3.610377412426625
54744.0,6.1516459641,-0.788991333252719,11.416714474,-1.057492667091207,0.26850133383848807,1.855879636218677
54745.0,25.8247294319,-1.4120357800716827,7.6226907039,-0.8821082983198618,-0.5299274817518209,0.29517020590674886
5475.0,9.1601997639,-0.9619049447828573,25.0010558439,-1.397958350171906,0.4360534053890487,2.7293133870757074
5475158.0,9.288608018,-0.9058028683639164,18.72461579,-1.1860819770996434,0.2802791087357269,2.015868874401241
54765.0,5.857499812,-0.7677122833300565,7.95527910995,-0.8856381508455855,0.11792586751552903,1.35813561507119
54778.0,15.750556524050001,-1.1971107901748872,5.4845152239,-0.7391382463337872,-0.4579725438411,0.3482108848360709
5478883.0,14.697507262000002,-1.1216528338369083,22.4609609959,-1.35142833368359,0.22977549984668166,1.528215675999167
5479.0,8.6920339959,-0.9391214162452316,15.1850872959,-1.1814172929298645,0.24229587668463293,1.7470119540561797
5481119.0,5.87194478795,-0.7336040420831935,16.74347655595,-1.2237359933911525,0.49013195130795895,2.8514363061297523
5483.0,13.56369810195,-1.0692503512932614,12.3909472279,-1.093104507354742,0.02385415606148067,0.9135375275064993
548353.0,8.7801090199,-0.9434999084399341,10.839552065949999,-1.0347284361643685,0.09122852772443435,1.2345577989273595
5484.0,7.18945652795,-0.8289385744238381,16.704457159,-1.1126114131616356,0.2836728387377975,2.3234659106789404
54840.0,9.7860233279,-0.9906062466953449,11.08835188,-1.044866999475295,0.05426075277995013,1.1330804667496606
5484366.0,11.40346358,-1.0570367798646034,9.0216187161,-0.9552844684064553,-0.10175231145814811,0.7911296995697513
5484438.0,35.617080098,-1.5516583129569712,17.0899445992,-1.2324064528310905,-0.3192518601258807,0.4798244143589875
5485193.0,6.1079935239,-0.7858985679168025,18.3379907719,-1.2633517498466185,0.477453181929816,3.0022937483717325
5485221.0,16.43873927195,-1.2054634797337664,10.4244566879,-1.0180534292481158,-0.18741005048565063,0.6341396694384963
5486830.0,10.3361575039,-1.0143591185451146,6.98234212,-0.8440011245108178,-0.17035799403429686,0.675525901899758
5486971.0,25.4908728719,-1.4063847070643682,9.53960487795,-0.9794842803528653,-0.42690042671150297,0.3742361011288097
5487426.0,4.4103674199,-0.6444747712792319,34.087900039,-1.5326002476482066,0.8881254763689747,7.7290386023604585
54889.0,18.63606629395,-1.2659371642198605,4.1555012361,-0.6186234158321198,-0.6473137483877407,0.22298167277120273
54891.0,9.5879182,-0.9817243201634349,12.91443746195,-1.0437035167538662,0.061979196590431274,1.34694906574714
54900.0,30.1954967081,-1.479942178034837,27.29803950195,-1.4360736309821898,-0.0438685470526472,0.9040433997771347
5497.0,6.4318396519,-0.8083352087560882,18.789861724,-1.2739235841066596,0.4655883753505714,2.9213821769405235
5502.0,27.365591712,-1.4372048431044406,15.8034574799,-1.1987521122818765,-0.23845273082256413,0.5774937244631212
5503.0,14.6557468399,-1.1660079544826143,11.68777785795,-1.0653584983540387,-0.10064945612857557,0.7974877012838567
5505.0,9.85427134395,-0.9920346289352671,10.770971891950001,-1.028976843337999,0.03694221440273204,1.0930257059100374
5507.0,44.06281159535,-1.545293888470168,43.3353074335,-1.636841881924431,0.09154799345426312,0.9834893840063812
5510.0,15.492421714,-1.1882785526325146,16.27496275195,-1.1960281902865209,0.0077496376540062695,1.0505112146051925
55182.0,20.5,-1.3117538610557542,14.165133016,-1.1512206570663799,-0.16053320398937432,0.6909820983414634
55245.0,48.5429664021,-1.686126312018564,18.8875743959,-1.2761761879845517,-0.40995012403401243,0.38908982692666494
55250378.0,9.640575776,-0.984102972582525,4.9296725199,-0.6928180698808372,-0.29128490270168783,0.5113462758284947
55251.0,13.001389366600002,-1.106428975328026,8.27463209395,-0.8408189243852555,-0.26561005094277057,0.6364421417304189
5526.0,7.79671680395,-0.867976501488772,26.3821051119,-1.4213094463280869,0.5533329448393148,3.3837454630305674
55283.0,12.427545452,-1.094385360184941,12.27114488,-1.088885083661886,-0.005500276523054959,0.9874150070418909
55329.0,11.4357420079,-1.0582643490461063,24.476594173949998,-1.3707998600314193,0.31253551098531296,2.140359073949129
5536.0,6.5901562479,-0.8188957115282048,26.083577908,-1.4163671637133988,0.5974714521851939,3.957960468131801
55361.0,11.836625176,-1.0732278952615506,4.993995812,-0.6984481738130757,-0.37477972144847493,0.42191044641050646
55397.0,14.504122576,-1.1614914613753362,6.3636789,-0.803708257794731,-0.3577832035806052,0.43874966352876743
5541.0,7.698568236,-0.8864099634812844,12.09730924995,-1.0774338965499188,0.1910239330686344,1.5713713094573394
5543.0,12.0,-1.0791812460476249,19.941450366,-1.2896337233258413,0.21045247727821637,1.6617875305
5546.0,75.85958252585,-1.8791576544132544,106.9651602489,-2.0292423461384126,0.15008469172515815,1.410041509422365
5556.0,23.4862276599,-1.3708132663283072,17.71200083995,-1.2459360955971386,-0.12487717073116866,0.7541441348706324
5560.0,10.821749108,-1.0342974610071873,21.774319432,-1.3278183950912914,0.29352093408410407,2.0120887311925655
5564.0,10.58940406795,-0.9665459065033786,18.824004698,-1.2745921422063609,0.3080462357029823,1.7776264440576905
5565.0,15.991763742,-1.157412226119892,15.3766137679,-1.186860705827344,0.029448479707451902,0.9615333252776616
55652.0,7.394811924,-0.8689271328416768,38.237205223,-1.5824861419569598,0.713559009115283,5.1708151087521825
5569.0,9.62232780395,-0.9788094779627485,13.192222516000001,-1.1083681348901868,0.1295586569274383,1.3710011532328534
5576.0,10.5086856521,-1.0215484011152678,13.3398044479,-1.125149463177199,0.1036010620619312,1.2694075062787937
5578.0,16.99385348,-0.9882677829004891,16.835376568,-1.226222834984602,0.23795505208411294,0.9906744569625419
5597.0,22.074586984,-1.3438925866664695,22.5768676,-1.3536636861096238,0.009771099443154352,1.0227537945042442
56031.0,10.13128502795,-1.0011295090140688,7.062934748,-0.848985193973886,-0.15214431504018278,0.6971410564913442
56069.0,9.504605508000001,-0.9690417261857236,26.2289718839,-1.418781267567103,0.4497395413813794,2.7596065782870363
5610.0,6.62602044,-0.8212527712630432,17.672237676,-1.2443831730120953,0.42313040174905214,2.6670967643438184
56205.0,42.751699689,-1.6309533857514371,31.944899584,-1.504401527303556,-0.12655185844788108,0.7472194045239192
56207.0,3.2675150879,-0.514217601631797,35.5769997104,-1.551169320247099,1.036951718615302,10.88809041529629
5625.0,6.7964235639,-0.8322804369616211,9.17949391795,-0.9614849953738017,0.1292045584121806,1.3506359383938276
56330.0,13.296161416,-1.1237262788266609,38.3377529,-1.583626653880329,0.4599003750536681,2.8833699968372883
5634.0,14.32001588,-1.131966448836133,14.656981928,-1.166044552368199,0.034078103532066084,1.023531122508783
5639.0,11.1936201119,-1.0489705637726823,13.2829435319,-1.1232943263879656,0.07432376261528328,1.1866530576447587
5641.0,4.823398636,-0.6833531562326445,24.79547702,-1.3943724677455391,0.7110193115128947,5.140665097621427
5656.0,14.0868722999,-1.1488145776601468,20.933863735,-1.3208493928837186,0.17203481522357178,1.4860547671145288
56638112.0,14.5,-1.1613680022349748,36.8331438871,-1.5662387895729963,0.4048707873380215,2.5402168198
56649463.0,196.4745712629,-2.293306349750477,6.83496038795,-0.8267419919345729,-1.466564357815904,0.03478801528368895
56704.0,17.31846468795,-1.23336806574824,5.2265842039,-0.6889001909332444,-0.5444678748149956,0.30179258370036693
568.0,16.08395384,-1.2063928180330836,10.160807752,-1.0069282343546075,-0.19946458367847608,0.6317356946605115
56846451.0,20.135733008,-1.303967444002312,17.73005511515,-1.2458767580909937,-0.05809068591131816,0.8805269273338987
5694.0,3.118161884,-0.49389865848042847,27.9132318864,-1.445810123452814,0.9519114649723855,8.951822555983753
56972160.0,10.241591854,-0.910852154301379,8.854159714,-0.9268359471634111,0.01598379286203211,0.8645296395542146
5702159.0,8.196111104,-0.9136078369335342,18.62211561,-1.261664152489104,0.3480563155555697,2.27206724917525
5702161.0,10.1806147199,-1.0077740021068624,13.948884604,-1.1406057244832168,0.13283172237635443,1.3701416847387595
5702214.0,23.3793511361,-1.368832453706843,16.8273534199,-1.1653348769182332,-0.2034975767886098,0.7197527990379906
5702242.0,25.15606664,-1.4006427365313845,34.740996958400004,-1.5396101886735165,0.13896745214213202,1.38101864077428
5702285.0,21.5,-1.3324384599156054,16.3904190359,-1.2145900568440051,-0.11784840307160027,0.7623450714372093
5702293.0,28.2928376359,-1.451676507294763,15.285083334,-1.1501579733150225,-0.3015185339797406,0.5402456809282777
5702746.0,68.3323471799,-1.8280561196190894,9.23242037795,-0.928596712018144,-0.8994594076009454,0.13511054074644346
5707.0,11.342784166,-1.0411518005862406,13.4461094119,-1.1285966408166002,0.08744484023035959,1.1854328897665811
5717.0,15.4605642539,-1.1812940055872598,8.62927064,-0.9359740899899079,-0.2453199155973519,0.5581471994350546
5719.0,14.7795270745,-1.1673664261791674,8.129891076,-0.8514637454730261,-0.31590268070614136,0.5500778905183634
5720.0,10.95612802195,-1.018948939448074,10.83461846,-1.0348136222885864,0.015864682840512456,0.9889094430343855
5723.0,16.00711747795,-1.1509560219679364,12.3632098479,-1.0921312408378407,-0.058824781130095705,0.772357038356873
5724.0,22.57558376995,-1.2980937208796561,13.801885916,-1.1389319350589195,-0.1591617858207366,0.6113634117568854
57242.0,4.3932784801,-0.6427887330940333,3.4877664399,-0.5425473944776074,-0.10024133861642592,0.7938869470028704
5732.0,104.5138912882,-2.0191740178046516,12.765130589950001,-1.0883540779630057,-0.9308199398416459,0.12213812377102862
57331769.0,113.2916321825,-1.6719932552663779,24.472289533999998,-1.3835486630542715,-0.2884445922121064,0.21601144817631288
5734.0,28.12977533,-1.4491019102279568,4.345869716,-0.6380767025481513,-0.8110252076798055,0.15449358073490166
57358854.0,14.30787189,-1.1497245083782173,21.69069218,-1.3362734111731602,0.18654890279494296,1.5159970921433796
57363.0,6.357909648,-0.8020779761602127,21.2869541119,-1.328113523954598,0.5260355477943853,3.34810579112212
5741.0,48.419786883,-1.685022873586904,29.661673143949997,-1.472055469271384,-0.21296740431551986,0.6125940458107241
5742631.0,134.178463808,-2.127682815386565,29.148461428,-1.4646156359058646,-0.6630671794807004,0.21723651173790012
5743.0,191.6916005754,-2.2826030836465923,5.99006209195,-0.7729537843175581,-1.509649299329034,0.031248432763718657
5745.0,14.58764572395,-1.1355110253916754,7.466944128,-0.8731429016976041,-0.26236812369407125,0.5118676631789028
5748.0,18.693623725949998,-1.2651852799878718,4.5193307399,-0.6550741256324656,-0.6101111543554062,0.2417578745648113
5753.0,141.6142153144,-2.151106850265726,21.192541249,-1.3255882887648105,-0.8255185615009153,0.14964981588853984
5754.0,171.4124344665,-2.2340423229799002,23.778561204,-1.354679582740538,-0.8793627402393622,0.13872133184507782
5755.0,191.0630220596,-2.2810506537766715,15.6201109959,-1.1936841156319098,-1.0873665381447617,0.08175371051666648
5756.0,8.069445656,-0.9068437011645242,16.1412456039,-1.2079370457532908,0.3010933445887666,2.000291753857745
5757.0,8.714802728,-0.935055407101504,34.006506064,-1.531562013436005,0.596506606334501,3.902154429123183
5758.0,5.9505489159,-0.774557029619426,26.59973866955,-1.3305102913425677,0.5559532617231417,4.47013192320374
576026.0,14.222606894,-1.152922467864809,14.41938998,-1.1589468877118612,0.006024419847052265,1.0138359365105574
5761.0,5.1980664359,-0.7158418258691853,10.20403258595,-0.9889536530611203,0.27311182719193494,1.9630438956063976
5765.0,19.9615492759,-1.3001942451609212,6.924988156,-0.8404190349511804,-0.45977521020974077,0.3469163670758103
5770.0,16.9848465119,-1.230061626605749,29.8681833115,-1.4752088080817107,0.24514718147596182,1.758519471493229
57782.0,13.690313164,-1.1364133826731841,9.1540625759,-0.9616138768781698,-0.17479950579501435,0.6686525330897097
5780.0,9.07264206795,-0.9040314452998177,13.89414562795,-1.1395147329062723,0.23548328760645454,1.5314332389494827
5784.0,13.7205172259,-1.096603382466218,10.848673678,-1.035051512275185,-0.06155187019103292,0.7906898478667506
5787.0,9.351516156,-0.9706773144191922,17.64342361,-1.2254061955013942,0.25472888108220193,1.8866912397600737
5789.0,22.774570336,-1.3529540552873711,3.535724496,-0.5484784173907001,-0.804475637896671,0.15524879037612593
5793.0,9.686573472,-0.9861701769088053,11.142958636,-1.0470005183682505,0.060830341459445214,1.1503509128599319
5794.0,14.15025563395,-1.1506726485402856,13.53910076595,-1.1302992855085714,-0.02037336303171422,0.9568096235283774
5795.0,7.3146008819,-0.864094932052502,14.27406723795,-1.1299178833473977,0.26582295129489575,1.951448543593297
5798.0,29.9530703934,-1.4764413471448448,14.264163668,-1.1542463133207947,-0.32219503382405,0.4762170782713158
5803.0,27.373101066700002,-1.3705766742739078,16.3734248434,-1.21413953066544,-0.15643714360846794,0.5981574686588449
5807.0,11.446807904,-1.058684394714678,29.038235068,-1.462970216589976,0.40428582187529805,2.5367976217940034
5816.0,5.1133025559,-0.7087014908431646,22.626335616,-1.354614224718718,0.6459127338755535,4.424994486174602
5817.0,7.355292248,-0.866599933239242,27.709187225450002,-1.4419726929242083,0.5753727596849663,3.767244902197393
5819.0,6.7767454839,-0.8310211750286258,8.24647166795,-0.900204617616132,0.0691834425875062,1.216877878554202
5827.0,6.900627077949999,-0.7817100061451425,18.988353692,-1.2784873126320233,0.4967773064868808,2.7516852421535227
5831.0,12.951447120000001,-1.075875240491078,30.788519352,-1.488388803787319,0.4125135632962409,2.3772261946277395
5832.0,7.711716236,-0.8871510406812524,22.93244955,-1.3591858451785868,0.47203480449733437,2.973715428343466
58504.0,12.8720417359,-1.1096474392359144,11.259428004,-1.0515163282581084,-0.05813111097780599,0.8747196625844962
5852.0,25.1482409479,-1.203131916139986,8.186057864,-0.9130748101757403,-0.2900571059642457,0.3255121454005146
5853.0,4.5029029361,-0.6534925854771467,7.7020292998999995,-0.8865640175043128,0.23307143202716607,1.7104586550494887
5865.0,69.12471988815,-1.8388490863709994,5.6129774579,-0.7444875488269218,-1.0943615375440776,0.08120072626670026
5870.0,5.4379609439,-0.735436084106644,22.3526546,-1.3493291073190103,0.6138930232123664,4.110484578796756
587128.0,5.6171592719,-0.749516738265786,8.6079088639,-0.9348976602606438,0.18538092199485778,1.5324309757356018
5876.0,229.2788178604,-2.3603638862562395,13.009007573449999,-1.0208059327808259,-1.3395579534754136,0.056738811264155836
5876571.0,23.680463788,-1.3743902039037843,22.115851062,-1.3446583418450957,-0.029731862058688607,0.9339281215094756
588.0,7.1206650319,-0.8506016070797854,15.634961044,-1.194096803494084,0.3434951964142986,2.195716407660892
5881.0,4.713794852,-0.6733706777676263,24.1852845559,-1.3835512015169138,0.7101805237492875,5.130746100594197
5887.0,91.0096454945,-1.9590874226842552,36.335311628,-1.5603288892503588,-0.39875853343389633,0.3992468208240175
5889.0,45.7175432546,-1.6594090649521673,21.7039246351,-1.3330847383871733,-0.326324326564994,0.4747395220743013
5892.0,13.70866089605,-1.12814139622441,12.349083084,-1.0916347125477208,-0.03650668367668919,0.900823441300401
5897.0,52.4574811408,-1.7198074331678983,23.6695300799,-1.3741896358026684,-0.3456177973652299,0.4512136222547385
5905.0,19.25319868805,-1.2843124434480109,40.726476879550006,-1.6081563826782053,0.3238439392301944,2.115309644876202
590836.0,23.448668752,-1.3697245445826551,10.20095270205,-0.993156955699156,-0.37656758888349917,0.43503334069572425
591200.0,20.39265007395,-1.308825185262167,11.827282054,-1.0396731136594963,-0.26915207160267074,0.5799776885843992
5917.0,12.7008725079,-1.1038335565741166,9.7983098439,-0.991151168674956,-0.11268238789916063,0.7714674592478121
5918.0,13.9628466479,-1.1449739682473068,9.8629223159,-0.9940056124697729,-0.15096835577753387,0.7063690209176204
5918804.0,139.5124831822,-2.144613068789502,62.5047625834,-1.7959131099022863,-0.34869995888721594,0.44802272282524186
5920.0,19.5438881199,-1.2910109678290143,11.57367952395,-1.0566111203408386,-0.23439984748817566,0.5921892027290842
5921.0,12.585352438000001,-1.0951656385036797,7.315374412,-0.8612691717636667,-0.23389646674001296,0.5812609895541806
5922.0,10.581457196,-1.0245454794764932,16.42206262395,-1.1290137055468734,0.1044682260703802,1.5519660779951805
59227.0,5.48076190195,-0.681181621265304,31.4467639679,-1.4975759609675279,0.8163943397022239,5.737662852442387
5934.0,174.68414331315,-2.2419094718163763,28.706256549,-1.4558835158227441,-0.7860259559936322,0.16433235441146665
5936.0,3.433871492,-0.5357840382449385,9.635977780000001,-0.9666516245360172,0.4308675862910787,2.806155618359407
594.0,39.371153568,-1.5951781397299651,7.51662464795,-0.8760004015557428,-0.7191777381742224,0.1909170539026153
5942.0,8.510099672,-0.9299346466587485,14.1456957199,-1.150624311982704,0.2206896653239555,1.6622244468466432
5943.0,20.861759178,-1.2608494966804975,14.77575363795,-1.146334200023106,-0.11451529665739146,0.7082697826141112
5946.0,12.920036465999999,-1.0978974736316998,29.7109454839,-1.4729164724669737,0.3750189988352739,2.299602293080711
5952.0,44.5042983759,-1.6484019586389669,26.7634076399,-1.4275414089831484,-0.22086054965581847,0.6013668031309295
5953.0,11.275006082,-1.051304146635069,30.50522708,-1.4843742622156015,0.43307011558053254,2.7055619179399035
5954.0,36.7787256859,-1.5636573880168383,31.1198070822,-1.4930014537537577,-0.07065593426308059,0.8461360882367526
5957.0,18.117791404,-1.258105255177646,47.3102470515,-1.6749552159163112,0.4168499607386653,2.6112590655533747
5959.0,11.9233052039,-1.076396660844005,14.18321951195,-1.1509538257046534,0.07455716486064845,1.189537571118351
5962.0,13.748963472,-1.1382699581401776,15.034978439900001,-1.1550017565519695,0.016731798411791843,1.0935354123617387
5963.0,16.9662682079,-1.229586328178452,10.735404666,-1.0303056630255303,-0.19928066515292175,0.632749909081437
59694.0,8.5,-0.9294189257142927,7.5727474879,-0.8792534755833612,-0.050165450130931544,0.8909114691647059
597.0,7.3911912719499995,-0.863457039435801,17.332103736,-1.238851279706761,0.37539424027096,2.344967556417643
59708.0,11.991773744,-1.046831397726831,10.195777576,-1.0084203526338829,-0.03841104509294824,0.8502309828103107
5971.0,25.86266654405,-1.3348566769822412,13.541719744,-1.1316738215058755,-0.20318285547636572,0.5236010649147632
59774.0,15.417242956,-1.1880067163834793,11.799912637950001,-1.0497588553472492,-0.1382478610362301,0.7653711283934702
5987.0,5.0480151999,-0.7031206539267985,13.8533745879,-1.141555577471828,0.43843492354502955,2.7443210924116137
5988.0,5.6025281519,-0.7483840474800318,17.4621854765,-1.2403872968678047,0.49200324938777285,3.116840291213531
5994.0,15.33013739,-1.1593296572293883,23.360675192000002,-1.3683915500827153,0.209061892853327,1.523839910739378
5995.0,11.666651407949999,-1.0574717798589284,45.6917851565,-1.6598381260677888,0.6023663462088604,3.9164438499777474
6001.0,138.1906245466,-2.140478579609851,56.8143270021,-1.754457866580081,-0.38602071302977015,0.4111301123973236
60021.0,8.9351558639,-0.9511021326940747,14.497041524,-1.1058447551136181,0.1547426224195434,1.622472147640003
6009.0,8.148212136,-0.9110623271880826,31.278639816,-1.4952478590537492,0.5841855318656667,3.8387120136215365
6010.0,8.2186630159,-0.914801173739184,35.162971037,-1.5460855629450223,0.6312843892058383,4.278429589943396
6013.0,40.8104556894,-1.6107714441309524,53.3576818602,-1.7137210393318898,0.10294959520093738,1.3074512636245565
60164.0,11.1400628741,-1.0464764447809862,6.77683611405,-0.7879152354019241,-0.25856120937906213,0.6083301495367455
60172.0,5.340286408,-0.7275645495526051,3.773278076,-0.5767188122039679,-0.15084573734863715,0.70656848485644
6018.0,14.985431424,-1.175669250609355,19.2131482399,-1.2835985335858597,0.10792928297650484,1.2821217952476882
60196259.0,7.38803702,-0.8685290629378626,9.8253700639,-0.9923489166742385,0.12381985373637594,1.3299026571336807
60196260.0,14.277326852,-1.1288644347498573,8.875754204,-0.9482052668221899,-0.18065916792766745,0.621667788095547
60196261.0,3.445641832,-0.5372701313620679,12.801866073500001,-1.0844513733084928,0.5471812419464249,3.7153792232866065
60196262.0,14.23588531,-1.1501347136068698,11.0777335159,-1.044450913621086,-0.10568379998578381,0.7781555747796342
60196264.0,10.3674499079,-1.015671945673367,20.207130244,-1.3055046406953992,0.28983269502203224,1.9490935980893584
60196265.0,5.642109912,-0.7514415422429819,29.71869374195,-1.3702870502315667,0.6188455079885848,5.267301453795216
60196269.0,7.5315390959,-0.8768837348401146,10.276515476,-1.0118458806047772,0.1349621457646626,1.3644642011609955
60196270.0,30.0195489799,-1.4774041630234378,31.98124561075,-1.5048087315945642,0.027404568571126386,1.0653473052564342
60196271.0,5.55426593995,-0.7252223583968781,21.4045704959,-1.3304681628755777,0.6052458044786996,3.8537172557662385
60196272.0,12.1104793439,-1.0831613332578947,22.5515256119,-1.353175927252468,0.2700145939945733,1.8621497111308905
60196279.0,250.706100532,-2.3991649019484407,94.34101212035,-1.9736431383242543,-0.42552176362418637,0.37630122250778003
60196281.0,14.2461266399,-1.1447690580365422,14.516204805900001,-1.15540409527511,0.010635037238567735,1.018958006820154
60196282.0,26.7780461,-1.4277788848886133,14.0469377919,-1.1392339403368532,-0.28854494455176005,0.5245691840040562
60196285.0,86.6301170364,-1.9376689011267942,21.721349028,-1.3283313905356147,-0.6093375105911796,0.25073669263165355
60196286.0,15.0464224719,-1.1774332517300834,10.56244152,-1.0237643174501407,-0.15366893427994266,0.7019902265622228
60196288.0,18.216946892,-1.2165552242669229,18.216441768,-1.2604635498358023,0.04390832556887947,0.999972271753165
60196293.0,14.692317268,-1.1670902979916586,11.33008004595,-1.0542299048961619,-0.11286039309549678,0.7711567780139772
60196294.0,16.0876063359,-1.2046727028413247,14.3555585399,-1.1570200945042428,-0.04765260833708185,0.8923365129755271
60196296.0,15.2439522839,-1.1830975806884685,21.4071571854,-1.3011013267850386,0.11800374609657016,1.4043049195325354
60196303.0,24.651292528000003,-1.3550649955414076,19.469799098750002,-1.289321131727991,-0.06574386381341668,0.7898084482440572
60196305.0,13.0236763519,-1.114733595136466,11.587998456,-1.0639118824364187,-0.05082171270004743,0.889764006943358
60196306.0,22.4126319319,-1.35049285905111,12.4424311539,-1.0943232116422452,-0.25616964740886483,0.5551526117818689
60196308.0,10.1189992759,-1.005137564831421,13.454230824,-1.12885887427064,0.12372130943921911,1.3296009276375167
60196311.0,13.4599538999,-1.1290435724397165,7.674193548,-0.8850327481810871,-0.2440108242586294,0.5701500618109111
60196318.0,9.83664351395,-0.9859436359960698,13.0448268079,-1.115438317482031,0.12949468148596122,1.326146138100894
60196322.0,7.226436776,-0.8589242073944674,40.32748622765,-1.595303255038535,0.7363790476440677,5.580549235770412
60196326.0,18.8418825559,-1.2751242924480537,5.74027359595,-0.7584750563604701,-0.5166492360875836,0.3046549928819366
60196327.0,22.3249290239,-1.348790086840424,10.1887725999,-1.0081218694630898,-0.3406682173773341,0.4563854419869549
60196328.0,5.8716155439,-0.7687576115148084,5.9777278,-0.7765361352517006,0.007778523736892251,1.0180720715289746
60196331.0,12.7866813539,-1.0608717873006395,19.85229404,-1.297810699076351,0.23693891177571147,1.5525759570089666
60196335.0,7.1022387761,-0.8513952691201231,15.5552918599,-1.1918781640757048,0.3404828949555817,2.190195563720791
60196336.0,19.2529131519,-1.2844964517704613,54.8310390514,-1.3662109161356577,0.08171446436519636,2.8479346797442404
60196337.0,3.558212484,-0.5512318790692383,19.4830833879,-1.2896576893178668,0.7384258102486285,5.475525555460336
60196338.0,156.3949177848,-2.194222636103119,18.26687025795,-1.2586872866006682,-0.9355353495024508,0.1167996410413111
60196339.0,13.729521506000001,-1.102351314568859,5.6972194999,-0.7556629520806848,-0.34668836248817425,0.4149612568369722
60196345.0,10.1350954639,-1.005827843729544,2.8806041159,-0.45948357688720537,-0.5463442668423386,0.2842207186069799
60196346.0,200.6447864888,-2.3024278796015722,11.639738028,-1.0659432058916762,-1.236484673709896,0.05801166445284005
60196352.0,5.7218289559,-0.7575348711869878,8.9299716361,-0.9508500794591155,0.19331520827212767,1.560684827338636
60196353.0,15.32836717995,-1.1853465425534002,7.099568391949999,-0.850712656706927,-0.33463388584647324,0.46316533970013873
60196357.0,3.563556108,-0.5518836011301544,22.009919192,-1.3426184480720704,0.790734846941916,6.176391931247797
60196361.0,12.4477198641,-1.0950898059595164,11.109095884,-1.0456787152354292,-0.049411090724087225,0.8924603064083507
60196362.0,10.3250942379,-1.0138776164920484,16.83690327795,-1.0555668518267158,0.041689235334667396,1.630677927969636
60196366.0,12.2046484159,-1.086525273041708,6.7932992199,-0.8320807440901385,-0.25444452895156955,0.5566157244685402
60196367.0,21.0684653,-1.323632901245675,38.893785812,-1.5898802182114786,0.2662473169658037,1.8460663963027244
60196368.0,9.727468348,-0.9428903847278323,9.056677218,-0.9334840806038011,-0.009406304124031206,0.9310415509973963
60196370.0,5.44590072,-0.7360697197896279,8.644193506,-0.9032672391461465,0.1671975193565186,1.5872844457583135
60196374.0,17.30309263395,-1.2181149391258046,12.204805088,-1.0865308480807796,-0.131584091045025,0.7053539703100955
60196381.0,10.5397530439,-1.0228304350769077,8.646639346,-0.9367679606572382,-0.08606247441966952,0.8203834862150153
60196382.0,14.286105492,-1.1549138527340879,11.8890535639,-1.075147283690558,-0.07976656904352986,0.8322109598419027
60196384.0,6.523419164,-0.8144752851242896,8.9195543559,-0.9503431564379682,0.1358678713136786,1.3673127744302038
60196385.0,10.07785121605,-0.9973055885240196,11.6132205959,-1.0649526756444203,0.06764708712040068,1.1523508679513712
60196386.0,8.425114536,-0.9255758136400724,16.402119092,-1.2148999608836366,0.28932414724356426,1.9468125948810244
60196389.0,9.781189528,-0.9903916742182773,34.15431819455,-1.5334343380871598,0.5430426638688824,3.4918368667510804
60196390.0,15.1588806281,-1.180667133025075,10.213600748000001,-1.008219329143166,-0.17244780388190906,0.6737701152595041
60196391.0,10.190492564,-1.008195176416355,13.37676109595,-1.0649462587965686,0.056751082380213536,1.312670708696275
60196392.0,20.8650790839,-1.3194200351362149,15.3108996579,-1.1850007102921363,-0.1344193248440786,0.7338050144134973
60196393.0,18.0989577159,-1.2418580950196563,6.987811732,-0.8443411955588953,-0.39751689946076096,0.38608917937087517
60196394.0,9.589304168,-0.9817870944530575,6.94280929595,-0.7954463299086774,-0.1863407645443801,0.7240159634437826
60196396.0,5.151719422,-0.7038640318081608,17.959797461999997,-1.219177976107365,0.5153139442992041,3.4861753893863354
60196398.0,3.65085497995,-0.5622143405290738,13.992117667950001,-1.0054479227102862,0.44323358218121234,3.8325591525253158
60196399.0,19.7262326119,-1.2950441500219534,5.5392941039,-0.7434544242385813,-0.5515897257833721,0.28080851589260786
60196402.0,3.4507312599,-0.5379111381129564,7.51449518,-0.8555811839081302,0.31767004579517377,2.177652970929346
60196406.0,28.201160544,-1.4502669809251876,11.8605891879,-0.9492905337882138,-0.5009764471369738,0.42057096087924745
60196409.0,15.67387447395,-1.1250602658544175,35.6031446585,-1.5514883588582393,0.4264280930038218,2.2714960948342715
60196412.0,15.08318976,-1.1784931948942772,25.834511604,-1.4122002557135869,0.2337070608193097,1.7128016033128526
60196413.0,27.851707628,-1.4448518275414313,12.326981924,-1.0908545174496052,-0.3539973100918261,0.4425933981730939
60196414.0,7.2617704079,-0.861042513902355,21.20861351995,-1.291757453467003,0.4307149395646481,2.9205844206913207
60196415.0,43.219995432,-1.6356847166458506,40.3044451249,-1.6053529465568845,-0.030331770088966037,0.9325416331501661
60196416.0,16.9990165759,-1.2304237973774568,20.81704394695,-1.3184065815193957,0.08798278414193894,1.2246028382878882
60196418.0,9.172681852,-0.9624963305710479,16.65771950595,-1.2021245118397061,0.23962818126865826,1.8160140921401269
60196420.0,15.094811448,-1.1788276925426486,53.040906233950004,-1.5728425303913545,0.39401483784870583,3.513850200558663
60196422.0,7.43087802,-0.8531368068153593,7.077571087899999,-0.799261907832294,-0.0538748989830653,0.9524542145424693
60196424.0,11.453353904,-1.0589326804499322,10.04977486195,-1.001365104258642,-0.05756757619129016,0.8774525738212097
60196426.0,16.244568272,-1.2107081736939536,7.931141576,-0.8993357023838686,-0.31137247131008494,0.4882334478331774
60196427.0,22.9088731839,-1.3600037281222022,8.5351093839,-0.9312090912995834,-0.42879463682261876,0.37256783934263266
60196428.0,6.0,-0.7781512503836436,11.25467438595,-0.9729248316744583,0.19477358129081468,1.875779064325
60196431.0,23.120425952,-1.3639958309119475,9.8926642081,-0.9953132678417635,-0.368682563070184,0.4278755170271527
60196434.0,5.999168444,-0.7780910561819443,15.491404016,-1.1900907804944394,0.4119997243124951,2.582258551431999
60196438.0,144.8152539655,-2.160814310232177,16.7739326441,-1.2246348947709584,-0.9361794154612186,0.11582987416571551
60196440.0,4.451317048,-0.6484885282958168,22.32871934395,-1.3476492368934603,0.6991607085976435,5.01620511483953
60198.0,14.1466070519,-1.1506522903669387,44.7390942358,-1.6506871873516724,0.5000348969847337,3.1625317697497786
6021.0,24.08344130195,-1.3703327564517078,25.807680691949997,-1.4060993670577182,0.035766610606010385,1.0715943941890227
6024.0,10.8312003199,-1.0346765880586597,12.7387026719,-1.1051252010665251,0.07044861300786542,1.1761118154647527
6025.0,13.549560232,-1.1319251998661386,11.645643691950001,-1.0067127945214984,-0.12521240534464018,0.8594849937968084
6028.0,14.02642756795,-1.0819845244596231,67.03056177094999,-1.8262656708853477,0.7442811464257246,4.778876263840194
6035.0,4.344573199899999,-0.6378177699026597,20.0770653,-1.3016067364526824,0.6637889665500227,4.621182421431436
6036.0,16.660471368,-1.2216872845632893,7.5048034799,-0.8753393243324596,-0.3463479602308297,0.4504556512317281
6037.0,10.000100656,-0.999717878363769,8.7277744599,-0.9409035148389389,-0.05881436352483016,0.8727686610497651
604152.0,5.3116211979,-0.649058229222622,16.5542351879,-1.2189091209777025,0.5698508917550805,3.1166068834962997
6043.0,7.8222001599999995,-0.8877957496318228,22.4600652,-1.351411012653806,0.4636152630219831,2.871323251845808
6046.0,16.860182452,-1.226862270019926,9.140446048,-0.9609673895476578,-0.2658948804722683,0.5421320957837995
60464.0,23.359696644,-1.3684671985990822,8.00616904795,-0.8556732770785379,-0.5127939215205443,0.3427342901735158
6047.0,7.275348311949999,-0.8484720969070798,24.064887324,-1.3813838325756211,0.5329117356685413,3.3077299246927643
6048.0,8.40223056995,-0.8564006601649814,6.793942104,-0.832121841618428,-0.02427881854655345,0.8085879157253869
6049.0,14.0332152719,-1.1471571874121078,15.2918317,-1.1844595095821773,0.03730232217006946,1.0896883859980573
60490.0,22.47505408795,-1.3505896901972356,11.228694926,-0.9886777549028107,-0.3619119352944249,0.4996070257299298
60496.0,19.145185012,-1.2820595675655266,35.71842130915,-1.5523495730185741,0.2702900054530475,1.8656608064514433
6051.0,155.38192974909998,-2.1914003589565705,15.32664295,-1.1854383537859186,-1.005962005170652,0.09863851591203948
6053.0,133.3382351918,-2.124954702690437,9.4325019959,-0.9746269057689531,-1.1503277969214842,0.07074116424543825
6054.0,6.68840893795,-0.8154698565325297,8.9910904919,-0.9538123686957883,0.13834251216325866,1.3442794206084792
60560.0,14.331893468,-1.1563035713031926,8.929876436,-0.9508454495341643,-0.20545812176902833,0.623077226741775
60561.0,15.650847051949999,-1.1578061540348374,11.55578367395,-1.0515429863634007,-0.10626316767143673,0.7383487702354244
6057.0,15.9014816201,-1.2014375915818112,14.0796978199,-1.1485933340278085,-0.05284425755400268,0.8854330782675492
60582.0,20.651782618,-1.3051112971212038,2.846470412,-0.45430667384160633,-0.8508046232795974,0.1378317051196844
60651.0,4.984442572,-0.69761659666157,6.4483992519,-0.8094519189225224,0.11183532226095239,1.2937051954663388
60699.0,432.2411795892,-2.635726139725433,129.3042186414,-2.1116126942755487,-0.5241134454498844,0.29914831058968083
60703.0,18.1281972519,-1.2583546180789895,19.6848075081,-1.2941311723099558,0.03577655423096626,1.0858667982574413
60714.0,20.3620699839,-1.3088219257712583,12.794985284,-1.1070397907248635,-0.20178213504639486,0.6283735049588187
60737.0,7.421535556,-0.8704937724625563,12.632025872,-1.101473006491635,0.2309792340290786,1.7020771209251349
60751.0,12.19356621595,-1.077945988450935,10.62669947195,-1.0231163319456926,-0.05482965650524241,0.8715005342776231
60754.0,9.617440307999999,-0.9827570077908272,4.811493103949999,-0.6816162498261578,-0.30114075796466944,0.5002883251531796
6076.0,18.11217011595,-1.255951918638489,16.073188084,-1.206102026730172,-0.04984989190831701,0.8874247525891763
6076971.0,5.1142189999,-0.7087793213461007,26.118682472,-1.4169512656515897,0.708171944305489,5.107071572905014
60772.0,9.8913111559,-0.9952538638954594,18.0057551,-1.255411338919575,0.26015747502411546,1.8203608011319985
6081.0,19.658104729999998,-1.2921506371662796,9.476446392,-0.9766455101571262,-0.31550512700915345,0.48206307383936703
608116.0,11.06144752,-1.043811963208602,51.7386423794,-1.713815028654381,0.6700030654457789,4.677384427838428
60822.0,35.9595060513,-1.555813717525371,29.58406463695,-1.4708270924091442,-0.08498662511622679,0.8227049780590766
60823.0,34.9229290845,-1.5389630511084675,22.08445598,-1.3440867054828387,-0.19487634562562883,0.6323769671943653
6083.0,25.864547296,-1.412704881408557,16.641184732,-1.2064621655715269,-0.20624271583703013,0.6433974869752925
60839.0,21.68501032,-1.3361596331676484,26.355731473949998,-1.3965428262099655,0.060383193042317096,1.2153893904141797
60854.0,117.9502692685,-2.071698936672994,19.50829426795,-1.2881079323474232,-0.7835910043255707,0.16539423257730468
60855.0,11.9843984899,-1.0629268804158847,12.375228318049999,-1.092197965540914,0.029271085125029295,1.0326115514666319
60857.0,10.177049902,-0.8676108526286259,11.2290649601,-1.0503435942333514,0.18273274160472552,1.1033713176441493
60877.0,17.12045748795,-1.2261870554474514,20.333253812,-1.3082068818119017,0.08201982636445027,1.1876583219993557
60910.0,9.8061966759,-0.9915005993325061,18.668767488,-1.2711156467744957,0.2796150474419896,1.9037724925384085
6093170.0,14.09677469395,-1.1249239911652982,11.5,-1.0606978403536116,-0.06422615081168659,0.8157894447256454
60961.0,31.888232171549998,-1.4405572314389088,64.3817409235,-1.8087627161092563,0.3682054846703475,2.0189811895856686
60962.0,13.41191002,-1.1274906311012078,15.4939468319,-1.1901620613343284,0.0626714302331206,1.1552379048767283
60966.0,4.1260747199,-0.6155370884326807,5.4968803279,-0.7401162820815368,0.12457919364885606,1.3322299524506
60976.0,8.046219441949999,-0.8858573419348617,12.24634645395,-1.0760495078508667,0.19019216591600507,1.5220000575800976
60995.0,17.8099399399,-1.2506624549032215,11.64186150595,-1.0322438883032556,-0.21841856659996584,0.6536721373140895
60999.0,12.114315408,-1.083298876754287,6.0633257719,-0.7827109027455551,-0.30058797400873194,0.5005091553003421
6099917.0,6.27362020795,-0.7973161928701231,8.00582425395,-0.8277197891473345,0.030403596277211342,1.276109166411593
6100.0,12.975323384,-1.1131181905772647,18.640124412,-1.2704488066909652,0.15733061611370047,1.4365826469485394
61002.0,16.322042464,-1.2127745033971884,17.433205872,-1.2413772588537635,0.02860275545657509,1.0680774731747444
61007.0,15.70877812,-1.1961424055123424,26.164484868,-1.417712188676779,0.22156978316443654,1.6655964371085024
6101.0,4.7052574719,-0.6725833930270375,17.16806594635,-1.1895602028632402,0.5169768098362026,3.648698514136246
61014.0,13.99806093195,-0.9217736640484147,25.8357185959,-1.412220545536951,0.4904468814885363,1.8456641045854454
61016.0,15.8320778919,-1.1995379178796903,8.8178358359,-0.9453620091845182,-0.25417590869517215,0.5569601094756726
61018.0,22.0,-1.3424226808222062,19.865512646,-1.2980262521920833,-0.04439642863012283,0.9029778475454545
61020.0,9.7901328159,-0.9759463317030956,21.17760441695,-1.3154965332777384,0.3395502015746428,2.16315803015009
61027.0,22.63701742395,-1.3387262984734052,11.51186930195,-1.049210456837928,-0.2895158416354773,0.5085417873898186
6103.0,3.3129988159,-0.5202212806606537,4.381544372,-0.6416272141616455,0.12140593350099183,1.322531221856088
61031.0,9.072929062,-0.925489482656509,5.5521040401,-0.7444575957065203,-0.18103188694998873,0.611941744739721
61032.0,10.424034066,-1.0098524546826215,10.6751280959,-1.0129229417068024,0.00307048702418089,1.0240879901495132
61038.0,8.1389558521,-0.9105686927568013,12.0,-1.0791812460476249,0.16861255329082359,1.4743905997356872
61040.0,15.400608488,-1.1220037421482099,28.567676403550003,-1.3326478037908827,0.2106440616426728,1.854970628323527
61041.0,7.1117144801,-0.8519743123313684,15.446601328,-1.1888329376853688,0.33685862535400035,2.171994020741789
610479.0,31.803499919,-1.4929134814552416,38.5233235159,-1.5857237478801103,0.09281026642486867,1.2112919525842958
61048.0,7.793071712,-0.8917086726439808,13.3784243479,-1.1264049671457357,0.2346962945017549,1.7167074604612595
61051.0,32.483832176,-1.511368379147144,13.1192800419,-1.1179100025389317,-0.39345837660821226,0.4038710694852347
61053.0,15.22094894995,-1.1765069199174825,9.08365011795,-0.9496172081397968,-0.2268897117776857,0.5967860576774249
61056.0,9.4446406839,-0.9751854400802081,6.31451890995,-0.7863413687464309,-0.18884407133377723,0.6685822278780996
61057.0,12.0424688121,-1.0807155302407452,21.19263653795,-1.303391756824006,0.22267622658326092,1.7598249053928312
610682.0,8.70114735,-0.9133528994687842,25.761328932,-1.4109682629171107,0.4976153634483266,2.9606818383554905
6108.0,9.3491517,-0.970772206731072,17.354329606,-1.2387717403320935,0.26799953360102147,1.8562464449047287
61100.0,54.56681683495,-1.7254712759731516,22.9191670311,-1.3601988296840724,-0.3652724462890793,0.4200202313509388
61124.0,8.6688413119,-0.9379610530152485,16.66411338,-1.2217822118209212,0.2838211588056727,1.9222999684080768
61138.0,9.38125324395,-0.8852836732404088,14.76624546995,-1.1683419126005932,0.28305823936018437,1.5740162946217018
6114.0,12.710276592,-1.1041550014644976,14.82935622395,-1.1487438246797494,0.044588823215251816,1.16672175594383
61144.0,7.5211636639,-0.8762850392237244,14.6090134819,-1.1096048793623963,0.2333198401386719,1.9423873930599576
61163.0,9.213003872,-0.9644012536861092,13.0328157999,-1.1128857743461402,0.14848452066003104,1.4146109109439438
61196.0,12.57479627195,-1.0978806331866968,7.1114948039,-0.851960897052219,-0.24591973613447782,0.565535588020879
612.0,9.130401978,-0.9112413523424887,16.312713444,-1.2125262072536935,0.3012848549112048,1.7866369392394785
61204.0,23.48999388,-1.370882903628071,28.54874428,-1.4555870105061985,0.08470410687812757,1.2153576721153236
612040.0,34.18885504,-1.5338845568323896,14.528195124,-1.1622116641001525,-0.371672892732237,0.4249395046134894
61209.0,10.8186734719,-1.0341740131594723,16.076931792,-1.206203169229166,0.1720291560696936,1.4860354029315697
61225.0,5.603528384,-0.7484615761416827,14.45633714795,-1.0334333350358507,0.2849717588941679,2.579863285644776
6124.0,7.537647616000001,-0.8457046372689897,9.49373964595,-0.9772546369983304,0.13154999972934067,1.2595096148827447
61247.0,7.56101788,-0.8785802650660751,5.6906174599,-0.7551593920327748,-0.1234208730333003,0.7526258435325907
61249.0,19.955773832,-1.3000685732351243,30.316632364,-1.4816809572845477,0.18161238404942348,1.5191910180594395
61254.0,7.3951027161,-0.8689442106149433,11.6131455959,-1.0649498708934857,0.19600566027854238,1.5703832714340573
6128.0,21.25493112195,-1.3257761601430578,29.389360648,-1.468168195712881,0.14239203556982316,1.3827078751457142
61282.0,6.184754964,-0.791322497838908,15.61438918,-1.193524999712933,0.40220250187402495,2.524657689898416
61285.0,11.628495692,-1.056743914116875,9.1403456559,-0.9609626195425329,-0.09578129457434215,0.7860299300956218
6129.0,16.769754988,-1.2245267174577898,18.8224498539,-1.2742744363815501,0.04974771892376029,1.1224045829750557
61290.0,25.335045772,-1.4037216932530594,28.259163682,-1.441174842677733,0.037453149424673704,1.1154179051545943
61329.0,11.479284352,-1.0599148138750838,10.0799012199,-1.003456276170761,-0.05645853770432274,0.878094915223858
61346.0,9.117715624,-0.9598860426966568,3.2494340599,-0.5118077283435176,-0.44807831435313916,0.35638686200595193
6135.0,7.561754304,-0.8752535153894171,23.85168685325,-1.3752476595967051,0.49999414420728805,3.1542530865665643
6136.0,29.62373344805,-1.4567597118330853,6.7012357199,-0.8258248307528473,-0.630934881080238,0.22621172080324373
61384.0,5.9235997839,-0.7725857086075633,14.638419824,-1.1654941983920515,0.3929084897844882,2.471203382744792
614.0,16.41751564995,-1.2021937095806379,8.79357424,-0.9441654344819094,-0.2580282750987285,0.5356214927699356
6143.0,32.4021539619,-1.510573881276802,7.9342870299,-0.8957236834327951,-0.6148501978440069,0.24486912318327708
61444.0,11.344067566,-1.048415166081866,10.17132771805,-1.0071051841258494,-0.04130998195601654,0.8966208689143487
6145.0,8.708412098,-0.899703627782307,18.8803872959,-1.276010898793992,0.37630727101168504,2.1680631421009724
61503.0,16.4535744139,-1.2064661256593854,7.024781924,-0.8466328466307136,-0.3598332790286718,0.42694564398514256
61510.0,17.928050987949998,-0.9995767835633371,24.955751006699998,-1.3805384079264145,0.38096162436307734,1.391994647018437
61571.0,3.6113911881,-0.5576745340185033,9.476777308,-0.9766606753865419,0.4189861413680386,2.6241348041240187
61574.0,14.900482224,-1.1732003237031037,7.8494642599,-0.8948400163746765,-0.2783603073284272,0.5267926327415752
61591.0,5.63349857595,-0.6950648670294517,7.743758166,-0.8511114830212363,0.1560466159917846,1.3745913062016064
616236.0,7.3725570199,-0.8676181401023935,26.437365290000002,-1.4210353693240925,0.553417229221699,3.5859153369231715
6163.0,3.3725647600000004,-0.5261105893755375,14.16954622595,-1.1493951020540725,0.623284512678535,4.201415609273578
61631.0,9.19776016595,-0.9623770468132136,15.939010104000001,-1.1982678231903072,0.23589077637709366,1.7329229960796357
6166.0,46.09404522965,-1.662323225046856,29.130969718,-1.464354941756633,-0.19796828329022298,0.6319898714218621
61660.0,7.770297973949999,-0.8231658670279418,20.757223788,-1.3153197026195171,0.49215383559157533,2.671354928419579
61663.0,23.5,-1.3710678622717363,19.0417553799,-1.2797069816883777,-0.09136088058335856,0.8102874629744681
61670.0,6.22627589,-0.7765350267357427,19.47574529995,-1.2825905765999708,0.5060555498642281,3.127992662713505
616765.0,8.5212204279,-0.9305017998306718,12.5228921561,-1.0977046405662705,0.16720284073559866,1.4696125117357381
61701.0,11.5759531119,-1.0635567590159278,19.5349338959,-1.290811945957812,0.22725518694188418,1.6875443176958123
61718.0,8.84868310395,-0.934164259401342,21.221343085999997,-1.3236576988632427,0.38949343946190074,2.3982487378858575
6172.0,4.75721503195,-0.6688830175793585,11.7490824079,-1.0700039499484615,0.40112093236910296,2.469739612145303
61812.0,11.69561458,-1.068023048008346,3.514566964,-0.5458718224623267,-0.5221512255460192,0.3005029739959163
61828.0,23.417137228,-1.3695338009807496,9.702027004,-0.9868624790791468,-0.3826713219016028,0.41431311221079714
6184.0,10.6720155999,-1.0282464514062009,13.916271179949998,-1.1300488946136307,0.10180244320742982,1.3039965177787407
6194.0,7.4452627879,-0.8718800312111955,4.718737804,-0.6738258465017729,-0.1980541847094226,0.6337906314964283
61945.0,21.333498848,-1.3281002386261358,35.548816708,-1.5508251492081513,0.2227249105820155,1.6663378549052525
61953.0,7.650855,-0.8837099712363938,14.048855141899999,-1.1415181029160877,0.25780813167969385,1.8362464249943307
61972.0,8.3523897239,-0.9218107503840541,22.4954332279,-1.3381412868478986,0.41633053646384444,2.6932930540262383
6202.0,8.317474976,-0.9199915029221089,8.176463884,-0.9125655227791953,-0.007425980142913513,0.9830464062222146
6209.0,6.97829942,-0.8437495999163304,21.297608848,-1.3283308465179542,0.4845812466016238,3.0519769310787184
62098.0,13.3212977559,-1.1245465357030573,24.1308513359,-1.382572644078761,0.2580261083757036,1.811448987784426
62105.0,8.00305015995,-0.8824911618449836,14.92104266,-1.1737991720416694,0.29130801019668584,1.8644194852944944
62118.0,14.3955141039,-1.129548145028854,12.2169560279,-1.0728953821494043,-0.05665276287944976,0.8486641004776766
6212.0,9.88546501195,-0.8944002468528629,14.194193361950001,-1.1295393117573214,0.23513906490445846,1.4358650144218217
62130.0,18.7138749559,-1.2721637232414575,17.86955682605,-1.2520373076164992,-0.020126415624958316,0.9548827737793659
6215.0,149.53703748610002,-2.160739307354307,11.376190368,-1.0559968508857072,-1.1047424564685997,0.07607607158231589
62158.0,4.499944804,-0.6532071867830687,11.375592068,-1.0559740097400243,0.40276682295695565,2.5279403555990814
6216.0,176.4375877804,-2.2465524538666966,20.153518652000002,-1.2788123184022988,-0.9677401354643977,0.1142246326620818
62217.0,193.9814540676,-2.287760210439927,25.1307172285,-1.3999253137300558,-0.887834896709871,0.12955216440300665
62240.0,9.15732540795,-0.931674417931912,12.758864912,-1.1058120392454616,0.1741376213135496,1.3932960055043253
62253.0,29.2955084881,-1.4668010405466216,27.45685422795,-1.4366865405692135,-0.030114499977408116,0.9372376737923196
6227.0,7.5369758199,-0.877197121971956,18.39121813605,-1.2491310270172629,0.3719339050453069,2.4401322991499277
62276.0,21.3817808199,-1.3300438733726623,7.62334345995,-0.8751896856621058,-0.4548541877105565,0.3565345433180646
62277.0,23.166015472,-1.3648513420621684,11.631444127950001,-1.0624518735327877,-0.3023994685293807,0.502090838280262
6228.0,6.701041684,-0.8052254666235602,13.54925837395,-1.1205872064108313,0.3153617397872711,2.0219630040955288
6230.0,7.79938428,-0.8920603187990477,16.31619968595,-1.2120565976555637,0.31999627885651605,2.09198561068336
62311.0,38.0976611521,-1.580898314785457,4.949534202,-0.6794632507211441,-0.9014350640643128,0.129917009399596
62329.0,14.205701936,-1.1524626980659758,17.110413752,-1.2332605114720112,0.08079781340603542,1.204475064244372
6234.0,5.270969956,-0.721890540787031,15.287410296,-1.1843339216834912,0.4624433808964602,2.9003030606536053
62341.0,12.627458684,-1.0896648053096398,14.638332428,-1.1488689581812026,0.059204152871562776,1.159246115494952
62347.0,13.383464724,-1.1265685585534237,14.46303092,-1.1602593146664062,0.033690756112982445,1.0806641791392075
62351.0,12.539377112,-1.0813246995795172,16.52428145595,-1.2012603133946973,0.11993561381518014,1.3177912513801426
62371.0,15.138602636,-1.1800857895972174,11.9895241679,-1.0788019474561459,-0.10128384214107156,0.7919835440682348
62374.0,5.1703404079,-0.7135191373697184,19.001815373950002,-1.274096404820249,0.5605772674505306,3.675157508955553
6238.0,10.8390008,-1.0349892483418939,9.2606638679,-0.9666421210049654,-0.06834712733692849,0.8543835394771813
62390.0,12.932033332,-1.111666815324379,15.80571345,-1.1985414738887803,0.08687465856440135,1.2222140976770568
62406.0,7.5971882399,-0.8806528873016172,15.8901047681,-1.2011267606471348,0.3204738733455176,2.0915770764565336
62411.0,6.6157922839,-0.8205818612101222,39.7942742028,-1.5998205881285132,0.779238726918391,6.015042869414475
62421.0,10.6607963159,-1.0277896458429625,12.521632218,-1.0976553384381105,0.06986569259514797,1.1745494282940818
62428.0,10.318564156,-1.0136192687533965,23.6498111009,-1.2762155225884486,0.26259625383505214,2.2919672488684575
6243.0,2.9488926159,-0.46965895798035145,33.1728396759,-1.5207826497765646,1.0511236917962132,11.249253193228153
62430.0,8.13097285,-0.8893812241563477,29.8362667044,-1.4747444806266787,0.585363256470331,3.669458409813778
62433.0,3.9953177001,-0.6015513192981737,16.93341116795,-1.200768979463371,0.5992176601651972,4.238314056358063
62441.0,24.4860503119,-1.3889187375100183,26.628690826049997,-1.423283951520145,0.03436521401012671,1.0875045377615962
62445.0,15.99361474,-1.2039466303640458,38.77593417695,-1.583366041496784,0.37941941113273825,2.424463437897592
62449.0,8.62360299595,-0.9235841490765606,8.8988494519,-0.9493338595671996,0.02574971049063901,1.0319178023477273
62452.0,13.7231480479,-1.1374537486160918,7.40525505995,-0.8694861834383047,-0.2679675651777871,0.5396178073793496
62459.0,19.6149133,-1.2925863928420627,11.24009785595,-1.0307837099495645,-0.2618026828924982,0.5730383654537998
62465.0,12.028220438,-1.0665379816681697,14.165854595949998,-1.1034484003524017,0.03691041868423195,1.17771823928307
62467.0,15.65602070195,-1.1499897806142934,31.8055959783,-1.502503537867653,0.35251375725335965,2.0315249055807985
62477.0,14.425445328,-1.1591292291419961,27.2544235986,-1.4354370016051594,0.2763077724631633,1.8893297904431945
62479.0,13.094888032,-1.1171017893368567,13.1831598239,-1.1200195172086975,0.0029177278718408584,1.0067409352171848
62485.0,11.34719004595,-1.0516333033455671,19.731297697949998,-1.286290403079662,0.23465709973409488,1.7388708233535248
6249.0,14.554633624,-1.1630012776499417,10.9729566559,-1.0403236637034483,-0.12267761394649335,0.753915003247216
62493.0,2.273845044,-0.35676086544023033,13.166111183950001,-1.1191214880452598,0.7623606226050295,5.790241168232394
62495.0,8.010995285949999,-0.9021496170401888,20.781949152,-1.3176862778823515,0.4155366608421627,2.594178177641448
6251.0,15.91646060595,-1.2017438461673005,12.6142851719,-1.1008626448896324,-0.10088120127766809,0.7925307946406402
62529.0,7.82814472195,-0.8929804818013841,19.175863652,-1.2827549330304713,0.38977445122908716,2.4496051533425494
6253.0,14.836050928,-1.1713183154702294,13.09461965,-1.035852887001583,-0.1354654284686463,0.88262164328963
62539.0,25.197689518449998,-1.3756442435837435,25.3499821519,-1.4039776578968075,0.02833341431306402,1.0060439126110547
62551.0,9.02554556595,-0.9413287090271919,28.64225235995,-1.4464252905101511,0.5050965814829592,3.1734649335776974
62553.0,8.988468974,-0.9286353542327036,17.8600286599,-1.2518821514633023,0.3232467972305987,1.9869934147363504
62558.0,6.936629436,-0.8411484945285119,25.90778798795,-1.3974875829973112,0.5563390884687993,3.734924609565089
6257.0,11.2357644,-1.0506026240100774,6.97552138,-0.8435766741670694,-0.20702594984300804,0.6208319373446456
62583.0,6.257514816,-0.7964018865662259,20.4708504699,-1.3058005657703426,0.5093986792041167,3.2714026369634093
6259.0,5.6169186999,-0.7494981378799993,7.607683326,-0.8267881011666764,0.07728996328667714,1.3544229020326468
62592.0,11.6542820459,-1.0607570310852967,9.84621043005,-0.9915708833849732,-0.0691861477003235,0.8448577433831642
6259976.0,5.551597792000001,-0.7442967660129806,25.9746976719,-1.4145505013614703,0.6702537353484898,4.678778730932242
62630.0,15.31130786665,-1.1849653661588975,74.89383284425,-1.8742705723556554,0.689305206196758,4.891406632047312
62655.0,10.3205210879,-1.0137016255747509,9.622391413899999,-0.9685321871481429,-0.04516943842660792,0.9323551913654338
62660.0,16.96521795195,-1.122825558235066,21.44298163005,-1.3221272847002368,0.19930172646517086,1.2639378810683255
62661.0,9.425321016,-0.9355401144058735,7.2893269479,-0.8626874300590748,-0.0728526843467987,0.7733770484343151
62672.0,14.701378323950001,-1.1128468408004175,9.89266204205,-0.9653008988916884,-0.14754594190872916,0.6729071127932185
6269.0,4.4235759679,-0.6400133652515401,10.847411832,-1.0288247728627256,0.3888114076111855,2.4521816536474184
62725.0,8.242002972,-0.9160327667916958,11.070025184,-1.0441486088877374,0.12811584209604165,1.3431231730451263
627458.0,8.024395129950001,-0.8887992138307468,16.346520722,-1.2109858961478401,0.32218668231709335,2.0371031656939174
6276.0,9.119162784,-0.9599549682649136,11.829242928,-1.0729569506538699,0.11300198238895631,1.2971851921269528
6277.0,9.1229499599,-0.9601352927308443,6.001755184,-0.7782782762593882,-0.18185701647145613,0.65787439483728
6278.0,10.0197664199,-0.9952358285738805,16.892568202,-1.1201684862769878,0.12493265770310735,1.6859243513351874
62783.0,8.0781154519,-0.9073100557867788,15.43452366,-1.1795839661056584,0.2722739103188796,1.9106589589988774
62786.0,14.33875322195,-1.1245614508812496,3.044742264,-0.4835505357012404,-0.6410109151800092,0.21234358502934955
6279.0,122.6889300348,-2.088780175976556,13.40920782,-1.1274031216573457,-0.9613770543192102,0.1092943578218227
62817.0,12.659090308,-1.1024024980659604,7.87473027395,-0.8698644826623891,-0.23253801540357122,0.6220613079103725
62823.0,11.988233844,-1.0749487950233467,7.5004139839,-0.8750852348532351,-0.19986356017011164,0.6256479546112531
62835.0,100.7479484209,-2.003236211155042,17.32672286595,-1.2377163081889293,-0.7655199029661128,0.1719809002319654
6285.0,5.96027300595,-0.7656009810423801,10.572052404,-1.0241593071944082,0.2585583261520281,1.773753046789328
62852.0,10.0199962719,-1.0008675599450434,4.618295164,-0.6644816860519235,-0.3363858738931199,0.4609078724860918
6288.0,12.27148356,-1.088897069896816,9.29033950995,-0.9371963912265187,-0.15170067867029724,0.7570673476051986
62882.0,18.11308119995,-1.2247121748372625,33.5824161629,-1.5261119392250755,0.301399764387813,1.8540421583817948
62884.0,12.29104161595,-1.0831154518445691,13.669842416000002,-1.1136509254220088,0.030535473577439687,1.1121793289073842
6291.0,13.88986241195,-0.8213331640885917,9.3663726839,-0.9715714341786215,0.15023827009002977,0.6743315668729546
6292.0,15.298637,-1.1765581773840414,5.5184560599,-0.741817588878484,-0.4347405885055574,0.36071553693966335
62923.0,7.4861933841,-0.8742610416620186,9.669362172,-0.985397827307742,0.11113678564572338,1.2916260208475048
6293.0,27.109102344,-1.4303879602662617,22.25321727995,-1.3473348773744538,-0.0830530828918079,0.8208762133680629
62935.0,19.980535944,-1.3001189850036903,12.79203708595,-1.1057022621413368,-0.19441672286235345,0.640224922985179
62937.0,138.7339682641,-2.1421828087553982,30.7750559497,-1.4793991924258059,-0.6627836163295924,0.22182783592778998
6294.0,2.737485692,-0.4373518579297506,12.22559846595,-0.9954209072825633,0.5580690493528127,4.465995384625375
6295.0,8.91869997595,-0.9502907261047507,11.446931186,-1.0333047799253932,0.08301405382064242,1.283475306588133
62960.0,76.9882519863,-1.8864244591103982,50.8280627587,-1.7061013890794379,-0.18032307003096038,0.6602054397565075
62978.0,10.578281068,-1.0244151021667771,34.25634167755,-1.4412464178074658,0.41683131564068865,3.2383656151071363
63002.0,10.88894292995,-1.0338621018924918,4.2721522719,-0.6306467238115481,-0.40321537808094376,0.3923385676078308
63047.0,271.8040244972,-2.4342558828747194,11.590714264,-1.0641101996698725,-1.3701456832048469,0.042643644756332165
63049.0,244.913422764,-2.3890125877894333,14.5483095479,-1.1628125330696857,-1.2262000547197476,0.059401846512589215
6305.0,10.888129396,-1.0369532734402138,10.0545907799,-1.0023643995823985,-0.03458887385781528,0.9234451956085111
63112.0,18.439859333999998,-1.2656984359626036,37.333638399899996,-1.5717158807151805,0.306017444752577,2.024616225301841
6318.0,7.9630407961,-0.9010789407012301,14.28266333605,-1.154687874073219,0.25360893337198886,1.7936192594975924
6321225.0,15.8612447839,-1.200337267569557,9.5290242919,-0.9478288258352463,-0.25250844173431064,0.6007740515783769
6321253.0,6.869858155899999,-0.836853271975093,4.36359510605,-0.606580866487608,-0.23027240548748495,0.6351797965875671
6321405.0,21.7043341041,-1.3365464660857465,13.9219569,-1.143700284925334,-0.19284618116041252,0.641436721035828
6322.0,17.315985636,-1.2384472168842164,7.926919836,-0.8991044662470281,-0.33934275063718833,0.45778045804796136
6327114.0,22.8326768719,-1.358556830567955,9.7453589599,-0.9887978405221532,-0.3697589900458017,0.4268163130663641
6327116.0,4.7118643479,-0.6731927788489694,12.3753650479,-1.0925580185914892,0.4193652397425197,2.626426427877852
6327349.0,17.1222357399,-1.2335604721464204,14.551659109900001,-1.1626987728348848,-0.07086169931153563,0.8498691018480855
6327366.0,8.0142767079,-0.9038643331852075,8.672683352,-0.938153490171072,0.03428915698586443,1.0821542190390034
6327514.0,9.99107084795,-0.9239774834924213,11.6316006504,-0.9968886686766109,0.0729111851841896,1.1641995965614245
6327594.0,8.15552232995,-0.9084468078920405,61.4270811678,-1.7883598794277409,0.8799130715357004,7.531961618475098
6328152.0,6.1144775559,-0.7863593551935923,23.7946014639,-1.3764784351915724,0.5901190799979801,3.8915183261961674
6328250.0,6.15989344,-0.7895731993689263,9.1553060439,-0.9616728664919427,0.1720996671230164,1.4862766918091361
6328651.0,9.736901541950001,-0.9869294592418305,27.689842932,-1.4423204922584256,0.4553910330165951,2.8438043470710275
6333.0,9.514230055999999,-0.9689638213312481,5.4066752399,-0.7329302838062103,-0.23603353752503786,0.5682724937358821
6335412.0,9.8176420919,-0.9920071955835584,7.942587858,-0.8901342106599432,-0.10187298492361518,0.8090117549256552
6342.0,8.751174796,-0.9420663585277294,5.6148671179,-0.7197672555980328,-0.22229910292969657,0.6416129546934032
6348.0,4.2234739459,-0.5731710797944205,9.79816744995,-0.9883481524781315,0.41517707268371096,2.319930837850134
6358.0,7.011968764,-0.8458399727878937,11.5710900519,-1.0633742734915959,0.21753430070370217,1.650191328761601
636396.0,24.1012029719,-1.3820387202105269,11.16638766,-1.0479127010422984,-0.3341260191682285,0.46331246091819894
636398.0,166.03813315924998,-2.220061476149078,4.9830754359,-0.6974974617540648,-1.522564014395013,0.03001163251528881
6364.0,8.42926052795,-0.9251529795191864,11.4841912839,-1.060100417614994,0.13494743809580756,1.362419781168273
636402.0,6.22344455,-0.7826715808153749,11.3338017479,-1.0543756116453322,0.2717040308299573,1.821146096320566
636411.0,17.57848642,-1.24498147780596,27.50878236,-1.439471367342195,0.19448988953623503,1.5649118873341543
6364671.0,10.416813544,-1.0177348905667363,22.058428048,-1.3435745600350808,0.32583966946834453,2.117579234266459
6365.0,14.390348228,-1.1580713034341035,15.32555198,-1.1854161254450066,0.027344822010903158,1.0649882641603021
6366.0,12.538978624,-1.0982621620109403,9.26251027595,-0.9525960480405194,-0.14566611397042084,0.7386973495768836
6374.0,22.066146836,-1.3437265038023982,15.544360135949999,-1.1884018705524542,-0.15532463324994406,0.7044437912735186
6375.0,7.330265424,-0.8651197004380686,20.57654425995,-1.2019302052792986,0.33681050484123,2.807066739026993
637511.0,21.825783996,-1.338876250777378,15.739926451950002,-1.1808127693983068,-0.1580634813790711,0.7211620189604484
637531.0,18.6544614679,-1.2707827159930223,10.729058644,-1.0305616191094045,-0.2402210968836178,0.5751470586520131
637563.0,8.294592772049999,-0.7938812341142163,22.461938138,-1.351446603322656,0.5575653692084397,2.7080218107499157
637564.0,2.504241252,-0.398676165339247,37.7673003459,-1.5771159420215521,1.1784397766823052,15.081334642074651
637566.0,14.507627956,-1.1615964096925158,13.33232958395,-1.124728841582174,-0.036867568110341864,0.9189875577444812
6377.0,5.0582566379,-0.6663560237907076,14.0626589279,-1.1480674436239688,0.48171141983326127,2.7801394698981294
637759.0,28.1861640239,-1.4500359748921599,15.9739668199,-1.2034127780087285,-0.24662319688343137,0.5667307834565616
637892.0,3.1195898239,-0.4940974950032438,7.82952137805,-0.8475541560833638,0.35345666108012,2.5097919342042894
638014.0,8.282107426,-0.9081008013997465,20.083608921950002,-1.3021841121135993,0.39408331071385283,2.4249394373829998
638024.0,131.46684690405002,-2.1144213035082946,14.662701136,-1.166213982610766,-0.9482073208975286,0.11153154944608545
638034.0,10.6788927599,-0.9953934185245945,35.2753572958,-1.5474714213153578,0.5520780027907632,3.3032785410357777
638081.0,11.7509782379,-0.992398024368949,8.91540075395,-0.9422899006392895,-0.05010812372965945,0.7586943464158145
638088.0,34.1464942756,-1.5333461225148992,9.343849848,-0.9705258508825158,-0.5628202716323835,0.2736400923791705
638144.0,7.35791774,-0.8667549281996774,12.317015434,-1.0807818645797609,0.21402693638008352,1.6739811274378285
6383.0,11.988877596,-1.078778526161336,18.6251832699,-1.2701005548546753,0.19132202869333925,1.553538529421149
6385.0,5.9653088199,-0.7756329317124452,12.44127238,-1.0948647983093904,0.31923186659694525,2.085604074427208
638500.0,17.4075735399,-1.240738238568589,32.3757151149,-1.51021936989317,0.26948113132458107,1.8598637564673464
6396.0,11.286796674000001,-1.0487461057612548,9.633274052,-0.9837739154796021,-0.06497219028165269,0.8534993878458875
6397.0,12.9658675199,-1.1128015798405138,19.648396368,-1.2933271105919213,0.18052553075140754,1.51539388612784
6398970.0,8.8497293319,-0.9469299880469937,6.3889108279,-0.805327187524131,-0.14160280052286267,0.7219329075828727
6400441.0,8.3270318719,-0.9204902269332836,26.51220378,-1.4234458291934495,0.5029556022601659,3.183872019208526
6403.0,8.263789512,-0.9171792466842285,14.904022744,-1.1733035046355131,0.2561242579512847,1.8035336841962872
6405.0,11.64696758995,-1.0513420240421147,9.52927487395,-0.9540713147020333,-0.09727070934008142,0.8181764738636925
6406.0,6.0693175959,-0.7831398638931645,9.65562066,-0.9799601971597363,0.19682033326657178,1.5908906573817543
6409.0,2.6401888759,-0.4216349968800513,23.187130117949998,-1.3544603299184121,0.9328253330383609,8.782375507148465
641245.0,4.7273883839,-0.6746212837193897,15.47207574195,-1.1400817178501255,0.4654604341307358,3.2728590260624726
641256.0,12.81695196795,-1.0233078826574413,22.4551643799,-1.3513162386025728,0.32800835594513145,1.751989430564401
6415.0,19.847880928,-1.2977141458395423,11.926507508,-1.0765132859114772,-0.22120085992806504,0.6008957606741242
6416.0,4.47934268,-0.6512142882406743,7.997456627949999,-0.9029489438171328,0.25173465557645847,1.7854085296171176
64184.0,25.110496512,-1.399855300139841,5.262456532,-0.7211885215771204,-0.6786667785627206,0.20957198235746297
6419.0,14.9880093961,-1.175743956684444,16.171682896,-1.2087552168399947,0.03301126015555056,1.078974696947281
6419888.0,2.910287564,-0.46393590351792047,12.40933600395,-1.090138317873746,0.6262024143558256,4.263955272823342
6419941.0,9.44216542,-0.9750716046912847,9.6345549839,-0.9838316595726856,0.008760054881400858,1.0203755765062628
6419942.0,14.911964229950001,-1.0666374356403021,8.7432286399,-0.9416718355596799,-0.12496560008062219,0.5863230695215607
6419962.0,5.8036954079,-0.7637046115294027,4.185567092,-0.6217543077871794,-0.14195030374222328,0.7211900001338112
6420010.0,3.3008249439,-0.5186224925477613,21.6204572379,-1.3316803844625924,0.8130578919148311,6.550016315725891
6420013.0,10.3433077439,-1.0146594464175063,9.46780606795,-0.9730076430269994,-0.04165180339050689,0.9153557355511993
6420022.0,14.94226162835,-1.1556410685359855,12.051011546,-1.0798696084903943,-0.07577146004559121,0.8065051894912332
6420033.0,7.5,-0.8750612633917001,10.1231964599,-1.0053176652415392,0.1302564018498391,1.3497595279866668
6420038.0,17.695498612,-1.247862804407236,8.338120336,-0.9210681585863513,-0.3267946458208847,0.47120007855249685
6420039.0,7.6084441559,-0.8812958573502426,14.925966144,-1.1554982699826108,0.2742024126323682,1.961763251219449
6420042.0,11.344833612,-1.0102978434430043,12.2796440839,-1.046967840033298,0.036669996590293685,1.0823996634830504
6421.0,13.3245495619,-1.0882809434364034,16.268214152,-1.2113398807487619,0.12305893731235851,1.220920382818573
642197.0,23.5149573639,-1.3713441956426025,14.3433083959,-1.1566493362943986,-0.21469485934820387,0.6099653158597578
6423.0,23.4124815065,-1.209479333232168,10.6935301919,-1.0291210999487859,-0.18035823328338219,0.45674484308428215
6426773.0,109.6262175778,-2.039914429948859,28.846360376,-1.460091024828532,-0.5798234051203273,0.2631337741405535
6427097.0,6.740994416,-0.799943652282113,4.7953302079,-0.6808185181868068,-0.11912513409530612,0.7113683697049364
6428555.0,4.43992291,-0.5879544762834047,10.6373240759,-1.0268323906251802,0.4388779143417755,2.3958353087486377
6432115.0,15.2838658479,-1.184233217071039,10.02064458595,-0.9912628360861085,-0.19297038098493047,0.6556354711348658
6433208.0,22.5161791879,-1.3524946961973732,24.52595384795,-1.3889019351945033,0.036407238997130165,1.0892591342109248
6433266.0,50.8783787974,-1.7065332643824842,25.226020496700002,-1.357581914849531,-0.34895134953295326,0.4958102261306547
6433573.0,16.0486022599,-1.1907680225845534,12.963659955699999,-0.9481552118180814,-0.242612810766472,0.8077750165253815
6433944.0,13.73233913795,-1.1367750657109004,3.634391012,-0.5604316497795968,-0.5763434159313036,0.2646592816773787
6434236.0,20.827196024000003,-1.3096872659585068,18.9781581279,-1.278254060899235,-0.03143320505927183,0.911220027219733
6434250.0,7.646887452,-0.8834846982267158,28.7351712439,-1.4584137896047165,0.5749290913780006,3.7577604514611345
643460.0,13.966979089999999,-1.0551681273889761,18.8895456481,-1.2762215119241576,0.22105338453518142,1.3524431823360024
6434871.0,26.829391372,-1.402578340656158,6.36962295205,-0.7893971820440862,-0.6131811586120719,0.23741212999328565
6435335.0,10.492300718,-1.0202168747095635,25.91433841995,-1.4060204565499825,0.3858035818404191,2.469843279986516
6435993.0,10.7546937879,-1.0315980494869845,24.81948389,-1.3919722502140468,0.3603742007270623,2.30778154910595
6436.0,137.5287640834,-2.12738598724947,20.93850802595,-1.3175934002858072,-0.8097925869636629,0.15224820906012432
6436079.0,20.5820562639,-1.3134887610704638,32.291331032,-1.5090147211099643,0.1955259600395005,1.5689069458350253
6436135.0,49.2432313676,-1.6799738319027777,9.38849589195,-0.9720659506522464,-0.7079078812505313,0.19065556079910792
6436730.0,5.599903092,-0.7481805114751627,10.781415336,-1.0326757768309924,0.2844952653558297,1.9252860556466216
643684.0,18.590070856,-1.2692810450871845,13.702953552,-1.1368141856299152,-0.13246685945726933,0.737111421368108
6437380.0,18.2032183079,-1.2601481775344963,17.8324884519,-1.2512119514490516,-0.008936226085444643,0.9796338290444441
6438130.0,13.498703112,-1.1302920456537169,6.32768473995,-0.7979522477102206,-0.33233979794349633,0.46876242017093117
643820.0,12.41074843595,-1.0927163604551087,4.2844298119,-0.63189303255502,-0.4608233279000886,0.34521929390570566
643833.0,6.5900686179,-0.8179319318535199,28.78390968795,-1.4589055604454844,0.6409736285919645,4.36777086201605
6438394.0,14.51210887,-1.1610054119363733,11.2071230999,-1.049494142283666,-0.11151126965270719,0.7722601311975963
643991.0,11.0172023239,-1.0420713250467972,18.284315878,-1.2610245901696355,0.2189532651228383,1.6596151491504518
644020.0,48.111740498,-1.6822510682932195,30.949525056,-1.4906539888281543,-0.1915970794650652,0.643284253191517
644025.0,9.4732286919,-0.9764980216745962,9.334017852,-0.9700686271702724,-0.006429394504323782,0.985304815873491
6440554.0,26.9134523121,-1.429969410284319,13.195751372,-1.1204341241826672,-0.3095352861016518,0.49030318440668175
6440556.0,12.34224212195,-1.0084552800833992,14.952590284,-1.174716433369691,0.16626115328629165,1.2114970794008035
644076.0,15.016393233899999,-1.1072056356063982,12.29384835995,-1.0821486303052996,-0.025057005301098556,0.8186951532539941
6440940.0,32.41001978205,-1.5092722942178944,28.864378724,-1.460362214194176,-0.04891008002371855,0.8906004660937072
6442.0,5.67649522,-0.7540802764844491,13.8335431599,-1.1409334294017524,0.38685315291730327,2.4369866658497776
644213.0,14.781541368,-1.148399694346595,9.699398376,-0.9867447971439279,-0.16165489720266712,0.6561831499519977
6446.0,47.21498433045,-1.673747215310115,19.96225141195,-1.2984616450418618,-0.37528557026825315,0.4227948329334909
6450551.0,90.3168110369,-1.9557685948433134,27.053052844,-1.4322162808471217,-0.5235523139961917,0.2995350758448187
6451143.0,24.1906868879,-1.3836482002093116,39.279321288,-1.594163974954449,0.21051577474513739,1.6237373279237979
6451155.0,8.169926088,-0.9122181275582484,32.8001684879,-1.515876074601231,0.6036579470429826,4.014744825669468
6451325.0,12.2586017279,-1.088440935395329,25.987115812,-1.414758081869617,0.326317146474288,2.1199086477256657
64517.0,11.5530975839,-1.0626984416510847,11.0433374439,-1.0364258552039782,-0.026272586447106505,0.9558767563159526
6461.0,167.2060672287,-2.216214936569674,10.345987504,-1.0147719495276237,-1.2014429870420504,0.061875670395674306
64710.0,12.2218313319,-1.0871362859186993,11.61611830995,-1.025789294988472,-0.06134699093022733,0.9504400768181902
64715.0,38.0398849809,-1.580238810883937,19.435370354,-1.2766989731390588,-0.30353983774487814,0.510920849622931
64740.0,13.7910561599,-1.1395975270063374,16.7987163479,-1.0676270939537194,-0.07197043305261808,1.2180877340450051
64772.0,5.9243675179999995,-0.7133461818308322,12.595225933950001,-1.0650964714849052,0.35175028965407296,2.1260034755916037
6479.0,19.0,-1.2787536009528289,11.0854465159,-1.0447531909539725,-0.2340004099988564,0.5834445534684211
64805.0,8.3657480239,-0.9225047795037763,11.187148568,-1.0183806413504894,0.09587586184671315,1.3372562185759809
64819.0,11.3268634319,-1.0541096642494587,14.217612456,-1.1528266720448035,0.09871700779534476,1.2552117840459474
64832.0,25.936237484,-1.41390697412067,12.454971804,-1.095342748702628,-0.3185642254180421,0.4802150586292033
64865.0,11.08272196395,-1.0427750742034911,7.464791233950001,-0.869825512998815,-0.17294956120467608,0.673552152461422
6490.0,10.601989048,-1.025387351258487,10.08884406195,-1.0038410246529874,-0.0215463266054996,0.9515991778781547
6491.0,12.7352243079,-1.1050065986773576,22.8949308559,-1.3597393362696375,0.2547327375922799,1.7977642405322742
6492.0,11.08342948,-1.0428049016804406,14.196112332,-1.151970362808406,0.10916546112796532,1.280841129328862
6494.0,3.8178698761,-0.5818211223146492,13.8400485799,-1.1411376145387646,0.5593164922241154,3.625070793150702
64947.0,5.0841047039,-0.706214485992467,11.106012272,-0.9929212534672732,0.2867067674748063,2.1844578187936636
6495.0,14.493400009950001,-1.0728620277344953,13.7352215959,-1.1378356704620962,0.06497364272760087,0.9476880225806577
6497.0,10.0950116879,-1.0041068261016033,12.1411951159,-1.084261438526253,0.08015461242464972,1.2026925268895508
6498.0,8.724837496,-0.9406288430941717,14.6987454,-1.1672802674618064,0.22665142436763464,1.684701337616753
650.0,11.778342196,-1.071084167718042,14.799266624,-1.1702401945137766,0.09915602679573454,1.2564812923355142
6503.0,4.0271700919,-0.6044856436963304,12.960881407999999,-1.1103314222203657,0.5058457785240353,3.2183595706743824
6504.0,7.7497170759,-0.8892858477168533,17.02192086395,-1.227316908911413,0.33803106119455983,2.196457070269651
6505.0,17.192442904,-1.2353375907270796,30.269351808,-1.4810031210152812,0.2456655302882016,1.7606195918183054
65064.0,21.353177690000003,-1.30628083901096,16.2059674399,-1.2096749620124148,-0.09660587699854517,0.7589487464195779
65067.0,139.618703052,-2.144943599434764,66.12455174,-1.8183585863585927,-0.3265850130761714,0.47360812193888074
65094.0,5.505297232,-0.740780771578922,33.060079501,-1.5193038936033685,0.7785231220244465,6.005139796782546
6510.0,4.979270028,-0.6971656788945507,9.878805635900001,-0.9842203710046125,0.28705469211006174,1.9839867250316556
65114.0,24.21999423,-1.3841740353438023,9.665361964,-0.9852181228264747,-0.39895591251732765,0.39906541150319674
6514.0,10.71601614195,-1.02904078590591,12.398803502,-1.0877877025720086,0.05874691666609855,1.157034791452244
6516.0,9.405205404,-0.9733682847188967,15.454911938999999,-1.1824453592497224,0.2090770745308257,1.6432296026652518
6518.0,14.623153383950001,-1.1137032045792783,26.49025224885,-1.3434501640278074,0.22974695944852908,1.8115280304674244
6525.0,3.75023204,-0.5740581398807604,9.7461079839,-0.9753450882696373,0.4012869483888769,2.5988013221443222
6526396.0,142.92925143435,-1.8578409328710015,23.085896036,-1.3615575271516849,-0.4962834057193166,0.16151974353971743
6527.0,10.3162002719,-1.0135197646540337,25.5610604879,-1.407578868050092,0.3940591033960583,2.47775923442714
65275.0,14.1390746979,-1.1311126228662802,26.645756736,-1.4256280586584564,0.2945154357921762,1.8845474194968042
6528.0,13.4542805681,-1.1288604799773119,22.109069944,-1.3445704736196773,0.21570999364236543,1.6432740369946235
6529.0,21.315000356,-1.3286853442366735,15.0689382719,-1.1780826538475497,-0.15060269038912377,0.7069640168998739
6532.0,5.363092072,-0.7294152528680278,17.278539992,-1.2235589524532768,0.49414369958524906,3.221749647411237
65326.0,4.027737696,-0.6050611796350326,16.268361132000003,-1.2086713496756514,0.6036101700406188,4.039081578762274
65332.0,13.6033471559,-1.107470901346785,8.9857456259,-0.9262476131454846,-0.1812232882013003,0.6605540182809149
6535.0,15.526534736,-1.1910745392468856,29.6323037284,-1.4713618427354782,0.28028730348859265,1.9084943441819122
65360.0,7.669615234,-0.8812420391527047,59.7751575959,-1.7765207297972565,0.8952786906445518,7.793762238672949
6537.0,15.39279808,-1.187317572414289,6.0652256599,-0.7828469636570371,-0.40447060875725194,0.39403009305894826
6537488.0,7.87031587595,-0.856116376595986,19.7465124959,-1.2954904043914288,0.43937402779544277,2.5089860187494013
6537489.0,118.9691473613,-2.0754343490563247,33.151703683,-1.520505851929738,-0.5549284971265867,0.27865799174235373
6537494.0,10.826534264,-1.034489454694999,7.025476124,-0.8466757621741224,-0.18781369252087654,0.6489127501642755
6537495.0,120.64302538665,-2.073328619513035,24.40049675395,-1.3412563224784697,-0.7320722970345654,0.20225368748627295
6537498.0,50.791854433850006,-1.7057745145559278,23.4783987119,-1.3706684735678971,-0.33510604098803065,0.4622473224024072
6537499.0,14.998674212000001,-1.1109947807933604,23.224236162900002,-1.3199891091108715,0.20899432831751108,1.548419269239075
6537503.0,11.8608153959,-1.0741145465128341,14.720825389949999,-1.1639243927502747,0.0898098462374406,1.2411309761248486
6537505.0,24.2541944359,-1.3847868548081648,18.192685581950002,-1.1898883362059671,-0.19489851860219765,0.7500840990629638
6537506.0,9.9699613999,-0.9986934768830817,27.27227019195,-1.4343162215044538,0.43562274462137207,2.7354439097651415
6540.0,14.256863339950002,-1.1505594454898223,17.041048022,-1.1954471028948626,0.044887657405040304,1.1952873234218544
6545.0,4.960106744,-0.6954910228271622,15.55188148195,-1.1023908497175676,0.4068998268904054,3.135392499518756
65457.0,13.4582250879,-1.1289877875730492,24.17658332,-1.383394925552239,0.2544071379791899,1.7964169243785826
6547.0,13.900770726,-1.1354037623021123,10.365865792,-1.0156055816816774,-0.1197981806204349,0.7457043926788668
65477.0,10.468932268,-1.0199023900110324,12.8265999119,-1.1081115484094515,0.08820915839841903,1.2252061226058935
65478.0,165.8529960347,-2.2197233211951777,9.5295398999,-0.9790719327728227,-1.240651388422355,0.057457749499479745
6548.0,14.716658213950002,-1.1363453147149465,4.900367144,-0.6902286193428058,-0.4461166953721407,0.3329809711388768
6549.0,9.648419676,-0.9844561856550101,6.056066041999999,-0.7744250340178129,-0.2100311516371972,0.6276744011316366
65492.0,122.60139049610001,-2.087079663881916,29.812673873,-1.4744009292769105,-0.6126787346050053,0.24316750203537335
65495.0,26.893530148,-1.429647813125884,21.4421105102,-1.2950096503172683,-0.13463816280861574,0.7972962415941736
65522.0,29.311569224,-1.4670390694476887,10.1279049,-0.9942858346115651,-0.47275323483612364,0.34552585099085653
6554.0,7.9739004079499995,-0.9008031648102316,15.68728531995,-1.1509745277897938,0.2501713629795622,1.967328975454689
65552.0,15.027822761949999,-1.1039567256972864,10.024843284,-0.9624496908161166,-0.14150703488116978,0.667085541451993
65596.0,15.7002334,-1.1072200461604935,12.418233576,-1.094059824282222,-0.013160221878271594,0.7909585328839761
65600.0,13.620722562,-1.1179484987232995,18.2369456439,-1.2609521036702893,0.14300360494698983,1.3389117619045152
6563.0,8.47455848,-0.928117080952454,16.4091430321,-1.2150859006052912,0.28696881965283716,1.9362829427427586
65632.0,9.14208628595,-0.9567911130465974,3.5498953279,-0.5502155476506921,-0.4065755653959052,0.38830254023697525
656511.0,37.420401946,-1.5731084481023208,6.52745019395,-0.76239557508818,-0.8107128730141407,0.17443559808281917
656582.0,7.536592684,-0.8771750444118638,24.6110684079,-1.391024960306065,0.5138499158942011,3.2655431227096416
656583.0,28.6247791729,-1.2990948613779663,31.8169373137,-1.491528341884142,0.1924334805061758,1.1115173018984237
65659.0,31.172687688,-1.4937742484669703,15.82603779195,-1.188651301854188,-0.3051229466127823,0.5076892294417805
656597.0,10.2659997279,-1.0114012484137824,16.6031290399,-1.2201899432630743,0.20878869484929186,1.6172929553833444
656604.0,12.358571558000001,-1.0392936149165342,14.324781392,-0.9566236500179941,-0.08266996489854006,1.1590968523160126
656612.0,10.73456043995,-1.0305846223485902,6.7909794519,-0.831932416383408,-0.19865220596518218,0.6326276227041888
656634.0,3.6272189239,-0.5595737685863424,8.1544482839,-0.9113945827443714,0.3518208141580289,2.248126858340358
656678.0,8.05238764,-0.9059246735515322,17.0467369759,-1.2316412602210898,0.3257165866695576,2.1169791790972448
656743.0,8.3009750279,-0.8150531676477617,6.453136156,-0.809770828469229,-0.005282339178532713,0.7773949607498735
6568.0,22.1770146799,-1.3459030839544481,36.9790186382,-1.5586286561371092,0.21272557218266108,1.6674479938779003
65681.0,28.435891284,-1.453866845166231,11.8726824239,-1.074548851244958,-0.3793179939212732,0.41752453986136856
656832.0,21.417550652,-1.3039614278475145,19.24805282395,-1.2820165881976613,-0.021944839649853165,0.8987046715424759
6569.0,14.6198537239,-1.1649430273946961,13.924403628,-1.1437766037297812,-0.021166423664914946,0.9524311180512631
6570.0,5.5,-0.7403626894942439,6.81228637,-0.8332486388470703,0.09288594935282646,1.2385975218181817
65708.0,8.4493326639,-0.926822409324764,6.56860292,-0.8174730090339686,-0.10934940029079543,0.7774108537665385
65709.0,16.870998772,-1.227140793811922,5.3289242439,-0.7266395463452361,-0.500501247466686,0.3158629975567401
65710.0,11.001005116,-1.0414323666482728,60.7933659667,-1.7780281966466491,0.7365958299983764,5.52616468455972
657180.0,5.28975971595,-0.7155234196058848,6.932215901999999,-0.770374824233722,0.05485140462783722,1.310497314480574
657201.0,9.2758338039,-0.9673492455483603,24.122098184,-1.3824150808355207,0.41506583528716035,2.600531520288551
657220.0,8.5,-0.9170513278563968,10.83306937395,-1.0047349183374203,0.08768359048102359,1.2744787498764705
657237.0,5.9742990519,-0.7762869580303026,59.138541544,-1.7718706098890642,0.9955836518587616,9.89882512245386
657298.0,10.999975732,-1.0413917270245785,11.1051685839,-1.0451129237671328,0.0037211967425543335,1.0095630076340971
6574.0,9.28675800395,-0.8611413054235451,5.8992225279,-0.7707947787452217,-0.09034652667832332,0.6352294875553819
6575.0,5.475281847950001,-0.7142246727631736,9.089135424,-0.9585225742622715,0.2442979014990979,1.6600306023338436
65758.0,73.4944446167,-1.8662545123699679,14.956726776,-1.174231208793076,-0.6920233035768919,0.20350826316199433
65760.0,19.341896084,-1.286499045675386,14.021422452,-1.146792074380836,-0.13970697129455,0.724924918999994
65768.0,28.246512928,-1.450964841196089,28.801175704,-1.4594102166251222,0.00844537542903323,1.0196365044214069
6577.0,19.213821888,-1.2836137604773699,14.551657947950002,-1.1339060334659659,-0.149707727011404,0.7573536401437263
65770.0,13.41283975195,-1.1267166973217533,18.401859208,-1.2648617036065049,0.13814500628475157,1.3719584777209228
65781.0,10.252281409950001,-1.0096481996158508,6.4718173679,-0.8110262531604007,-0.19862194645545017,0.6312563135088156
6579.0,18.67237360395,-1.2498990792867974,16.72977424805,-1.2119712769641873,-0.03792780232261017,0.8959639841670125
6582.0,13.2953852399,-1.1237009257321853,7.9068960079,-0.8890130601149732,-0.2346878656172121,0.594709808345461
6586.0,16.86479731,-1.0925992555379618,16.366599726,-1.2126463414229691,0.12004708588500734,0.9704593197983712
6587.0,11.62722069795,-1.0370247630042224,12.17323701605,-1.0514589913816739,0.014434228377451452,1.0469601749450124
65889.0,22.369503394,-1.3494132877797504,36.1342240439,-1.5579187329969955,0.208505445217245,1.6153342078032902
6589.0,27.22694006765,-1.3116916684770399,27.140948532,-1.4336250214746051,0.12193335299756525,0.9968416746268094
65894.0,4.4943692879,-0.6526687541329722,8.580693884,-0.931876232978047,0.2792074788450748,1.9092097988257084
6590.0,22.214926320049997,-1.1718542087376982,20.218656336000002,-1.3048011034232334,0.13294689468553522,0.9101383477356723
6591.0,23.590840736849998,-1.3242212806552298,11.6826448679,-1.0675411750966926,-0.25668010555853726,0.4952195217719037
6593.0,9.87364908,-0.9944776878695532,18.39906974795,-1.2038187439301133,0.2093410560605602,1.8634518604898607
65940.0,8.996538364,-0.9540754362609957,12.81815102,-1.030626588745862,0.07655115248486644,1.4247870126683764
65947.0,25.2604122659,-1.3894475992375428,6.233734644,-0.7947483113993846,-0.5946992878381582,0.24677881652846803
6595.0,24.8194743999,-1.3947925802392591,15.758597704,-1.1975175687048896,-0.19727501153436955,0.6349287438602444
65953.0,20.9308107759,-1.3207860514958565,21.5986021919,-1.334425645595936,0.013639594100079533,1.031904708477366
65957.0,10.215224872,-1.00924793137902,18.778643242,-1.259610024512333,0.25036209313331304,1.838299545756686
65958.0,2.8635326879,-0.4569021450514323,5.332221024,-0.7269081429012603,0.270005997849828,1.8621128533058364
6597.0,8.0622963399,-0.9064587571534334,23.403328426,-1.3690978027244771,0.46263904557104374,2.9028117349368334
6598.0,8.563970226,-0.9239711928365733,14.533534892,-1.162371257613812,0.23840006477723885,1.6970557473304322
65981.0,86.1641785439,-1.9353267519723176,23.0530629619,-1.3627286364101232,-0.5725981155621944,0.26754810817530905
66.0,8.6295151359,-0.9359863948208044,10.481238925949999,-1.0133843211768068,0.0773979263560024,1.2145802818453342
660.0,6.7786716479,-0.8311445976269771,16.605151844,-1.2202428513110855,0.38909825368410833,2.4496173743928424
66011.0,14.20898627395,-1.0231757966379162,11.0425169279,-1.0430680736934286,0.01989227705551233,0.7771502283836225
6602188.0,6.842287092,-0.8352012925698298,16.9666162199,-1.2295952363331102,0.3943939437632804,2.479670319554022
6603108.0,11.276860584,-1.0521882112773373,17.443279236899997,-1.241126005888503,0.18893779461116567,1.546820509747999
6603149.0,10.3546872119,-1.0151369845237705,14.6655111559,-1.1662972046038556,0.151160220080085,1.4163161914775986
6603759.0,9.6301347759,-0.9836323652159233,13.801077964049998,-1.116244416944138,0.13261205172821455,1.433113687940073
6603901.0,23.6837910819,-1.3669814982070339,31.04858602,-1.4920418268090798,0.12506032860204597,1.3109635156226502
6603980.0,12.639597924,-1.0985622923211773,9.25102483,-0.9660738046561494,-0.13248848766502785,0.7319081576506642
6604087.0,9.549099976,-0.9799624402877627,17.490053664,-1.242791142008312,0.2628287017205493,1.8315918471854107
66041.0,11.633989068,-1.0596210847918426,13.59805966,-1.1334769422618274,0.0738558574699848,1.1688217670242014
6604122.0,39.28115387595,-1.5921956768767098,14.821504132,-1.1708922794247074,-0.4213033974520024,0.37731845094994804
6604495.0,9.74232139795,-0.9343904762470987,12.06262522005,-1.0671075669743033,0.1327170907272046,1.2381674477079192
6604557.0,13.4569866839,-1.1289478226618677,4.5463980399,-0.657667455798244,-0.4712803668636236,0.3378466626068175
6604561.0,15.20775609795,-1.177074841268051,10.83454090995,-1.0338360210385162,-0.1432388202295347,0.7124352100445964
66061.0,2.2525963799,-0.3526833818323518,20.558654996,-1.312994698507939,0.9603113166755872,9.12664833320591
66063.0,14.945459444,-1.1581238468323727,23.189567472,-1.3652926483242538,0.2071688014918811,1.5516128867694112
66068.0,5.4187008239,-0.7338951735043397,13.52998660395,-1.12434791962701,0.39045274612267034,2.496906000839527
66070.0,17.43148587405,-1.188276306674013,32.91868342185,-1.5168535258061753,0.3285772191321623,1.888461124869198
66094.0,23.726562336,-1.3752348192685169,13.794190088,-1.1396962063999623,-0.2355386128685546,0.581381739699824
6610.0,11.5156198119,-1.0612873182137297,13.94589552,-1.1444464072293297,0.08315908901559999,1.2110416762446954
6616.0,6.30359460395,-0.7949036222264512,17.2554064,-1.236925192268421,0.44202157004196985,2.737391517720271
66166.0,7.102875082000001,-0.8364717119566002,5.8423004439,-0.7665838870731349,-0.06988782488346534,0.8225261427876537
66172.0,5.31754294,-0.7257110055855344,30.628695199200003,-1.4342010436140673,0.7084900380285329,5.7599337785883495
66187.0,13.426824660000001,-1.0930998024856091,8.580173308,-0.933496060103708,-0.15960374238190111,0.6390322004845486
6619.0,8.22290394,-0.8991438621048304,22.609736524,-1.3538565662403346,0.45471270413550413,2.749604846289862
6620.0,7.4642718459,-0.8710815647189187,20.0597543801,-1.3023256110363297,0.431244046317411,2.6874362019811064
6623.0,7.520626432,-0.8762540167392615,24.162088501950002,-1.38313008955598,0.5068760728167184,3.212776052689064
66245.0,15.9889103119,-1.2038188663944556,10.64743721795,-1.013899678633455,-0.18991918776100047,0.6659263833649424
6625.0,8.71251874,-0.9397020516708663,7.85222001795,-0.894780136498343,-0.04492191517252331,0.901257173990308
66251.0,26.97086977405,-1.4306243744936824,21.2343372239,-1.3270387101350327,-0.10358566435864969,0.787306356887704
66264.0,7.9371725639,-0.8996658225048113,7.2086258159,-0.857852482825901,-0.04181333967891032,0.90821079645999
6627.0,7.684992846,-0.8790726464676493,5.755308112,-0.7600685786625144,-0.11900406780513484,0.7489022081517758
6629.0,16.357610992,-1.2137198758173877,21.632397004,-1.3351046446324908,0.12138476881510307,1.3224667718641636
6634.0,14.586789488,-1.1639597153974917,17.57019534,-1.2447765898739238,0.08081687447643215,1.2045279294977373
6635.0,12.20349377595,-1.0806298489181025,6.521103912,-0.8143211206258996,-0.266308728292203,0.5343636856562706
66357.0,5.8081671879,-0.7640391090242309,6.78831281195,-0.8267970619344434,0.06275795291021247,1.1687529976912359
66359.0,48.79116005415,-1.6879050394616295,22.3026412491,-1.3483562985631292,-0.3395487408985003,0.45710413985541254
6636.0,8.534517791899999,-0.9183838160755713,10.9260113679,-1.0050278079615205,0.08664399188594918,1.2802142586508796
6637.0,4.5780704119,-0.6606824679506842,6.146958006,-0.7884639526267934,0.12778148467610917,1.3426962569256067
6640.0,8.360848143950001,-0.903957169095039,11.353793828050001,-0.9855949895049194,0.08163782040988043,1.357971539797159
6641.0,8.587951236,-0.9338895697655802,15.972149224,-1.2032684799110147,0.26937891014543447,1.8598323144926623
6643.0,12.0789293919,-1.082028442580214,10.12382682395,-0.9981279360832955,-0.08390050649691849,0.8381394157944935
66435.0,10.5338751999,-1.0225881687475076,10.540803682,-0.9998821494326595,-0.022706019314848058,1.000657733452174
66449.0,11.384175476,-1.0563015813551426,13.239441372,-1.1210786072364456,0.06477702588130296,1.162968842136284
66461.0,12.056830068,-1.0812331398990094,15.6814864,-1.194705557737536,0.11347241783852668,1.300630954534243
6649.0,16.122653096,-1.2074365095623845,11.126475704,-1.0463576239317673,-0.16107888563061712,0.6901144394628486
66491.0,15.772491708,-1.1819152686644965,37.1262018119,-1.5696805210950602,0.3877652524305637,2.3538577479846854
66494.0,11.1283937959,-1.0464324854563447,12.74998352795,-1.0923681416017308,0.04593565614538608,1.1457164224946317
6650.0,5.3499965479,-0.7283535017916088,19.3434851237,-1.283894801881084,0.5555413000894752,3.6156070289975744
6654.0,2.297327884,-0.36122298389750507,9.7874427639,-0.9904000602577883,0.6291770763602832,4.260359538603851
66571.0,6.38246947795,-0.7759511133535306,10.7321906679,-1.0306883797361366,0.25473726638260596,1.6815106919002605
66573.0,7.8498683079,-0.8948623709322482,23.46271585195,-1.3548371608577718,0.45997478992552365,2.9889311427476364
6658.0,4.286523508,-0.6321052098116591,28.8424847898,-1.3705694978305127,0.7384642880188537,6.728642625188187
66597.0,39.897696736200004,-1.5970320686405355,12.925139167900001,-1.06570484775441,-0.5313272208861255,0.3239570257240628
66609.0,5.771546268,-0.7612921815605133,26.58413636395,-1.4061883129413197,0.6448961313808065,4.606068309864237
66636.0,6.8722512639,-0.8370990298293519,17.75113846,-1.2492262115342465,0.4121271817048946,2.5830165077413416
66666.0,8.62386373595,-0.9356931292763253,7.5894193560000005,-0.8687767202498897,-0.06691640902643559,0.8800486172296824
6669.0,11.4079385441,-1.057207172918893,9.4154649159,-0.973841769432331,-0.08336540348656196,0.825343236159834
6672.0,10.7620460199,-1.031894844813792,31.357967742,-1.4954614779383464,0.4635666331245545,2.913755217550294
66743.0,14.0884889,-1.148864414146619,14.43857222,-1.1595242494917237,0.010659835345104618,1.0248488906429134
667476.0,10.187439312,-1.008065034602804,4.77830617595,-0.638051712338749,-0.3700133222640549,0.46903898316444764
667483.0,2.074314784,-0.31687466265121544,8.255928248,-0.9167659098605251,0.5998912472093096,3.9800749200078984
667490.0,124.1109661624,-2.0937941208759137,28.166496571750002,-1.4495793931141723,-0.6442147277617414,0.22694607449025866
667493.0,34.445127006999996,-1.4593560285290208,21.97221302,-1.341873800842771,-0.11748222768624972,0.6378903179986758
66755.0,19.78287152195,-1.2959542184171307,12.6502811519,-1.1021001777934076,-0.19385404062372302,0.6394562658845524
66760.0,8.68919684,-0.9389796355883557,11.928200061950001,-1.0577453572584163,0.11876572167006061,1.3727620954608277
66793.0,24.249915576,-1.384710230981946,8.777216364,-0.9433568041254314,-0.44135342685651446,0.36194832664435167
6680.0,11.2823,-1.052397643573416,6.228404996,-0.7943768443921345,-0.2580207991812814,0.5520509998847754
6681.0,13.076052844,-1.116476667017786,13.6832152439,-1.1311713576834848,0.01469469066569884,1.0464331558723088
66826.0,7.177910166,-0.8419396119106088,7.6842376119,-0.8837747759970644,0.0418351640864556,1.0705396743885636
66829.0,6.8954117339000005,-0.7550134231276667,17.472514184,-1.2308628329221198,0.4758494097944531,2.533933412286268
66854.0,18.16972608395,-1.2577810971386132,8.856287324,-0.9472266830116537,-0.3105544141269595,0.4874199689682219
66858.0,12.41697436395,-0.9791851428919223,27.2955116959,-1.4360912402291859,0.4569060973372636,2.198241769359419
66885.0,14.4393241039,-1.159546864645211,24.5944055921,-1.390836330811168,0.23128946616595703,1.7032934100743091
66909.0,42.3871214616,-1.6272339243344205,23.4202546254,-1.3695916124188825,-0.257642311915538,0.5525323215594443
67000.0,13.628336108,-1.1344428357888339,80.0270275775,-1.903236686309637,0.7687938505208032,5.872105511877063
67005.0,16.18235866,-1.2023566891434383,11.7975196801,-1.0717907104864177,-0.13056597865702058,0.7290358549067038
6702.0,102.7394113934,-2.0117370732694684,17.758700422,-1.2458696920406718,-0.7658673812287966,0.17285188012222563
67045.0,4.6223923679,-0.6648668074307094,7.381227836,-0.8681286108807265,0.2032618034500171,1.5968414726665376
67058.0,8.93041475195,-0.9474426839460642,11.803456776,-1.0720092139917357,0.12456653004567142,1.321714288065138
67065.0,14.6060962719,-1.164534158842549,14.378870752,-1.1065550261456896,-0.0579791326968595,0.9844431040525763
67123.0,22.1032625241,-1.344456381904069,13.4216462999,-1.1278057896862264,-0.21665059221784255,0.6072246703519848
6714002.0,219.4935578155,-2.3414217781260334,3.0247755439,-0.48069315298439985,-1.8607286251416335,0.013780703060280885
67151.0,16.169138504,-1.2086868811973088,14.132069416,-1.150205762000263,-0.058481119197045794,0.8740149892651325
671690.0,11.824594676,-1.0727862628987683,37.4974740001,-1.5740020126672545,0.5012157497684862,3.1711424389207536
67174.0,15.499010213950001,-1.052990873404155,39.594729320149995,-1.5976302036628813,0.5446393302587262,2.554661799274928
6720.0,6.8644926119,-0.8366084419375809,37.9194144145,-1.5763878857713864,0.7397794438338056,5.523993768856925
67215.0,6.0042511879500005,-0.764841506968462,9.77456830195,-0.976420545925397,0.21157903895693497,1.6279412696068898
67236.0,106.62304638110001,-2.0265012644072846,18.96431541005,-1.2774786622268037,-0.7490226021804809,0.17786319237462353
6724.0,24.20314562,-1.3838718137749946,40.03806208455,-1.5215350858735475,0.1376632720985529,1.6542503488251126
67285.0,12.25384457205,-1.0541996621900434,12.203773835949999,-0.9298469423785938,-0.12435271981144957,0.9959138753714726
67299.0,10.3618126159,-1.015435734195412,28.4069243495,-1.4534242147032683,0.4379884805078562,2.7415014537041644
6730.0,8.87272579995,-0.9352989968644405,33.094741312,-1.5197589907359004,0.5844599938714599,3.7299407260152786
67313.0,15.69694845,-1.1927149992111552,6.2387369759,-0.7519673276737713,-0.4407476715373839,0.39744903257932274
67349.0,9.14132739795,-0.938543555489216,6.772713984,-0.8307627354626521,-0.10778082002656386,0.7408895545649993
67350.0,17.408363116,-1.2407579369352721,22.690409002950002,-1.2767020621281504,0.03594412519287826,1.3034200201221262
6738.0,10.7083862599,-1.0297240281403774,14.530501352,-1.0942378052840858,0.06451377714370832,1.3569272717041208
6739.0,15.646741492,-1.1944239074166867,7.326916488,-0.8649212414902179,-0.3295026659264688,0.4682710768722145
6740.0,5.6914469999,-0.7552226959520996,19.505103459700003,-1.2898112372552202,0.5345885413031206,3.427090414800087
6741.0,181.0285592328,-2.257747094973037,12.16880428595,-1.0254421910002012,-1.232304903972836,0.06722035648696237
67437.0,43.0740380679,-1.6342155875369506,10.263140904,-1.0112802914312384,-0.6229352961057122,0.23826744285784493
6753.0,10.064964734,-0.9314518218041695,9.4904585239,-0.9772871955241318,0.04583537371996227,0.9429201964156628
67533.0,9.647873376,-0.9844315949136809,12.741465284,-1.105219375264862,0.1207877803511811,1.3206501357797258
67535.0,12.8645129799,-1.1093933494934627,15.08441832,-1.178528567723808,0.0691352182303453,1.1725603871338512
67542.0,16.702079372,-1.2227705432175604,23.58395771605,-1.3644997967218067,0.14172925350424626,1.4120372194846016
67589.0,52.0823837589,-1.716690853241488,7.5021450559,-0.8751854570911505,-0.8415053961503375,0.14404381125543259
676166.0,116.9684279306,-2.0680686529780625,23.78691491295,-1.3622780544939646,-0.705790598484098,0.20336184159936996
676454.0,12.0904028239,-1.0824407707766157,10.57855450395,-1.0010597348572254,-0.08138103591939028,0.8749546775264249
67678.0,7.7876842879,-0.8914083369411993,18.6343251799,-1.2703136699123834,0.3789053329711841,2.392794120949768
67688.0,20.49331541,-1.195113840741024,15.589240396,-1.1928249541970082,-0.0022888865440158224,0.7606987978330246
6769.0,20.380468032,-1.3092141532416042,29.9401042959,-1.4762533088679208,0.16703915562631666,1.4690587207757015
6773.0,77.8884007257,-1.891472786608372,18.45653762995,-1.2532252396708061,-0.6382475469375659,0.23696131205657295
6777.0,7.0021620519,-0.8452321574760803,18.496647691950002,-1.2408966474896141,0.3956644900135339,2.6415623567196698
6780.0,14.3460615801,-1.1567326907013022,16.98163518195,-1.0746127363320286,-0.08211995436927366,1.183714086764127
6781.0,11.159873162,-0.9986857485065701,13.3556456199,-1.125664886919936,0.12697913841336583,1.1967560406848288
6782.0,8.9377854599,-0.9512299257662933,16.04670733595,-1.204608604281458,0.2533786785151648,1.7953784422265084
6786.0,20.202885148,-1.3054133949110636,12.7988038919,-1.1071693846931836,-0.19824401021787996,0.6335136688715487
6787.0,24.9730386,-1.3974713884436694,9.999418792,-0.9999747577237185,-0.3974966307199509,0.4004085747098473
6788.0,24.792942396,-1.3943280713630442,28.338445692,-1.4523760263666567,0.058047955003612595,1.1430045389276595
679.0,11.0574319239,-1.0436542742758181,50.0536951989,-1.69943614465756,0.655781870381742,4.526701637720404
67955.0,35.19751178,-1.54651196295509,19.3014295639,-1.2855894762990163,-0.26092248665607376,0.5483748307136728
6796.0,12.0,-1.0791812460476249,18.99450416,-1.2786279610449087,0.19944671499728384,1.5828753466666667
6799.0,13.157356196,-1.1191686320714191,19.383203350000002,-1.2871107747616846,0.16794214269026542,1.4731837506909433
68023.0,11.04562633,-0.9194550886135521,19.44662980595,-1.286123951611277,0.36666886299772494,1.760572848017936
6805.0,9.026998514,-0.8565517069383516,12.088463634,-1.051817233193392,0.19526552625504034,1.3391454108751613
6806.0,10.7205234839,-1.0294787783110566,36.9050760112,-1.5491244834555415,0.5196457051444849,3.4424695833765733
68089.0,41.420090141,-1.6172110396973733,21.5438800879,-1.3333239231500065,-0.28388711654736687,0.520131173412745
6809.0,19.5,-1.290034611362518,8.91460326605,-0.9501009715618827,-0.3399336398006354,0.4571591418487179
68093.0,9.351305196,-0.9708722311784891,9.78647223195,-0.9783264431709418,0.007454211992452664,1.046535432950701
6810.0,44.5443484008,-1.6487926104145194,19.72644994295,-1.169649024276153,-0.4791435861383664,0.4428496689513977
6811.0,7.08292674205,-0.8435458007396721,15.393412276,-1.1873349010773857,0.3437891003377136,2.173312366004326
68119.0,7.186241656,-0.8565018173916885,22.978421752,-1.3613201963306931,0.5048183789390046,3.1975576180094993
6818.0,13.1673762559,-1.119499245644873,15.4482088599,-1.1888781324756936,0.06937888683082072,1.1732184574719666
6819.0,10.18344454,-1.007894702527779,8.242647852,-0.9160667460162026,-0.09182795651157627,0.8094164817830882
68191.0,5.69945547595,-0.731557954279733,7.2242700079,-0.8587939694136519,0.1272360151339189,1.2675368793359756
68236.0,10.005848192,-0.9912087746507252,20.6654430699,-1.3151559707034455,0.32394719605272027,2.0653364585745657
6828.0,42.8568409403,-1.6320201552088558,14.374546416,-1.1575941495608884,-0.47442600564796744,0.3354084459007112
68289.0,15.683750545950002,-1.174992477163872,33.29382789435,-1.5126557069601503,0.3376632297962783,2.1228230962234624
6829.0,11.5880930201,-1.0640119727203672,11.581546726,-1.0537533100105057,-0.010258662709861532,0.9994350844363566
68297.0,6.2058105839,-0.7927985157498514,18.5360371919,-1.2680168921792399,0.47521837642938847,2.9868841372614297
68310.0,5.332206244,-0.7269069391099491,15.669260195949999,-1.1855383919736002,0.45863145286365115,2.9386073004174667
68313.0,11.645657036,-0.9931662483500627,20.7764553448,-1.3175714548907382,0.3244052065406755,1.7840517954954482
6837.0,4.1142709119,-0.6142928852365714,15.0861510945,-1.1785784530537282,0.5642855678171568,3.66678602783916
6838.0,16.1046855399,-1.2069522492041724,36.52363609005,-1.5568362891638543,0.34988403995968187,2.267888807860373
68385.0,21.739340329999997,-1.3216364912349787,5.6123741239,-0.7491466136267602,-0.5724898776082186,0.2581667170532769
6839.0,21.8270519154,-1.3389950814107046,20.155910672,-1.3044024249594086,-0.034592656451295944,0.9234371526728752
6849.0,17.3494192199,-1.2392849411548847,16.84983476,-1.226595646265395,-0.012689294889489666,0.9712045427245789
6850780.0,49.436610407,-1.694048685948056,122.0697609287,-2.0847134200273585,0.3906647340793026,2.46921785138035
6852391.0,10.5941173279,-1.0250647783576858,20.27247615995,-1.2058596375349444,0.18079485917725857,1.9135597173878454
68527.0,13.1862821359,-1.1201223637445314,16.705381864,-1.2228564075127648,0.10273404376823336,1.2668758101663211
6853.0,18.178642333950002,-1.2280879218921643,9.8755990001,-0.9945634470375883,-0.23352447485457606,0.5432528358653366
6854.0,9.71430327005,-0.9861572668810348,14.788826393899999,-1.1656153266905538,0.179458059809519,1.5223764363518661
68552.0,14.55092010595,-1.0484710851460344,7.704569268,-0.8867483640460408,-0.16172272109999353,0.5294901773840084
68570.0,12.28027160395,-1.078722464039409,34.588939848449996,-1.5366398245328985,0.4579173604934894,2.816626615760218
68600.0,14.421338888,-1.1590055824830854,19.920786742300002,-1.2238499216014769,0.06484433911839149,1.381341004258356
6861.0,5.532609944,-0.7429300529830444,6.2290260399,-0.7944201464081337,0.05149009342508937,1.125874786574327
68610.0,9.391341196,-0.9727276191487347,13.20608118795,-1.110020483379469,0.13729286423073417,1.4061975720331392
6862.0,7.70572218795,-0.8866585211829101,18.18794896,-1.2597837267942615,0.37312520561135143,2.3603172442995444
68624.0,7.929401549950001,-0.8967141940534226,11.7550658239,-1.0702250653517713,0.17351087129834875,1.4824657005766246
68651.0,12.37079519195,-0.9515361776572737,16.190283228,-1.2092544462383406,0.25771826858106683,1.3087504058377297
68654.0,11.60789892,-1.0647536176690522,15.47217575195,-1.1658988537071133,0.10114523603806114,1.3329006272868198
68664.0,22.8849519639,-1.3595500051690401,10.846179716,-1.012925941684493,-0.3466240634845472,0.4739437396726621
6867.0,184.2655543491,-2.2650916715655756,150.9653086366,-2.1788771592226217,-0.08621451234295385,0.8192812225262077
68706.0,20.00852607395,-1.3009709276152335,11.7495288039,-1.0700204502699333,-0.23095047734530016,0.5872261035357942
68713.0,14.1980540519,-1.1515276718215475,18.71220377395,-1.2623932232376385,0.110865551416091,1.3179414379990977
68736.0,4.54486792,-0.6575212665571799,17.42556021795,-1.2235900387296734,0.5660687721724935,3.834118070025234
68741.0,11.90079306,-1.0490403854392192,10.578012315999999,-0.9985075411952233,-0.050532844243995845,0.8888493617752227
6877.0,10.545361356,-1.0230614662213509,17.50893067195,-1.2363173118285011,0.21325584560715027,1.6603443050330309
68781.0,22.596456906,-1.3538498868975641,6.549151994000001,-0.815992400748218,-0.5378574861493461,0.28983092443404324
68791.0,103.9084242472,-2.01665075887345,13.096573084,-1.117157670815411,-0.8994930880580392,0.12603956973539523
6880.0,11.39448135595,-1.0480200467155965,27.26970316595,-1.4128134298416613,0.3647933831260648,2.393237771345357
6881.0,103.9468263672,-2.0168112342903552,20.3039458399,-1.3075804462860934,-0.7092307880042619,0.19533011780633666
688145.0,29.832548157399998,-1.4734101711896077,21.700779912,-1.3364753423919102,-0.13693482879769747,0.7274195887493137
6883.0,8.801394024,-0.9445514640800897,16.31922822595,-1.1567406141121042,0.21218915003201444,1.8541640314534336
68835.0,26.855447898,-1.4223166277288959,8.9175189399,-0.9502440404085215,-0.4720725873203744,0.3320562358062221
68841.0,26.3023496354,-1.3518942513324128,37.1463251732,-1.5672186794272716,0.21532442809485874,1.412281628376091
688561.0,13.0953345119,-1.1171165966762404,10.82687682,-1.0345031957337647,-0.08261340094247571,0.8267735971281523
68872.0,4.083529463950001,-0.6096438500872339,8.32105369395,-0.8820006901328752,0.2723568400456413,2.0377111925870715
68888.0,13.8254939321,-1.1406806559372114,19.203480314,-1.2728379457547507,0.13215728981753938,1.3889905422773652
68909.0,12.3692712,-1.0913750962625695,9.12000073195,-0.8839310250234156,-0.20744407123915387,0.7373110819940628
6893.0,7.934880711949999,-0.8768000816508768,10.6903318919,-1.028991188518719,0.15219110686784232,1.3472580470932938
68939.0,8.540492548,-0.931482918078936,34.019163308,-1.5317236280541189,0.6002407099751829,3.9832788468349594
6894.0,9.358908548,-0.9712252035223136,7.295571352,-0.8630593092937933,-0.1081658942285203,0.7795322835544818
68942.0,29.876112708,-1.4753240891510155,4.1409043039,-0.617095194093686,-0.8582288950573296,0.1386025131305379
68943.0,5.5133079881,-0.7414122540058836,7.581427088,-0.8797509626384122,0.13833870863252862,1.3751140158256814
68947.0,20.66270290805,-1.3147823314118328,12.8358148119,-1.1084234427059443,-0.20635888870588848,0.6212069577257138
6895.0,14.957690509999999,-1.131513730146873,16.87499075205,-1.2265092691854909,0.0949955390386179,1.128181569258181
68952.0,30.543190384,-1.484914399249521,22.0698321159,-1.3437990295179965,-0.1411153697315246,0.722577826298763
6896.0,9.608608024,-0.9826604770252726,9.9665177959,-0.9985434465577424,0.015882969532469815,1.0372488679948257
6899.0,39.1833025215,-1.5931010372334833,35.8984937841,-1.5547221115602916,-0.03837892567319168,0.9161681500532626
6901.0,13.8205814219,-1.018628202631398,22.426903788,-1.3507653502026034,0.3321371475712054,1.6227178223097387
6904.0,20.589566728,-1.313647207734176,4.9272554479,-0.6926050783572241,-0.621042129376952,0.239308360053996
6905.0,11.307166368,-1.0533537822084305,14.498879332,-1.161334435425505,0.10798065321707462,1.2822734591606213
6909.0,15.963929632,-1.175047623452889,9.6619043959,-0.9850627358478207,-0.18998488760506838,0.6052334618496771
69091.0,4.2697207321,-0.6303994702301152,12.320473492,-1.090627398657251,0.4602279284271358,2.8855455110621144
6914.0,40.91540608055,-1.6118868007531875,16.814818174,-1.2253313123824123,-0.38655548837077514,0.41096544760906767
69150.0,14.209109233900001,-1.1285889838705156,37.4077728241,-1.5729618520368314,0.4443728681663157,2.6326613588734173
6917.0,4.95989816195,-0.6839643032639237,10.711645915950001,-1.0284834760813362,0.3445191728174125,2.159650373091266
6917067.0,16.5907618239,-1.2198663286596605,6.4413523119,-0.8089770536862038,-0.41088927497345673,0.38824933901593606
6917715.0,61.386261782199995,-1.786341398981825,6.3648755919,-0.8037899193361998,-0.9825514796456253,0.10368566853741215
6917728.0,8.827774796,-0.9458512454114532,9.944966688000001,-0.995192029888207,0.04934078447675383,1.1265541903613374
6917787.0,24.8884973879,-1.395998677410429,8.05187661395,-0.8767547895125625,-0.5192438878978665,0.323517988589563
6917941.0,12.15773454,-1.0848526564795957,28.32007098125,-1.2256883378952201,0.14083568141562441,2.3293871804878217
6918003.0,11.356950764,-1.0552617429833158,17.7099924039,-1.2482183749142406,0.19295663193092483,1.5593967757646958
6918029.0,12.0,-1.0791812460476249,6.658183248,-0.8233557437344442,-0.2558255023131807,0.554848604
6918132.0,8.43470803795,-0.926048887476884,10.27102267,-0.9786661165953032,0.05261722911841926,1.2177093295687216
6918155.0,205.0396305292,-2.3118378106007182,15.5409958752,-1.1889951494037552,-1.122842661196963,0.07579508329725937
6918178.0,254.5415097101,-2.4057586156238076,21.407812467950002,-1.3305646140136478,-1.0751940016101598,0.08410342380828803
6918197.0,14.890739377949998,-1.0719591080923285,13.2026498199,-1.120661104438258,0.04870199634592942,0.8866349403341449
6918235.0,22.847933784,-1.3010825334380844,4.937953664,-0.6935470103501603,-0.6075355230879241,0.21612254791538135
6918289.0,5.80929431405,-0.7050401536503097,17.754054244,-1.2492975424471655,0.5442573887968558,3.056146458453851
6918296.0,41.9158672252,-1.6223784559945018,9.871060708,-0.9943638228702473,-0.6280146331242545,0.2354969934169816
6918305.0,10.818425284,-1.0341640500274771,24.03397271,-1.3646203057714352,0.3304562557439581,2.221577732347539
6918454.0,2.55785034,-0.4078751302858721,26.6136895119,-1.425105085884964,1.017229955599092,10.404709413882284
6918580.0,11.8486796479,-1.0736699576389919,7.0619654119,-0.8489255861444168,-0.22474437149457505,0.5960128572766019
6918686.0,38.1947958299,-1.5820041928508097,17.1330385199,-1.2338343913019447,-0.348169801548865,0.4485699726266833
69188.0,15.31218461,-1.1478332897981132,7.29021413995,-0.8583128086765874,-0.28952048112152573,0.4761054235976848
6919.0,7.893212885900001,-0.8841127490257423,31.840010604,-1.502973203703129,0.6188604546773866,4.033846681226251
69229.0,11.78721084,-1.071411051905917,19.7745605145,-1.2869345548953057,0.21552350298938872,1.6776284723265371
6927.0,12.929556672,-1.1115836340679541,14.223476076,-1.1530057466145545,0.04142211254660033,1.1000745374976457
6928.0,20.3217016579,-1.3057693459926392,12.33014990395,-1.0866871518967138,-0.21908219409592533,0.6067479048515945
6929.0,6.6116650879,-0.8203108463874971,19.6604494119,-1.293593441007689,0.47328259462019195,2.9736003186066644
69311.0,9.3639011839,-0.9714568219924005,12.3442722161,-1.0914654902299614,0.12000866823756096,1.3182830503726757
69317.0,42.1695715365,-1.6212296916406022,4.5994942279,-0.6627100781797162,-0.958519613460886,0.10907140054574407
6934.0,6.3516687641,-0.8028878418002642,21.104979137999997,-1.153784502379474,0.35089666057920976,3.322745552678465
6936.0,11.662851107949999,-1.0070210638476296,19.650841564,-1.2933811541402047,0.28636009029257514,1.6849088942415613
6937.0,16.887404792,-1.2275629135666917,12.377660252,-1.0758115999631082,-0.15175131360358352,0.7329521856350371
6942.0,7.880944575999999,-0.8736977919310858,30.089062204,-1.4784086521476978,0.604710860216612,3.8179512511267792
6943.0,4.10142921595,-0.6103853221081739,5.812682188,-0.7643765782856351,0.15399125617746123,1.4172333306143938
6944.0,7.9890450060000004,-0.8084279735222992,17.975277168,-1.254675595667155,0.4462476221448557,2.2499907253620495
6946.0,9.280906352,-0.9675903904916471,12.479124166,-1.0874597004756832,0.11986930998403611,1.344601883986341
6947.0,13.5760779399,-1.1327743225897702,9.695003163900001,-0.9351871097764947,-0.19758721281327551,0.7141240059771942
6948.0,12.785319363949998,-1.0203291267479648,27.15515760525,-1.432518614328051,0.4121894875800862,2.1239326787422907
6950.0,7.016605332,-0.8461270491446082,22.4496431599,-1.351209442224954,0.5050823930803459,3.1995020522981297
6950248.0,12.8820134599,-1.109983748597042,27.3345886559,-1.4367125428035061,0.32672879420646406,2.121918964064814
69508.0,7.5691708519,-0.8790483082759426,16.550250307949998,-1.2120531419731702,0.33300483369722755,2.186534117378997
6951.0,17.5007062639,-1.2430555755620247,15.987081348,-1.2002406114474728,-0.04281496411455188,0.9135106381950844
69594.0,9.452320076,-0.9704263051330515,11.93054363395,-1.0664224714414003,0.09599616630834884,1.2621815107850989
6960.0,16.0945073599,-1.2066776878155812,24.39783525295,-1.318356789131188,0.11167910131560688,1.515910658672164
6961.0,13.067926076,-1.1162066690482662,26.65874166265,-1.4214907367466691,0.305284067698403,2.0400131977797393
69619.0,6.783423028,-0.7129912158960671,24.19715808,-1.3837643617386786,0.6707731458426115,3.567101444229729
6962.0,9.385678159949999,-0.7823080927494258,9.5598352759,-0.9804504090769369,0.19814231632751111,1.0185556241096305
6966.0,42.9932719407,-1.2434941497900605,25.48877366345,-1.2564522404124348,0.012958090622374296,0.5928549401545037
69685.0,19.7867875919,-1.296375291712414,8.4477656319,-0.9267418566357042,-0.36963343507670987,0.42693972392760765
6970.0,20.4424423357,-1.0224022744511894,7.7892369599,-0.8914949159093165,-0.13090735854187285,0.3810326003120056
69705.0,30.633686009949997,-1.4798147590886765,16.953081011949998,-1.2288291355801073,-0.25098562350856923,0.5534130305586974
6974.0,7.8463390039,-0.8946670680482404,115.2604254531,-2.061680218330472,1.1670131502822314,14.68970756881778
69779.0,73.1648547931,-1.8643025150097057,30.2430280959,-1.4805965814018927,-0.383705933607813,0.4133545837195066
69785.0,13.269371336,-1.1228503477496172,37.0780840965,-1.553573066825221,0.4307227190756038,2.7942607948506657
6979.0,32.8665688799,-1.5167543680821063,11.3100530019,-0.9012668432463128,-0.6154875248357935,0.3441202835388399
697993.0,10.89120994595,-1.03703358130252,26.524060208,-1.4236400050630933,0.3866064237605733,2.4353639622807224
69819.0,12.755827356,-1.1057086326433636,31.888682868,-1.5036365814890296,0.39792794884566596,2.499930579022804
6982.0,8.6510019639,-0.8980896857773033,14.986360929900002,-1.1367908264171211,0.23870114063981784,1.7323266128521286
6984.0,21.238052412,-1.327114688233228,41.192167907,-1.6148146490885256,0.2876999608552975,1.9395454492675352
69861.0,31.478938164,-1.4980200744718726,12.018465136,-1.0798490079722014,-0.4181710664996712,0.3817938544618566
69885.0,16.117673244,-1.2073023470084023,8.1474316919,-0.9110207280257663,-0.29628161898263605,0.5054967654796564
6989.0,14.3632330699,-1.0544053731219458,13.90635802,-1.1432134061303458,0.08880803300840001,0.9681913502568277
69908.0,35.996286605950004,-1.556042748089122,20.237917056,-1.3061658116442294,-0.2498769364448925,0.5622223558097456
6991.0,9.154619764,-0.9616403106447069,15.377797268,-1.1868941311179415,0.2252538204732346,1.6797854705525048
69917.0,38.64125662325,-1.5780826753274848,35.4583809466,-1.5497189015409751,-0.028363773786509672,0.9176301198565344
6996.0,6.8690692521,-0.8368978948381139,18.64931286395,-1.2706603542611161,0.4337624594230022,2.7149694055346094
6997.0,11.8825636559,-1.0749101495253537,21.597711172049998,-1.3234492830861102,0.24853913356075652,1.817596925838994
6998.0,114.84774725470001,-1.4437438944499243,12.747372576,-1.1054206794105133,-0.3383232150394111,0.11099366666487512
69985.0,12.006745596,-1.0794253087162056,18.65506826305,-1.2565228749685695,0.17709756625236395,1.553715627094228
69990.0,12.474378732,-1.096018925439083,8.8259778999,-0.9457628356464677,-0.1502560897926154,0.7075284540831752
6999030.0,5.4931788319,-0.738480560401152,18.841463258,-1.266678434587352,0.5281978741862001,3.429974489194456
6999977.0,10.7329081279,-1.0307174118800897,14.0478430669,-1.13514113207296,0.10442372019287038,1.3088571055949774
700.0,8.58280957795,-0.9312831678243688,12.176714468,-1.085530122377106,0.1542469545527373,1.41873291693236
7000.0,27.09543185195,-1.430386314644149,12.105180552050001,-1.0828229191702765,-0.3475633954738724,0.4467609380870162
70014.0,14.054107096,-1.1478032586522189,12.722297704,-1.1045655539265464,-0.043237704725672454,0.9052369970640788
7002.0,11.487386278,-1.03152032616594,18.7479895434,-1.2729547026226047,0.24143437645666466,1.632050066889898
7003.0,6.063581359950001,-0.7233126970683638,25.09264556595,-1.3983441821486275,0.6750314850802638,4.138254948088453
7005.0,5.6309772879,-0.7505837756522156,14.357939,-1.157092103891936,0.4065083282397204,2.5498129837697507
7006.0,11.987624788000002,-1.0783371639295283,19.073217248,-1.280423955510865,0.2020867915813367,1.591075595483511
700999.0,18.53528329605,-1.212485798901168,28.3307330259,-1.4511362407477844,0.23865044184661643,1.5284758572822827
701.0,8.23733384,-0.909119920898436,8.900186544,-0.9493991093618573,0.04027918846342138,1.0804693262255838
7015.0,27.154469428,-1.4338413215185202,11.01443005795,-1.0247756637197756,-0.4090656577987446,0.40562125830352647
70151.0,25.2463427959,-1.402198474787524,14.763295450000001,-1.1467888405524582,-0.2554096342350658,0.5847696662186476
7017.0,9.29369583795,-0.9671074715119617,13.9125709479,-1.143399127570897,0.17629165605893526,1.4969901307819031
7018.0,110.8807863872,-1.8417329684189019,14.8054343799,-1.1704211537736928,-0.6713118146452091,0.13352569784451968
702.0,6.152973748,-0.7890850621507525,9.4998625279,-0.977717320677645,0.18863225852689258,1.5439465398317185
7020.0,31.9128684801,-1.503965842397508,13.8147756739,-1.1403302177262207,-0.3636356246712873,0.43289043987112974
70213.0,6.023831744,-0.7798728327688625,6.4661714199,-0.8106472136887524,0.03077438091988982,1.073431612086541
70223.0,4.0369105599,-0.6060491274702138,13.9468962779,-1.0983951512204921,0.49234602375027836,3.4548440127555082
7031.0,77.5628971822,-1.8888246958537565,8.5,-0.9294189257142927,-0.9594057701394637,0.10958847991499052
70315.0,13.1359184,-1.1184604419571718,11.0397847879,-1.0429606072393323,-0.0754998347178395,0.8404273269465499
70324.0,11.152813672,-1.0473844465832831,23.380933947899997,-1.3683189583239759,0.32093451174069276,2.096415723917242
7034.0,13.2070534579,-1.1205639179712759,5.3561512599,-0.7135998643576285,-0.4069640536136474,0.4055523267906617
70355.0,17.50007636395,-1.2428074391413628,13.819959288,-1.1134864941502989,-0.12932094499106395,0.7897085132993471
70374.0,10.4205320159,-1.0178898922525108,16.70116204395,-1.219016581108061,0.2011266888555503,1.6027168304331105
70381.0,14.76907624605,-1.1692186377454883,9.8841884949,-0.9949410189552907,-0.17427761879019754,0.6692489313638376
7040.0,13.52703936795,-1.1145607849438288,12.78460879395,-1.1062688094885624,-0.008291975455266387,0.945115072573895
70400.0,29.017005244,-1.46265258821478,24.067713509999997,-1.3790330410833822,-0.08361954713139785,0.8294347851412615
7042.0,3.897083912,-0.5907397571209486,3.6770472239,-0.5654992074993996,-0.02524054962154898,0.9435381189964995
70425.0,21.48856231995,-1.3285267364952023,21.79331295595,-1.3250671094228523,-0.0034596270723499245,1.0141819927951659
7043.0,6.9102218839,-0.8394919925849499,13.759103024,-1.1385901225314223,0.29909812994647245,1.991123187528476
70438.0,21.9419044081,-1.341274318682443,10.0913868479,-1.0039508549387521,-0.3373234637436908,0.4599139008268898
7045.0,71.0434499267,-1.3640326699607896,15.036448083900002,-1.1752136316546833,-0.18881903830610636,0.21165143443081735
70452.0,12.92429018395,-1.066687588305756,14.97464474,-1.1753565279369556,0.1086689396311995,1.1586434942938861
7047.0,5.175279948,-0.713933847188517,24.068177106,-1.3763745762361212,0.6624407290476042,4.650603899273354
7048.0,11.2534090039,-1.051284103541928,12.7013766761,-1.1038507957930264,0.052566692251098335,1.1286692478428706
7050.0,129.702195258,-2.112947326742272,212.9441745464,-2.327834979711119,0.21488765296884704,1.641793140993623
7054.0,10.896898864,-1.0373029201537172,10.12975184,-1.005598806086958,-0.031704114066759104,0.9295995095875931
7055.0,8.151219664,-0.9112225969257544,14.86725049795,-1.1710392153506164,0.25981661842486203,1.8239295603345675
7056.0,25.521410332000002,-1.4039785774188451,11.5689615759,-1.0632943786496016,-0.3406841987692435,0.45330416404904805
7057.0,27.3958902999,-1.437685418515978,21.0481365479,-1.3232136525333253,-0.11447176598265263,0.7682954018828448
7057995.0,7.075833348,-0.8497775957334032,38.9832903406,-1.5542113965633921,0.704433800829989,5.509356767371961
7059.0,15.283236612,-1.1392437746807458,20.17228735995,-1.2849586940700335,0.1457149193892877,1.319896293702032
7060.0,14.27110306,-1.154457542445898,14.516509049949999,-1.1559540133182624,0.001496470872364375,1.0171960071284076
7061.0,26.34961719615,-1.2281215877570908,8.9728002959,-0.9529280019364483,-0.27519358582064246,0.34052867747964993
7062.0,11.890106704,-1.0751857520745756,24.125959236,-1.3824845896891902,0.30729883761461463,2.029078446191209
7064.0,28.0898654839,-1.4485496594671587,19.368126176,-1.2870876057068104,-0.1614620537603484,0.6895058357292969
7069.0,11.415853868,-1.057508400827734,7.794372118,-0.8889111075093398,-0.16859729331839424,0.6827673346317576
70700.0,8.6763296199,-0.9383360428101636,16.39713402005,-1.0669612541413525,0.12862521133118887,1.8898698802822784
707035.0,26.1917260833,-1.3668145554433893,15.8660600099,-1.1865885401906358,-0.1802260152527535,0.6057661094744075
7071.0,40.0674299634,-1.583328196271378,9.08379188,-0.9582671754813191,-0.625061020790059,0.22671261641432158
70724.0,11.82365568195,-1.0219823972029605,15.158132046999999,-1.1805352043515613,0.15855280714860087,1.2820173772600985
70754.0,6.2785342439,-0.796172626356719,10.981884816,-1.0406768842797558,0.24450425792303676,1.7491160180689638
7076.0,70.63554341175,-1.8486035836158394,19.640259468,-1.2931472209649981,-0.5554563626508413,0.2780506600411161
70763.0,6.309753036,-0.8000123612724408,6.8602053,-0.8131962137083174,0.013183852435876608,1.0872383215094823
7078.0,21.535382951949998,-1.326778395532763,8.65790959405,-0.9329503278145379,-0.3938280677182251,0.4020318381784819
70801.0,39.91356383155,-1.5970828327966138,11.4965479239,-1.0605674540349728,-0.536515378761641,0.28803611655475525
70807.0,8.14609403195,-0.8325311807022377,10.17218522395,-0.9935845927242826,0.16105341202204482,1.2487193474631422
70837.0,21.757104858,-1.3340612646299466,25.113559188,-1.3999082669211877,0.06584700229124119,1.1542693456646114
70846.0,19.308914786,-1.1434390914967527,24.02186948395,-1.365426189661465,0.2219870981647123,1.2440818010842922
70916.0,14.3777574001,-1.1576911513657404,11.732772124,-1.0694006358085517,-0.0882905155571887,0.8160363120272426
7092.0,12.844408636,-1.1087141138935976,11.870908702000001,-1.0735395097010216,-0.03517460419257601,0.9242082713507341
7095.0,3.0305151679,-0.4815164620199398,15.645185739950001,-1.194331274007514,0.7128148119875742,5.162549887777449
70962.0,13.129088336,-1.0997564237778765,13.4947253361,-1.1301640496016818,0.030407625823805295,1.0278493822832635
7098.0,10.863503008,-1.0359698889485487,6.34851926195,-0.7950355218164182,-0.24093436713213046,0.5843896998302373
7101.0,6.9735485001,-0.8434538257094868,20.657405294,-1.3143046460007959,0.4708508202913091,2.9622516131785384
7102.0,31.1401982597,-1.3965052422920812,7.207665219899999,-0.8029143886654012,-0.59359085362668,0.23145855269739174
7104.0,23.758050558,-1.36705545219798,22.414059521,-1.3505205208770745,-0.016534931320905555,0.943430079260125
71077.0,24.3759753599,-1.3869620022145814,25.28312337995,-1.390546137391975,0.0035841351773935326,1.037214839884615
7108.0,5.1071438879,-0.708178093775001,13.2522952879,-1.1222911042757833,0.4141130105007823,2.594854497696401
7111.0,73.28303323649999,-1.8627773001721744,20.997049809,-1.3221582784635004,-0.5406190217086739,0.28651993349180893
71113.0,16.0879991879,-1.2018094625575153,10.86613488195,-1.0320098751629623,-0.16979958739455303,0.6754186617638921
7112.0,16.457459172,-1.2163627863588542,48.3635347316,-1.6842270656775273,0.46786427931867314,2.9386999673609155
7115.0,54.506477003149996,-1.730198648551079,13.8356807559,-1.1410005325595431,-0.5891981159915358,0.2538355350888009
71157.0,5.69900123195,-0.6916053206584374,11.52717937195,-1.0171197808385073,0.3255144601800699,2.022666587142639
71172.0,36.90135170325,-1.4133649612048726,8.4113693359,-0.9248667028865778,-0.48849825831829485,0.22794203864242696
71188.0,13.635456306,-1.1346349185874713,5.9495483599500005,-0.7727629950576287,-0.36187192352984265,0.43632924534634204
712.0,15.3635317,-1.1864910608463353,12.5808038879,-1.0969503201945603,-0.08954074065177497,0.8188744706335979
7122.0,5.55585358995,-0.6735212187919927,11.909159536,-1.075747333775717,0.4022261149837244,2.143533724060424
71245.0,15.17632008,-1.1811664775743236,15.18686385795,-1.1546603790374845,-0.02650609853683905,1.0006947519487215
71267.0,4.80106710395,-0.61096210068638,25.3600751384,-1.4041505359661681,0.7931884352797881,5.282174689359248
7127.0,6.03520216395,-0.7705562267853777,14.99531526995,-1.1510510259788376,0.38049479919345985,2.4846417506146414
71285.0,16.729963876,-1.2234950032175766,13.279174,-1.1231710615983603,-0.10032394161921632,0.793735963712968
713.0,19.87929002195,-1.2908310497063424,12.8883690699,-1.1101979639976012,-0.18063308570874126,0.6483314572939539
71321.0,12.983932933950001,-1.1029811463134664,9.4606548,-0.9708158349087033,-0.13216531140476317,0.7286432276049857
71329.0,134.38128962625,-2.1282289180782463,11.146328252,-1.0471318285939597,-1.0810970894842866,0.0829455371577464
71335.0,27.58089796,-1.4406084015325273,17.269898864,-1.2372897942591015,-0.20331860727342588,0.6261543365646098
71360.0,16.40090737005,-1.2015332472192572,30.4661494675,-1.4838175684107549,0.2822843211914976,1.8575892650387624
71384.0,8.0438164919,-0.9054621542339673,8.17909924,-0.9127054776764836,0.007243323442516325,1.0168182290379484
71386.0,263.9349967602,-2.421496979807534,22.654867723949998,-1.3448292771115256,-1.0766677026960085,0.08583502757132748
71399.0,3.3143753479,-0.5204016900492243,30.69184836795,-1.4787936198559415,0.9583919298067172,9.260221051123997
71401.0,11.5000720121,-1.0607005598631545,28.107888564,-1.4488282230729577,0.3881276632098032,2.444148917887279
71404.0,8.676226592,-0.9383308857084771,14.2005286641,-1.1523045128075355,0.21397362709905843,1.6367171273735215
71412.0,11.5903500041,-1.0640965509380687,22.4028974401,-1.3503041906944666,0.28620763975639796,1.9328922277735479
71414.0,253.0152786201,-2.403146747342034,5.073011872,-0.7052658786663213,-1.6978808686757128,0.020050219495309923
71417.0,11.575972664,-1.0635574925505134,41.5764470134,-1.6188473732012116,0.5552898806506983,3.5916158598662014
7142.0,12.921598091949999,-1.0167970939122482,13.18456659285,-1.116947836599922,0.10015074268767377,1.0203510818885342
7144.0,10.439397376,-1.0186754293337121,21.8994017919,-1.3404322517339458,0.3217568224002336,2.0977649382565278
71467.0,8.58966353395,-0.9237581159723743,24.475639588,-1.3857418586599253,0.46198374268755094,2.8494293741846666
71470.0,241.8187799605,-2.383490025707976,16.91473115995,-1.2282592978286484,-1.1552307278793275,0.06994796335798628
7148.0,11.07548157795,-1.0428566318029369,17.5199070959,-1.2435317988728751,0.20067516706993827,1.5818641358927545
71485.0,3.9751003679,-0.5993480986968489,5.3068018719,-0.7248328736578816,0.12548477496103272,1.3350107873385655
71486.0,5.6317854959,-0.750646104990402,29.2754628,-1.4665037693258707,0.7158576643354687,5.198256009805922
71489.0,21.1703064279,-1.3252092753408968,10.950361884,-1.0394284718361648,-0.285780803504732,0.5172509864840075
7150.0,19.711236188,-1.2947138618640086,17.5852800599,-1.2451492892011928,-0.049564572662815776,0.8921449619991738
7151.0,18.239605332,-1.2610154368438795,14.392105116,-1.1580936282545955,-0.10292180858928401,0.7890579238987231
7153.0,10.92943256995,-0.9552069974776255,11.82928807,-1.0499947201793782,0.09478772270175273,1.0823332313265845
7154.0,17.711983404,-1.2477095534199343,6.7549379720000005,-0.826816400079855,-0.42089315334007926,0.38137671077957835
7155.0,7.6218378521,-0.882059705301108,6.2893961279,-0.7986089489570846,-0.08345075634402344,0.8251810455620123
7158.0,29.019273804,-1.4626865401878055,16.519219054,-1.2165198078068218,-0.24616673238098374,0.5692499118197437
71587.0,2.6431603719,-0.42212351444394597,7.30106582995,-0.8598110307621052,0.4376875163181592,2.7622485217201285
71593.0,4.64853678,-0.6673162715190908,4.4825077719,-0.6515210512270498,-0.015795220292040946,0.964283598052977
71611.0,5.96418857995,-0.6586057178782974,16.3672481001,-1.213975665642398,0.5553699477641005,2.7442539552022702
71645.0,67.6658909354,-1.8303698044092205,26.661403421099998,-1.4019422077877925,-0.42842759662142793,0.39401540499264825
71648.0,14.64111201195,-1.164810513160919,25.04418594,-1.3987069195347444,0.23389640637382536,1.7105385109791567
7165.0,10.6635222919,-0.9860274922633059,29.866011674,-1.4648810579561586,0.47885356569285276,2.8007642180938834
71651.0,10.8301066919,-1.03463273506255,6.0772335319,-0.7837059254483222,-0.25092680961422775,0.5611425357836276
7166.0,6.305334852,-0.7997081552254085,5.8948744479,-0.7704745596999995,-0.02923359552540905,0.9349026794398073
7167.0,10.550442128,-1.0232706596078691,30.07548128375,-1.2590806763671352,0.23581001675926605,2.8506370556672844
71671.0,93.0980374304,-1.9689405258564077,34.3611386962,-1.536067547513163,-0.43287297834324456,0.3690855322475337
7169.0,9.2483514639,-0.9660643258268825,16.2869729919,-1.2118403762010608,0.24577605037417827,1.7610676946561281
7170.0,6.1142675239,-0.7863444369435124,10.0016066439,-1.0000697700533838,0.2137253331098714,1.6357816541073513
7172.0,16.02697324595,-1.1564833955874096,26.7246181,-1.426911507772389,0.2704281121849794,1.6674775511185984
7173.0,8.558948422,-0.9301701511663842,12.0628652039,-1.0814504748399412,0.15128032367355693,1.4093863649059386
71734.0,18.3673668183,-1.2640468994603586,34.3778229932,-1.4432835639771553,0.17923666451679665,1.871679448300029
7174.0,47.234521358950005,-1.6731531532518702,18.3291873999,-1.262741805540546,-0.41041134771132426,0.38804643029217406
7175.0,30.221544680450002,-1.4800553543191932,20.4559807039,-1.3108203053490521,-0.16923504897014108,0.6768674771654791
7176.0,54.4660935101,-1.731648498879084,12.83158528995,-1.0694487972111202,-0.6621997016679637,0.23558850034968187
71764.0,26.7344030119,-1.4270704906045903,15.33246831995,-1.1416366075593778,-0.28543388304521256,0.5735107798414358
71771.0,14.314888559900002,-1.1419202765428524,11.83935673795,-0.9139178379571884,-0.22800243858566405,0.8270659382648177
7180.0,50.4648684639,-1.7029891456071569,18.44868674995,-1.2622387249380584,-0.4407504206690984,0.3655748506140911
71808.0,19.306751504,-1.2857092068415676,6.1776890999,-0.790826048090492,-0.4948831587510757,0.3199755846352556
71815.0,9.09402136995,-0.9585562724903687,16.0308717679,-1.2049571401765986,0.24640086768622993,1.7627924012661673
71818.0,15.15493108395,-1.1519440595671895,7.152272709950001,-0.8419520935211471,-0.3099919660460424,0.47194359844530703
71827.0,51.5473215519,-1.712206103849394,25.8043678641,-1.4116932245183207,-0.3005128793310734,0.5005957067646878
7183.0,32.076388084,-1.5061854592535988,8.5,-0.9294189257142927,-0.5767665335393061,0.26499242925171734
71833.0,73.90170873065,-1.741193180020941,62.3430666949,-1.79478816168665,0.05359498166570886,0.8435943872708296
71839.0,18.510871924,-1.267426875957839,26.5529214559,-1.4241123108177254,0.15668543485988629,1.4344500661512978
7184.0,46.540179726649995,-1.6662288847892208,18.425739064,-1.2654249166114004,-0.4008039681778204,0.3959103547133272
7185.0,32.7148092519,-1.5147443924293145,21.322261468,-1.3288332646597807,-0.18591112776953378,0.6517617542508414
7187.0,11.3135642599,-1.0535994479446775,20.279361332,-1.3070542734248192,0.25345482548014164,1.7924820919503266
71873.0,9.6725920679,-0.9855428722150075,11.204867086,-0.9715388098158608,-0.014004062399146644,1.1584141052722665
71884.0,12.6330113439,-1.1015068861178394,12.0157174159,-1.0797497060983086,-0.021757180019530864,0.9511364383996957
71900.0,9.847113942,-0.8853397570492934,6.5408425919,-0.8156336977802142,-0.06970605926907913,0.6642395559171849
71905.0,11.0630936139,-0.9360414733101732,12.02233897995,-1.0786191298002858,0.14257765649011267,1.086706792830965
7191.0,39.5163770321,-1.5967771204527046,21.751919596,-1.3374975892522067,-0.25927953120049785,0.5504532861990472
71916.0,10.914908628,-1.0353315544986834,11.676382076,-1.0673082975855546,0.03197674308687115,1.0697645279454373
7192.0,85.3351130327,-1.9311277680791552,27.19823607995,-1.4343092846827714,-0.4968184833963838,0.3187226818288478
7193.0,15.9236368279,-1.2020422640239916,20.824377516,-1.3185720283065916,0.11652976428259998,1.307765163264296
71957.0,22.629680148,-1.3546784156012017,16.9759923399,-1.2298351705900228,-0.12484324501117894,0.7501649262771543
71961.0,4.0585278001,-0.6083685251432565,10.338243546,-0.9971804404138246,0.38881191527056813,2.547289079982468
7198.0,9.92305455805,-0.99585572645594,18.24898842,-1.260088350675196,0.2642326242192561,1.839049489574322
71986.0,15.836931692,-1.1996710435216913,13.875029108,-1.1422339028888053,-0.057437140632885963,0.8761185170110286
71992.0,6.0,-0.7781512503836436,8.6815737919,-0.938598461027043,0.1604472106433994,1.4469289653166666
72004.0,6.9348390279,-0.8410363846441797,13.53874646595,-1.130912759530153,0.2898763748859732,1.9522798454991375
7204.0,7.498851592,-0.8749618218379639,24.414835824,-1.3876538082445293,0.5126919864065654,3.2558099762964345
720471.0,23.887102672,-1.3781634762517445,13.37725765395,-1.0741760652721697,-0.3039874109795748,0.5600201011247196
7206.0,15.492656516,-1.1901258923441802,34.3045788801,-1.53535209233547,0.3452261999912898,2.214247688553092
72060.0,2.941945136,-0.4686345693586668,7.87925715595,-0.8964726541772567,0.4278380848185899,2.678247483113499
72068.0,17.69784129925,-1.2238885938389146,31.8718382976,-1.458587290209472,0.2346986963705575,1.800888467620662
7207.0,35.2656986847,-1.5473524925164763,23.8068043803,-1.376701103378688,-0.17065138913778832,0.6750696928805942
72092.0,16.0589941759,-1.20571834059796,8.015231472,-0.9039160688686715,-0.3018022717292884,0.49911167438049087
7211.0,12.28142923795,-1.0551568233062496,12.744599111900001,-1.0978876272889422,0.04273080398269258,1.0377130271221848
7212.0,32.1967627479,-1.5078122073666085,12.9676684519,-1.1128618982507754,-0.39495030911583306,0.4027631148335185
72120.0,5.929403171900001,-0.767534382837595,14.34727165395,-1.1385795364852758,0.37104515364768076,2.419682257725882
72124.0,15.1426462879,-1.180201777925292,13.08972448295,-1.1137465758326055,-0.06645520209268652,0.8644278043666368
7214.0,6.1604227,-0.7896105124857362,11.807004824,-1.0721397406799158,0.2825292281941796,1.91659004567982
72158.0,4.5777392,-0.6606510466986768,19.09342606,-1.2685446832654395,0.6078936365667627,4.1709291914227
7216.0,18.7342891959,-1.2726372200263214,5.342399479899999,-0.722788636077772,-0.5498485839485494,0.2851669163444527
7219.0,9.6321427799,-0.9837229116279427,10.4993620559,-1.0210157647896048,0.03729285316166209,1.0900338892203385
7220.0,11.69617252,-1.068043765558676,14.091707896199999,-1.143731149954704,0.07568738439602796,1.204813615061143
7222.0,8.4290330039,-0.9257777543212155,29.4420632919,-1.4689682419727845,0.5431904876515691,3.492934869074252
72276.0,3.5205130039,-0.5466059528331072,18.2574437519,-1.2614399713276145,0.7148340184945073,5.186017984218359
7231.0,12.3019271,-1.089973149109324,14.373596104,-1.1575654370792003,0.06759228796987626,1.168401989961394
7232.0,17.3128000041,-1.238367312126722,24.5175758699,-1.3841255736038467,0.14575826147712467,1.4161531274024866
7237.0,7.8938215199,-0.8972873027285059,19.352065433950003,-1.2862978618049608,0.3890105590764549,2.451545855852484
7238.0,19.2175133379,-1.2833050048919286,20.36024360995,-1.259707828233814,-0.02359717665811445,1.0594629623488463
7239.0,14.0252683559,-1.146911179687313,10.474017092,-1.0176225045877647,-0.12928867509954833,0.7467961985621404
7240.0,15.7021788199,-1.1959599188937078,11.348739032,-1.054947609382267,-0.14101230951144084,0.7227493179237832
7242.0,6.9240020719499995,-0.8398982603194145,16.564070598,-1.2185127550980421,0.37861449477862763,2.392268290199266
7243.0,82.26974634975,-1.9151589757908312,18.38034139745,-1.264137910672288,-0.6510210651185431,0.2234155593395221
7245.0,8.34136006795,-0.8968728305914677,16.293065944,-1.201217023366938,0.3043441927754702,1.9532864918039963
7247.0,8.0715001079,-0.9069542569078338,14.17120177395,-1.147342806759812,0.2403885498519781,1.7557085528723342
7248.0,8.0675396279,-0.9067411073435014,8.8152181839,-0.9452330659139745,0.03849195857047305,1.0926773949041788
7249.0,23.8498643481,-1.3774859132277397,15.64462140145,-1.1922247714994276,-0.1852611417283121,0.6559626995403154
7250.0,9.370908488,-0.9717816967788386,14.0613726639,-1.1480277183551333,0.17624602157629465,1.5005346260617545
7253.0,43.60573107695,-1.5910850849937659,29.8379212436,-1.4738565236788674,-0.11722856131489845,0.6842660472988225
7254.0,7.793149496,-0.8917130073908741,10.4231611879,-1.0179994539205384,0.12628644652966425,1.3374773823150587
7255.0,12.009004324,-1.0644910865509503,14.09206292,-1.148974573605699,0.08448348705474884,1.1734580602853983
7257.0,16.992272766,-1.2183668891004673,18.45836741005,-1.2618136649120917,0.04344677581162437,1.0862800794360787
7258.0,6.482897024,-0.8117691232126903,30.50861151625,-1.4839395064350054,0.672170383222315,4.70601513541024
7259.0,42.870219117,-1.632155703269457,15.480632554,-1.154466731903311,-0.47768897136614585,0.3611045819885073
7261.0,10.52378168,-1.0221718298968685,26.7754465399,-1.427736722387083,0.40556489249021443,2.5442799322591036
7263.0,144.0242488165,-2.158435618766124,35.50296606845,-1.5502642415186303,-0.6081713772474937,0.24650686506050803
7267.0,13.5388084359,-1.1315804433384025,11.9389501639,-1.0769661393502428,-0.054614303988159696,0.8818316782031012
7268.0,2.760511632,-0.44098958147172684,11.735906036,-1.0695166236530464,0.6285270421813196,4.251351778401055
7269.0,24.890823569600002,-1.3947825598633583,26.04625204595,-1.4154427997205357,0.020660239857177354,1.0464198572264665
727.0,12.089965231899999,-1.082398096241843,14.63814672,-1.1654860958326199,0.08308799959077695,1.2107683057165866
7270.0,4.606653304,-0.6633855285484418,8.7927617801,-0.9441253070953763,0.28073977854693455,1.9087092515655915
7272.0,15.04305353995,-1.1279155851307388,6.7340931478999995,-0.8014249819991497,-0.32649060313158906,0.4476546686493002
727200.0,4.695672784,-0.6716978256640795,35.860213401150006,-1.553230783287253,0.8815329576231734,7.636863778783697
7274.0,20.746653564,-1.3169480549809147,15.3278885699,-1.1336943902075634,-0.18325366477335137,0.73881257633266
7275.0,8.3574374059,-0.9167609303398934,10.5680858439,-1.0239963323676988,0.10723540202780546,1.2645127125258964
7276.0,18.647963542,-1.247675089633939,13.5210957321,-1.1310118876945368,-0.11666320193940227,0.7250709012620612
7281.0,25.032750276,-1.398508566910414,9.40157171395,-0.9573203906113106,-0.44118817629910345,0.3755708665764824
7284.0,7.228669507949999,-0.7995857339190349,4.8613871999,-0.6867602131508698,-0.1128255207681651,0.6725147960566613
7285.0,5.883577216,-0.7696414575029549,14.6192766519,-1.1649258846697197,0.3952844271667648,2.4847598858979607
7288.0,2.7590843319,-0.4407649749696131,11.294360432,-1.0519821030910559,0.6112171281214428,4.093517657802912
7289.0,13.56607428,-1.1324541906816643,11.038776516,-1.020344987261486,-0.11210920342017827,0.8137045609630851
7290.0,8.678858584,-0.9384626118969901,13.876162207899998,-1.1252211242115528,0.18675851231456275,1.5988464466377572
7291.0,9.54384711195,-0.9663115009723349,11.31922802795,-1.0179814231190694,0.05166992214673449,1.1860236124043748
7292.0,5.9396340639,-0.7737596892700067,16.294083818,-1.2100809335339697,0.436321244263963,2.7432807547913494
7293.0,7.3270053079999995,-0.8540558991901775,11.2982278439,-1.053010328618644,0.19895442942846653,1.5419980427152162
7294.0,10.69907366,-0.9659114569655922,9.97795727595,-0.9839010934226218,0.017989636457029556,0.9326001103491796
7298.0,12.18868308395,-1.0841095743180498,6.5811455999,-0.8183014991473065,-0.26580807517074323,0.5399390200378597
7302.0,5.7178343,-0.6909768980865497,10.831799048,-1.034700594365971,0.34372369627942134,1.894388413459271
7303.0,10.409004976,-1.017409216149702,7.75491308595,-0.8895523378998607,-0.12785687824984127,0.7450196348095204
7314.0,20.67013799195,-1.309745086758023,8.2468849319,-0.9162899349305967,-0.3934551518274262,0.3989758043759435
7315.0,6.8671466279,-0.8367763205859938,31.945906692450002,-1.4438381420075366,0.6070618214215427,4.651991347127996
7319.0,9.3671266281,-0.9703689429265709,12.334099688,-1.0911074542064976,0.12073851127992663,1.3167431356163712
7321.0,11.7407192559,-1.0696947033255764,25.52616174795,-1.356952127212237,0.28725742388666053,2.1741565564752325
7327.0,8.70133112,-0.9395856955898938,26.0800559489,-1.4163085187421094,0.4767228231522156,2.9972489943469705
73281.0,9.883117682,-0.994870742639155,11.2330404719,-1.0504973236208959,0.05562658098174089,1.136588760079079
73282.0,8.51763386595,-0.8588199906913555,3.6794987759,-0.5657886627804897,-0.29303132791086584,0.4319860226217429
73303.0,19.536335848,-1.2908431125958646,11.6226590959,-1.0653054997033555,-0.22553761289250907,0.5949252299063977
7331.0,38.746825954049996,-1.587957622999514,26.999557904,-1.4099467795969451,-0.1780108434025689,0.6968198617357426
73339.0,9.257736584,-0.9462928004601918,7.549613572,-0.8779247227758088,-0.06836807768438302,0.81549237262247
7337.0,20.9067887199,-1.3202873303628584,15.501018865899999,-1.1641585223978128,-0.15612880796504558,0.7414347116420347
7338.0,7.130036983949999,-0.8522655911195907,24.7019799878,-1.392721670716142,0.5404560795965514,3.464495351623723
7340.0,93.5666148088,-1.9711209172137623,26.9751223759,-1.4309634235887772,-0.5401574936249851,0.28829858204256603
7343.0,16.6544535239,-1.219779969360439,22.13815706405,-1.3383864762542155,0.1186065068937765,1.3292634929318217
7344.0,5.21971414395,-0.6595679060579397,26.576474236,-1.424497364815339,0.7649294587573993,5.091557411588127
7348.0,13.83747756195,-1.010092199279692,17.966458904,-1.254462488350116,0.24437028907042402,1.2983911860788693
7352.0,4.8253920799,-0.6835326070516253,11.3394512439,-1.0545920380213796,0.37105943096975424,2.3499543780357417
7354.0,21.556283574,-1.3175504141874184,32.632134994750004,-1.4961661289031083,0.17861571471568993,1.5138108052219672
7355.0,16.00627502995,-1.203680093337892,6.7026703319,-0.8262478593224767,-0.37743223401541526,0.41875266539893624
7358.0,5.91605704595,-0.7708481062155086,12.0458865799,-1.0808387696800321,0.30999066346452353,2.0361342844295836
7360.0,16.453283104,-1.1189934145301557,16.13064827195,-1.202575069149237,0.08358165461908129,0.9803908539097852
7362.0,26.965945857999998,-1.4246568251209317,13.19917890195,-1.1203876752953446,-0.30426914982558717,0.4894758363550669
736366.0,18.2195528699,-1.2144627457605721,6.3502141679,-0.8027883725941314,-0.41167437316644073,0.348538419863805
7366.0,7.066427148,-0.8491998859168982,12.9717947839,-1.0983626652516694,0.24916277933477116,1.8356935566188335
7367.0,7.5285150159,-0.8767093209549139,13.8234793119,-1.1406173669007744,0.2639080459458605,1.836149530512355
73670.0,27.338980227900002,-1.4364482730044128,15.108082037700001,-1.1792059449351395,-0.2572423280692733,0.5526205407721055
73672.0,5.853657211950001,-0.7226484583157108,17.214419936,-1.2358923931261598,0.513243934810449,2.9407974045452248
73674.0,7.271059212,-0.8615976813431027,12.386006984,-1.0929313205558233,0.23133363921272065,1.7034666646034735
73675.0,9.739417118,-0.982797220925492,9.624804472,-0.98339191557337,0.0005946946478779802,0.9882320836440839
7368.0,4.7558538281,-0.6772284980439777,20.8233044694,-1.318549649235532,0.6413211511915543,4.378457627601029
7369.0,7.213797584,-0.8581639520404023,115.5801345335,-2.06288319564276,1.2047192436023577,16.022092828034637
7371.0,14.1196156,-1.1498228734104525,22.1418375259,-1.3442611517365415,0.19443827832608895,1.5681614962591477
7374.0,5.9237232559,-0.7725947609830394,9.1221668579,-0.9598257571869889,0.18723099620394956,1.5399380531179214
7375.0,14.389483913949999,-1.157051363456512,17.6471968015,-1.2446254225129039,0.08757405905639182,1.2263953945138912
73764.0,11.953190632,-1.0774838457793772,10.98448352795,-1.0345468900632937,-0.04293695571608347,0.9189582820291793
73773.0,6.646871469950001,-0.7623283954094786,121.83292924930001,-2.0829740449143683,1.3206456495048897,18.32936439347404
7381.0,6.7455452039,-0.8290170569695651,20.411273886,-1.3095593420371852,0.4805422850676201,3.0258894231705735
73812.0,10.13176096195,-0.937104722491638,8.0274700159,-0.9045786920705557,-0.032526030421082264,0.7923074819912649
73848.0,15.678365872,-1.1953007949710701,19.90901572,-1.2990497895131337,0.10374899454206354,1.2698399745572666
7385.0,4.3035188499,-0.6319918653346465,10.001450336,-1.0000629827249752,0.3680711173903287,2.324016853378579
73851.0,7.7959995359,-0.8907459160786535,17.5025734001,-1.243101907617602,0.3523559915389485,2.245071118783672
73852.0,6.645180932,-0.8225068102147102,30.30971389675,-1.4788414916834092,0.656334681468699,4.561157056054407
73864.0,5.152161072,-0.7119894319114048,11.862570436,-1.0738945864218037,0.36190515451039884,2.302445569970333
7389.0,12.360636133949999,-1.0385373922552965,7.907954921949999,-0.8980252983924379,-0.14051209386285857,0.6397692510525275
7390.0,24.62844455595,-1.2669236139374334,19.75306387,-1.2904768978306835,0.023553283893250176,0.8020426878817178
7391.0,10.8441496039,-1.0351955003968347,14.059400977900001,-1.1368431710662048,0.10164767066937008,1.2964964051071064
7393.0,18.50801061405,-1.2429470283956978,14.9591952721,-1.1749082313435102,-0.06803879705218763,0.8082551703716884
7394.0,15.482223604,-1.097234960630904,17.67225545795,-1.238139544723937,0.14090458409303297,1.141454606906994
7395.0,8.620342708,-0.9355245318612232,5.56123694,-0.7451713988608266,-0.19035313300039658,0.6451294488372212
73957.0,14.965556485899999,-1.1512568632783644,12.55594528,-1.0988494143356,-0.05240744894276439,0.8389895351923433
7400.0,12.644332223949998,-1.099778868808714,7.90350422795,-0.892950611217231,-0.20682825759148304,0.6250629996086106
7402.0,16.8500325359,-1.2266007437918198,9.0073295099,-0.9487604617634642,-0.27784028202835565,0.5345585826442381
7403.0,12.464699108,-1.0956817993008863,12.264467808,-1.0886487076126443,-0.007033091688241955,0.9839361304861752
74062.0,18.169277865999998,-1.2460340532228178,26.543488536,-1.423958000381124,0.17792394715830628,1.4608994772252664
7407.0,3.70834944,-0.5691806512311758,10.1907274439,-1.0082051863219883,0.4390245350908125,2.7480493973890443
74080.0,15.8216611799,-1.1992520798815807,13.724536688,-1.1374976924852447,-0.061754387396335986,0.867452319446443
7409.0,44.0098327711,-1.6435497183305783,11.4636528481,-1.0593230259205737,-0.5842266924100046,0.26047935486880225
7411.0,12.802104338,-1.1072799574454826,12.532932747899999,-1.0961930596990155,-0.011086897746467095,0.9789744261573444
7415.0,8.2375973799,-0.9158005615994252,10.33928524,-1.0144905167991949,0.09868995519976964,1.2551335982052467
7416.0,10.10606077195,-0.9997131480927965,12.985173093899999,-1.1111129387577816,0.11139979066498507,1.284889670359113
74195.0,19.987714196,-1.300763130845218,14.48312707195,-1.1132255893536,-0.18753754149161805,0.7246014691789222
7421.0,26.3678456,-1.4210746469623976,29.07983538345,-1.4633549070118665,0.04228026004946894,1.1028521565466842
7422.0,11.800623034000001,-1.0718849860469002,13.042448808,-1.1153591407789822,0.04347415473208205,1.1052339160756213
74266.0,13.915332662,-0.9782636704825474,13.19177871195,-1.1202898262633103,0.14202615578076294,0.9480031151518294
743.0,7.582866632,-0.8719306128204574,8.8699245641,-0.9479199263103713,0.07598931348991389,1.1697323709569893
7430.0,7.8693093839,-0.8959366200436865,29.501543888,-1.4698447442661042,0.5739081242224178,3.7489368442366597
74325.0,8.2202421959,-0.9148846135003122,18.79354842545,-1.2739962587479596,0.3591116452476474,2.2862523971402733
7439.0,26.56518972995,-1.4138057477507564,17.87789928695,-1.1844011520384683,-0.2294045957122881,0.6729821796376702
7440.0,7.1091181080000005,-0.8457834836956262,22.8597935159,-1.359072303254791,0.5132888195591647,3.215559675422402
7443.0,20.137298032,-1.3040011976717047,14.774355848,-1.1695085550180977,-0.13449264265360705,0.7336811435437964
7444.0,13.6861259239,-1.1362805315541489,17.96157754995,-1.2536829841244155,0.1174024525702666,1.312393123505009
74448.0,26.8588614,-1.4290875981250235,7.1405828699,-0.8537111544897158,-0.5753764436353077,0.2658557547752192
7447.0,17.5815869921,-1.2450580738552048,6.6092345239,-0.820151162768984,-0.4249069110862208,0.37591797184575837
74483.0,18.92097083595,-1.274102288176094,11.7295511361,-1.0683600596432676,-0.2057422285328263,0.6199233241147307
7449.0,12.663991912,-1.1025706244873623,25.6306551879,-1.408759708051302,0.3061890835639396,2.023900154548677
7450.0,7.405195908,-0.8695365524774719,8.498287376,-0.9293314129974126,0.05979486051994076,1.1476114179260415
7451.0,9.996077432,-0.9998296116160846,17.93797136795,-1.2511111714763676,0.251281559860283,1.7945010420313439
7452.0,8.354114937999999,-0.9218999598231626,18.2202150559,-1.260553497952238,0.3386535381290753,2.180986877858539
7453.0,8.49661086195,-0.902089093837549,13.701122588,-1.1367561521053489,0.23466705826779988,1.612539730324374
7455.0,22.48479237425,-1.2828164188225448,15.00656230405,-1.176243674392507,-0.10657274443003772,0.6674094229678453
7456.0,18.994851672,-1.2644658282075425,22.4496986561,-1.3512105158127818,0.08674468760523935,1.1818833357457976
7461.0,4.23996718,-0.6273624948946048,12.52977910195,-1.097813583040937,0.4704510881463322,2.9551594552555005
7462.0,11.1941497879,-1.0489911138645467,11.282165374000002,-0.9538290540957031,-0.09516205976884362,1.0078626414482268
7463.0,10.37323676,-1.0159142903980212,6.962063404,-0.842737974116604,-0.17317631628141716,0.6711563193897447
74651.0,9.36403768395,-0.8844771129230413,12.7927790959,-1.101207939722371,0.21673082679932976,1.3661605738544684
7469.0,15.92887687605,-1.2020666603033123,28.275338034100002,-1.4513534161029025,0.24928675579959014,1.775099290058148
7470.0,8.73825038,-0.9414244845363445,11.0308617459,-1.0234706682262036,0.08204618368985905,1.2623650348984392
7471.0,8.87875956595,-0.9483244251001233,18.893104064699997,-1.2759727452476048,0.3276483201474816,2.127899052155321
7472.0,88.6151135074,-1.94297556976409,18.363414528,-1.2639534379105697,-0.6790221318535203,0.2072266659847648
74724.0,25.0737396239,-1.3992191116568626,5.184437764,-0.7147016654055017,-0.6845174462513609,0.20676763186366717
7473.0,16.740859602,-1.2211339213517889,16.446639564,-1.2146474783272665,-0.0064864430245223925,0.9824250340188715
7474.0,7.45237644,-0.8722947841852409,13.3945674259,-1.126442924794885,0.2541481406096442,1.7973551837781292
74745.0,10.73961868,-1.030988861613836,5.937048035949999,-0.773533674809858,-0.25745518680397805,0.5528173963016347
7475.0,18.2206724519,-1.2605644009992405,12.8676098999,-1.1094978861676945,-0.15106651483154598,0.7062093857330827
7476.0,9.2073741839,-0.9641357930592568,18.350086746,-1.2632481407069065,0.2991123476476497,1.9929771919215502
7479.0,12.713153452,-1.1042532891012466,14.570140824,-1.163463749353419,0.05921046025217236,1.146068194568033
74791.0,2.2668942599,-0.35543126277629183,29.9999085719,-1.477119931160335,1.121688668384043,13.233924979466574
7482.0,5.10806135195,-0.7026278085871116,11.8520250639,-1.0737925612270107,0.3711647526398991,2.3202589489994074
7483.0,58.91953222405,-1.5647515367728482,6.7602979599,-0.8299658378778274,-0.7347856988950208,0.11473780773060102
7486.0,5.995856440000001,-0.7158818379910438,14.23283496605,-1.0926085064456093,0.3767266684545655,2.3737784765990826
74867.0,21.894776704,-1.3403405203564092,25.8058357321,-1.4117179284306602,0.07137740807425108,1.1786297746249899
7487.0,22.182878724,-1.3460179048800043,6.209273056,-0.7930407585907981,-0.5529771462892061,0.2799128613222815
7488.0,10.5765967639,-1.0243459470542933,13.800790992,-1.1399039786922598,0.11555803163796652,1.3048423136546916
74887.0,6.6646941639,-0.8237802248709425,12.50516298,-1.015277056695802,0.19149683182485955,1.876329606801089
7489.0,8.6810749081,-0.93857350371952,36.03789805645,-1.4638289965618698,0.5252554928423498,4.151317485214225
74904.0,15.1375954,-1.1800568931660067,8.3476316399,-0.921563276487281,-0.2584936166787257,0.551450307616228
74937.0,9.828687066,-0.9840925007829,13.983710968,-1.1456224388672775,0.16152993808437754,1.4227445511388102
7494.0,13.2601328,-1.1225478735422378,26.89318979595,-1.4271905701144791,0.3046426965722413,2.02812371501664
7497.0,5.26633428805,-0.7018319110408028,17.458423564,-1.233387165736222,0.5315552546954193,3.315099765621685
7498.0,6.282049408,-0.7981013477799931,6.8776234239,-0.8374383928585566,0.039337045078563504,1.0948056879561556
74989.0,20.534904208,-1.3124926812810254,18.272238788,-1.261791762114852,-0.050700919166173364,0.8898136851732422
7500.0,13.107012564,-1.1175037157314553,16.5203708159,-1.2180197912586836,0.1005160755272283,1.2604222919016042
7501.0,12.4036343759,-1.0935489559795601,10.055584364,-1.0024073139865943,-0.09114164199296582,0.8106966119170513
7503.0,3.095862404,-0.4907816501660649,14.693791796,-1.1671338818069201,0.6763522316408552,4.746267720753651
7505.0,12.651149647899999,-1.0878493565339662,30.2124520359,-1.480185973947424,0.3923366174134577,2.3881190940552233
75050.0,12.83474853395,-1.075458615042217,21.548600856,-1.3334190768055616,0.25796046176334464,1.6789266107552043
7506.0,23.971655976,-1.3796980363864975,11.861354760000001,-1.0741316486390182,-0.30556638774747924,0.49480748313238687
75066.0,8.6918751,-0.9391134769938022,3.6498578399,-0.5622759492374831,-0.37683752775631907,0.4199160477927254
7508.0,20.13253274,-1.3038984140249776,11.9993206799,-1.0791566599374687,-0.22474175408750896,0.5960164493392003
7509.0,17.45858202,-1.2420089675541357,12.666413892900001,-1.0235241105613806,-0.2184848569927551,0.7255121795338108
7510.0,14.3516356679,-1.156901400795545,10.0693544599,-1.0030016290948531,-0.1538997717006918,0.7016172018930157
7515.0,7.92852036395,-0.8255031043850467,18.9515989479,-1.2776458573096374,0.4521427529245907,2.3903071541659364
7516.0,5.8732724199,-0.7688801451840932,11.224937552,-1.0501839335597931,0.2813037883756999,1.911189665571671
7517.0,8.1815199959,-0.9128339961539225,16.821606272,-1.225851088145025,0.3130170919911026,2.0560490325061602
75171.0,7.8176504599,-0.8930762485047379,15.2048470639,-1.1819820562040346,0.28890580769929675,1.9449382064204612
7518.0,34.914776156,-1.5430092620572406,33.151262983950005,-1.4866199926377388,-0.05638926941950184,0.9494909214319296
75194.0,21.66450414,-1.3357487532953303,56.29036701335,-1.5931248724152367,0.25737611911990643,2.5982762702340807
7521.0,23.03716736,-1.3624290773748489,8.64002249995,-0.9219380341696936,-0.4404910432051553,0.37504708651602203
7522.0,4.64734830395,-0.6654835899923945,10.929117706,-1.0256936356284023,0.3602100456360078,2.3516889613612193
75227.0,23.519909522,-1.3695016656384356,13.622084108,-1.1342435574564649,-0.23525810818197068,0.5791724706788606
7525.0,7.5354183959,-0.8771073710482598,10.349832256,-1.01493331106019,0.13782594001193016,1.3734913859104776
7526.0,17.478020752,-1.2101328585719655,9.0728256839,-0.9577425668623352,-0.25239029170963034,0.5190991481608008
753.0,16.643412272,-1.2212423711719809,22.218451452,-1.346713786860152,0.1254714156881711,1.3349697218868486
7533.0,12.96780372,-1.112866428431604,20.00936842375,-1.2915244393305283,0.1786580108989242,1.5430036462450407
75345.0,19.139121412,-1.2819219974597333,17.317866856,-1.238494396357897,-0.04342760110183641,0.904841266388639
7540.0,12.36828857595,-1.0917706049375677,11.22612964,-1.0502300531706252,-0.04154055176694249,0.9076542458613946
7541.0,7.5312514559,-0.8768671482103848,26.2853452999,-1.419713686542048,0.5428465383316633,3.4901696555766972
7542.0,6.324431524,-0.8010214947355515,19.072657516,-1.2804112103047076,0.4793897155691561,3.0157109684282193
7543.0,3.300843488,-0.5186249324159203,3.6018870759,-0.5565300929692814,0.03790516055336102,1.0912020182097166
75430.0,20.818960604,-1.318459043367822,8.1931957699,-0.913307200620685,-0.405151842747137,0.3935449000429839
75454.0,7.110382756,-0.8518929796811782,9.564162972,-0.9806469678240466,0.12875398814286843,1.3450981895354945
7546.0,9.030831448,-0.9557277366540776,26.229457722,-1.4187824129183266,0.463054676264249,2.904434422570124
75471.0,8.78160028,-0.9435736650456278,18.397583087900003,-1.2431108823739065,0.29953721732827876,2.0950148607652186
75472.0,13.282284324,-1.1232727726218914,10.721379208,-1.0302506569887775,-0.09302211563311391,0.8071939243633978
75494.0,11.764514124,-1.0705739954624807,30.418021284,-1.4831309594411746,0.4125569639786939,2.585573952599218
7550.0,50.59698064135,-1.6982636817879033,10.1888229479,-1.0081240155316507,-0.6901396662562527,0.20137215341212003
75516.0,8.8990830719,-0.9493452608776307,11.242079848,-1.0508466655880024,0.10150140471037172,1.2632851898526842
75518.0,4.49352101795,-0.6384100670946672,8.2394154319,-0.9158964005677669,0.2774863334730997,1.8336212068412496
75538.0,9.72726107005,-0.9879835998420532,15.347075768,-1.1860256372200773,0.19804203737802406,1.5777386519678467
75547.0,4.0514692959,-0.607612551950591,46.71028436585,-1.6639991466725879,1.0563865947219968,11.529220871331743
7555.0,9.7854168959,-0.9905793329814513,14.629562792000002,-1.1600626659502364,0.16948333296878515,1.4950372526416995
75557.0,22.650959456,-1.3550866027118194,3.7728635599,-0.5766710998593666,-0.7784155028524528,0.16656528688018152
7557.0,190.8400767129,-2.280669582462357,8.674041096,-0.9382214754244272,-1.3424481070379297,0.045451884349476744
75576.0,10.74334801,-1.0281481154269563,31.528057532,-1.4986972143533388,0.4705490989263825,2.9346584977656325
7558.0,13.0408082919,-1.115304510554857,19.472084696,-1.2894124499022923,0.1741079393474354,1.4931654741136438
75588.0,127.6174686461,-2.1059101259317767,25.63650462995,-1.4020146866206327,-0.7038954393111441,0.20088554413380033
7559.0,8.350039328000001,-0.9174855673878146,15.024098863950002,-1.1448820626839369,0.22739649529612227,1.799284802596082
7560.0,9.2055773,-0.9640510291618934,20.5670636479,-1.3131722920572664,0.34912126289537293,2.234195963777307
75628.0,11.883210215950001,-1.0687914944245591,22.300837252,-1.3440106283506041,0.275219133926045,1.8766677393342035
7563.0,5.3541147999500005,-0.7281257954430402,17.6479591839,-1.24669449066346,0.5185686952204198,3.296148820728462
7564.0,7.3582609599,-0.8667751859733449,12.872406288,-1.1096597388171878,0.24288455284384292,1.7493815941226063
7565.0,12.7725156839,-1.1062764446427757,20.8675011599,-1.3194704463131222,0.2131940016703464,1.6337816039015622
7567.0,12.297627953900001,-1.0845276654802116,6.6057786439,-0.8199240166240236,-0.26460364885618803,0.5371587649799635
7570.0,4.42172382,-0.645591613141891,16.029380811899998,-1.2023788945457219,0.5567872814038309,3.6251429226305674
75706.0,12.976675006,-1.017060079254548,11.143645952,-1.0470273055394446,0.029967226284896453,0.8587443198544722
7571.0,95.1792998163,-1.9785425055999972,9.7965528779,-0.989860441688788,-0.9886820639112093,0.10292734761453125
7572.0,22.76250696405,-1.3249251672234934,15.5022159561,-1.1903937826038282,-0.13453138461966518,0.6810416787827215
7577.0,16.8533285639,-1.1975415302014172,19.928949828,-1.299484413807297,0.10194288360587977,1.1824934019673723
75771.0,10.6820828759,-1.0286559430776447,75.2084949835,-1.8762668979864687,0.847610954908824,7.040620809372202
7578.0,4.8683356319,-0.6873805116404882,7.6163767719,-0.881748419870872,0.19436790823038386,1.564472408597577
7579.0,20.2306174119,-1.3060091370708329,18.386803816,-1.2628282377268334,-0.04318089934399949,0.9088602409724067
7580.0,8.89220964,-0.9490096929408023,18.72019476195,-1.2657429918119263,0.316733298871124,2.1052354273948493
75819.0,12.216443324,-1.086944784499693,12.20859480595,-1.0611411763475735,-0.02580360815211935,0.9993575447581718
7582.0,12.387105572,-1.0929698389862805,22.6610333922,-1.3552797107478947,0.26230987176161413,1.8294050422419377
7583.0,10.6204867799,-1.0261444226757332,20.37171429195,-1.3087819832404888,0.28263756056475553,1.9181525964049846
7585.0,13.581672804,-1.132953263670931,15.418124212950001,-1.0353082950910109,-0.09764496857992011,1.1352154064858004
7590.0,17.84890401995,-1.2329242208108493,8.6662044799,-0.9378289320379067,-0.29509528877294255,0.48553146289618937
75903.0,9.06140576,-0.9571955780798779,16.3127966639,-1.2125284228171123,0.2553328447372344,1.8002501042288608
7592.0,39.731434727,-1.5976933807703921,18.371012077899998,-1.216538551067301,-0.3811548297030911,0.46237978074866104
7594.0,17.77797251195,-1.1998908294696455,15.351651504,-1.1861551029723578,-0.013735726497287715,0.863520938266775
7595.0,50.61767000934999,-1.682731838632599,8.5085897879,-0.9293469049853257,-0.7533849336472732,0.16809524789126626
75969.0,9.627652784,-0.9835204192938994,17.2119053439,-1.2358289490340977,0.25230852974019824,1.78775717509299
7597.0,12.19862922195,-1.0661278914226129,12.7025687839,-1.1038915552758846,0.03776366385327168,1.0413111631463656
75982.0,24.863004624,-1.3955536107406212,21.525536373999998,-1.3266220348936328,-0.06893157584698839,0.8657656908136365
76004.0,22.744754928,-1.356881261720352,12.1017879399,-1.0828495385040142,-0.27403172321633784,0.5320693926230023
7601.0,14.7778396999,-1.1696109513128499,23.0,-1.3617278360175928,0.19211688470474297,1.5563844558522069
7603.0,17.516402132,-1.2434449069302211,5.0277615399,-0.701374671487777,-0.5420702354424441,0.2870316348078689
7604.0,10.869821316,-1.0362224049774602,3.523654568,-0.5318642821875861,-0.5043581227898741,0.3241685824966877
76063.0,7.081386065949999,-0.8490171271737129,14.9980586479,-1.1760350475177592,0.3270179203440463,2.117955229134643
7607.0,182.1070339485,-1.9384042715653542,4.950082188,-0.6946124097413583,-1.243791861823996,0.0271822679260148
76079.0,7.307151464,-0.8617870341239516,10.0079877039,-1.0003467630990666,0.13855972897511493,1.3696154723500882
76092.0,13.0424458899,-1.1052600721130053,12.1966680139,-1.0862141948473623,-0.019045877265642996,0.935151896880403
7610.0,8.237615824,-0.9158015339899801,23.8557070839,-1.3775922935876717,0.46179075959769156,2.895948001653251
7611.0,8.55863301805,-0.9163911280007734,14.465948319950002,-1.1552087168329994,0.23881758883222604,1.6902171514354667
7615.0,12.762089687949999,-1.105617556710636,15.23733494795,-1.1823531762622144,0.07673561955157826,1.193952974828028
7617.0,13.52297916,-1.1309905947546155,14.3264936359,-1.1561399111988409,0.025149316444225356,1.0594184510966886
7618.0,9.8408991,-0.9919979950976993,7.620532748,-0.8819853337318561,-0.1100126613658432,0.7743736289299014
7619.0,24.820620674,-1.3948121661132147,18.2981144882,-1.2622860785792531,-0.13252608753396156,0.7372142191177181
76191.0,7.9442551559,-0.9000531845079462,14.822977731950001,-1.1704842412244938,0.27043105671654755,1.8658738221595697
76192.0,10.50840996005,-0.9848890356482893,16.94086629,-1.1371625633644173,0.152273527716128,1.6121246082332508
7620.0,8.265672488,-0.9172781931701931,8.652649631900001,-0.9366974552439384,0.019419262073745336,1.0468173817026758
7621.0,6.451171465950001,-0.8004220484376483,35.2541801392,-1.5172096132991024,0.7167875648614541,5.464771836444819
7622.0,11.105545192,-1.0455398837368337,14.078345536,-1.1485516202319481,0.10301173649511441,1.2676861236980506
7624.0,8.240697152,-0.9159639539858716,26.9468449519,-1.4305079235044884,0.5145439695186168,3.269971515135714
7626.0,14.824950518,-1.1552973787534555,30.326835236,-1.4818270917727732,0.32652971301931766,2.0456618185118454
76262.0,9.7024283961,-0.986880446331568,15.196600752,-1.1817464537509053,0.19486600741933724,1.5662677560298661
7628.0,11.1882606519,-1.048762575536749,16.317614378000002,-1.2126432366161046,0.16388066107935573,1.4584585473729494
76302.0,33.86731428915,-1.244841314682669,8.99210165205,-0.9515607213098304,-0.2932805933728385,0.26550973529456334
7632.0,7.112802797900001,-0.8505096250605302,23.5376924439,-1.371763883825876,0.5212542587653459,3.309200762721739
7636.0,11.319300716,-1.0538195978272409,23.3085268639,-1.3653273006255224,0.31150770279828155,2.059184347929996
7638.0,50.45006991295,-1.702726058061097,28.400662548,-1.4533284716521107,-0.24939758640898635,0.562945950263388
76382.0,16.4665721919,-1.216603202504336,13.730405659950002,-1.1305839060298941,-0.08601929647444195,0.8338350872262332
7641.0,13.474939084,-1.1295268105532137,19.44104065795,-1.2112099402012502,0.08168312964803648,1.4427553651084097
7642.0,10.9270745999,-1.0385039080454972,12.1084406839,-1.083088218619459,0.04458431057396184,1.108113665116811
7648.0,9.957237516,-0.9981388667403867,13.79443029,-1.1314638645205495,0.13332499778016282,1.3853672032864663
7649.0,19.977161122,-1.1947568698414284,13.1280085239,-1.1181988500287001,-0.07655801981272825,0.657150855605939
76497.0,7.0431790819,-0.8451669220436862,15.36702519995,-1.1791592800888582,0.333992358045172,2.1818308211757866
7652.0,44.158867255,-1.6450179245215855,10.2490405039,-1.0106832094535732,-0.6343347150680123,0.23209473297210825
7654.0,20.470902536,-1.311136990574755,5.34362172,-0.7278357064414004,-0.5833012841333546,0.26103498419782617
7656.0,13.811140416,-1.1396581279766158,27.7639851359,-1.443481803220657,0.3038236752440411,2.0102601450446365
7659.0,49.799411755,-1.5475312627265256,40.2802362214,-1.6050920087869853,0.05756074606045969,0.8088496390191949
7663.0,4.0730824639,-0.6099232029301375,7.4926133079,-0.8746333193352186,0.26471011640508113,1.8395437299164772
7668.0,15.95830634,-1.202986797652382,20.040649787950002,-1.3016438456510282,0.09865704799864616,1.2558130769627776
7670.0,17.121861144,-1.078948015006094,12.180414542,-1.0856620691046974,0.006714054098603484,0.7113954750338792
7671.0,18.8991133719,-1.276441430272533,7.562759772,-0.8786803054269458,-0.39776112484558734,0.40016479202906047
76714.0,5.230627436,-0.7185537874616542,13.65115339595,-1.1332990590667185,0.41474527160506425,2.6098500730515424
7673.0,3.584210592,-0.5543935189188329,23.8801614679,-1.3780372589891947,0.8236437400703618,6.66259999376175
76748.0,15.837417267900001,-1.1850704653218813,12.548997926,-1.098320585532892,-0.0867498797889894,0.7923639134920617
7675.0,16.955416280050002,-0.9926781948011172,19.35076637395,-1.2865723838155678,0.29389418901445064,1.1412734464513505
76767.0,11.5240176319,-1.0616039140852078,12.7292736759,-1.104803623799147,0.04319970971393916,1.1045864456735726
7681.0,17.174194128,-1.2348763676253955,19.5291506459,-1.0635110165021056,-0.17136535112329,1.137121806144056
76857.0,10.36182848,-1.0154363991066657,12.631809964,-1.1014655834183051,0.08602918431163942,1.2190715169992854
76921.0,6.5673276199,-0.8173886821876507,10.6907428519,-1.0290078834381693,0.21161920125051858,1.62786805694076
7693.0,47.9229779238,-1.6805437971878172,11.1265583359,-1.0463608492517966,-0.6341829479360206,0.23217585421322942
7694.0,11.8065528279,-1.0721231146877641,13.230923368,-1.1215901540615558,0.04946703937379171,1.120642372152359
7695.0,13.983989148,-1.1456310782647596,28.53332940355,-1.3136542232979649,0.16802314503320526,2.0404284572568376
7697.0,1.661841936,-0.22058971404045785,9.523899216,-0.978814790957259,0.7582250769168011,5.730929644803475
76985.0,10.3370255439,-0.9900038619304441,20.6179637,-1.314245770669954,0.32424190873950987,1.9945741269998993
7703.0,14.87809068,-1.1725472013480054,11.669144708000001,-1.039826040082396,-0.1327211612656094,0.7843173535490242
7704.0,11.083918744,-1.01264525991796,14.44681479995,-1.1289607145969716,0.1163154546790115,1.3034031675638562
7705.0,8.5163620839,-0.8859806954031316,13.3909141159,-1.1191892851592387,0.23320858975610703,1.572374915953284
7707.0,9.9104599759,-0.9960938119382766,14.7028775999,-1.1674023417858335,0.17130852984755685,1.483571664247076
7710.0,8.401640984,-0.924364119477741,17.311608174,-1.237943257886171,0.3135791384084301,2.0605032049058094
77117.0,6.845556384,-0.8354087519121023,10.923217244,-1.038350571109636,0.20294181919753362,1.5956653676143324
7713.0,21.34308058,-1.3292571040452557,11.052153660000002,-0.9859532475705797,-0.343303856474676,0.5178331037346439
7714.0,16.8903679961,-1.2276391117933039,6.1472047439,-0.7886776783339938,-0.43896143345931005,0.36394735421510027
7719.0,6.967855264,-0.8430991209463676,42.1695258391,-1.624998717765631,0.7818995968192635,6.052009440691505
77222.0,16.52420290995,-1.2181025126990839,44.625513967,-1.6495832310641503,0.4314807183650664,2.700615225447812
7724.0,11.140968948,-1.0469229637703772,11.42340509395,-1.023989142304492,-0.022933821465885185,1.025351129445586
7726.0,92.6247309393,-1.924492552394419,7.952704898,-0.8996609349275801,-1.0248316174668388,0.0858594115993888
77287.0,8.692156368,-0.8690272143126307,18.2123176719,-1.2603652169683504,0.3913380026557196,2.095258863375754
77288.0,9.7865981639,-0.9906317566254251,11.1446519939,-0.9876259684489272,-0.003005788176497881,1.1387666896357793
77290.0,24.2596707559,-1.384884902471769,16.033679314,-1.202323562060543,-0.18256134041122607,0.6609190815213589
7732.0,27.469443384,-1.4364907660603947,15.3390701959,-1.1857990349044605,-0.25069173115593424,0.5584048421175682
77353.0,9.712859844,-0.9873471219370115,8.9153646119,-0.9501391092273759,-0.037208012709635585,0.9178928508277977
7737.0,77.8554973063,-1.8912892831276664,12.5556497559,-1.0988391924053944,-0.792450090722272,0.1612686347182835
77378.0,9.5,-0.9777236052888477,11.260709632,-1.0515657599248105,0.07384215463596278,1.1853378559999999
7745.0,7.005021048,-0.8454094445492055,13.01930613995,-1.088161475393457,0.24275203084425145,1.858567740302099
7747.0,6.7853302879,-0.8315709925589396,9.156122692,-0.9617116035854636,0.13014061102652397,1.349399705468684
7748.0,19.88441579395,-1.0542093338204972,5.37435943995,-0.7212617087607227,-0.3329476250597745,0.2702799768241214
7751.0,8.937242744,-0.9512035539454498,36.5836012952,-1.5260390380834394,0.5748354841379897,4.093387898606684
7756.0,13.2931129481,-1.1236266948534466,19.62766471595,-1.2906034779159694,0.16697678306252284,1.4765288456196715
7757.0,3.599790244,-0.556277195620808,22.2875944699,-1.3480006773720268,0.7917234817512188,6.191359206844942
7761.0,11.12908908595,-1.0444566755691886,12.411415965949999,-1.086937276069063,0.042480600499874344,1.1152229863645249
7762.0,11.456310568,-1.0590447783698944,13.13098070795,-1.1176012755161024,0.05855649714620803,1.1461788356740017
7765.0,7.3269692801,-0.8649243706694787,10.3770672679,-1.0160746319969216,0.15115026132744291,1.4162837144798799
7766.0,7.4527502839,-0.8723165697555222,19.651820879,-1.2934027970047943,0.42108622724927214,2.636854869732233
7768.0,6.7639449999,-0.8302000675334735,14.32285299395,-1.155759310576192,0.32555924304271855,2.1175294882146076
77680.0,7.3574653441,-0.866728225117339,10.683910532,-1.028730242544637,0.16200201742729792,1.4521183630946353
77703.0,8.8145975619,-0.9447078843172396,11.4421233519,-1.0585066253699342,0.11379874105269461,1.2980880036267513
7771.0,5.0464371679,-0.7029848703160627,25.870026572,-1.4127968747956716,0.7098120044796089,5.126394268129852
7778.0,24.842696234399998,-1.349727782917781,49.0607319231,-1.6899828108169297,0.34025502789914874,1.974855364337023
77780.0,8.1425106199,-0.9107583336674862,7.0435219379000005,-0.8161598514448245,-0.09459848222266165,0.8650307339711525
77781.0,6.652945004,-0.8230139334027536,8.4675762959,-0.9277591184833739,0.10474518508062025,1.2727560938515163
77797.0,14.263008684,-1.1542111466262501,28.229700085700003,-1.3784778661164143,0.2242667194901642,1.9792247702525483
7789.0,19.71204187795,-1.2537605837413963,15.68840076,-1.1955290534005685,-0.05823153034082784,0.7958790295362113
7790.0,3.2519914919,-0.5121494006902608,20.83752921595,-1.275244378692494,0.7630949780022332,6.407621073994728
7791.0,20.3677911959,-1.3089439340838707,19.70167939,-1.2547473145523393,-0.05419661953153132,0.9672958250851428
779179.0,10.511997616,-1.0216852537227297,8.1723184039,-0.9123452789544076,-0.10933997476832202,0.7774277261498953
7792.0,12.0662245599,-1.0815714035444433,21.2225339999,-1.326797238022926,0.24522583447848278,1.7588379774092224
7793.0,9.069354151999999,-0.9250167651511594,17.78115156995,-1.2392829745330243,0.3142662093818649,1.9605752815407316
77942.0,10.8648086279,-1.0360220810864578,7.1811746859,-0.8137186826735034,-0.22230339841295432,0.6609573101415971
7795.0,5.6515554161,-0.7521679904148934,14.663375656,-1.1662339607562275,0.4140659703413342,2.594573453925156
7797.0,10.616228188,-1.0003842299207601,21.8468125214,-1.3016702299493064,0.3012860000285462,2.0578695309219555
77990.0,4.76023757195,-0.6655260871925041,15.382763156,-1.187034353386012,0.5215082661935079,3.2315116469488623
77999.0,11.1429882159,-1.047001671237135,16.6508848939,-1.2087555425810517,0.1617538713439166,1.4942926054737045
7803.0,11.329858077899999,-1.0475614831313056,10.702822224,-1.029498311769002,-0.01806317136230362,0.9446563364175679
7804.0,8.232555096,-0.91553464588971,15.912824132,-1.201747262996689,0.286212617106979,1.9329143803400304
7805.0,27.509900943999998,-1.43208452451328,13.072098035900002,-1.0922347319424182,-0.3398497925708619,0.47517793911762773
7807.0,21.9390442639,-1.341217704371091,18.9686800879,-1.278037112096626,-0.06318059227446482,0.8646083147346741
7810.0,8.28251307595,-0.9024405588419624,14.6570180799,-1.166045623567672,0.26360506472570955,1.7696341612136661
7812.0,10.4073163881,-1.0173387575517623,16.84265650995,-1.2264101859081835,0.20907142835642123,1.6183476971266424
7813.0,12.271147604,-1.0888816216549095,17.9382079599,-1.253779054538591,0.16489743288368142,1.4618199160160639
78138.0,3.8201558159,-0.5820810772063391,4.049046064,-0.6073527175506358,0.025271640344296742,1.0599164691522078
7814.0,34.29838900595,-1.5113844226544617,27.825786583899998,-1.4439744750529135,-0.06740994760154817,0.8112855265322476
78170.0,24.77863491395,-1.3929333482841175,24.472282280050003,-1.3844404040674623,-0.008492944216655252,0.9876364200463874
78202.0,8.274622271950001,-0.9139073821223244,12.78950087395,-1.1068234605765972,0.19291607845427283,1.5456295711896009
7823.0,4.887805419899999,-0.6850614113023253,18.78644662795,-1.247007796294544,0.5619463849922187,3.843534063664579
7825.0,15.519918415900001,-1.1898071657431077,21.895188188,-1.3403486822825965,0.15054151653948877,1.4107798508508007
7829.0,5.5522873279,-0.7444719325355296,21.0504172879,-1.3232607093895532,0.5787887768540236,3.7913054647086755
7833.0,9.737878738,-0.9844532748294739,14.1162634439,-1.1497197547576714,0.16526647992819754,1.449624073548409
7835.0,9.751618272,-0.8355605701600632,11.658528904,-1.066643753752191,0.23108318359212765,1.1955481212257197
7837.0,10.2140562319,-1.0091982444669125,23.5831213799,-1.3726012862701567,0.3634030418032441,2.3088889315340206
7839.0,27.54334472,-1.4400166775780676,8.026728468,-0.9045385717043364,-0.5354781058737312,0.2914217045750281
78392.0,13.752765488000001,-1.1129441299808112,25.9897215932,-1.337134658195927,0.22419052821511576,1.8897814854675865
7841.0,5.39000646,-0.7090634593371246,14.83280361605,-1.1664950166626316,0.457431557325507,2.7519083188724043
78435.0,10.766939228,-1.032092261764824,29.765642084,-1.4737152552912822,0.4416229935264582,2.7645407347143616
78452.0,9.5632673359,-0.9806062964102659,12.4258571679,-1.0943263572000494,0.11372006078978358,1.2993317797625492
7849.0,9.7586790479,-0.9893910347739195,14.3718594,-1.1575129598474714,0.16812192507355184,1.472725901677515
785.0,31.4747294839,-1.4979620061618109,37.298892644,-1.5716959383572355,0.07373393219542468,1.1850425168254166
78501.0,9.6644103399,-0.9851753613195813,4.464697348,-0.6497920243559305,-0.33538333696365075,0.4619730734701189
7854.0,8.048055344,-0.9056909542316289,12.7620265989,-1.0181076727167322,0.11241671848510326,1.5857279868750367
7855.0,8.49026354,-0.9289211710674394,12.83010415195,-1.1051149335022887,0.1761937624348493,1.5111549943654632
7856.0,15.1715422194,-1.1810297299846215,15.300975276,-1.184719113398396,0.0036893834137745607,1.008531305171764
7858.0,26.39881584,-1.4215844463513538,9.287447904,-0.9586979326487806,-0.4628865137025733,0.35181304950532966
7860.0,7.05378746595,-0.8403908708532437,7.8238298479,-0.8934193968764709,0.05302852602322716,1.1091672219594286
7864.0,5.680947776,-0.7539593590100941,9.087653856,-0.9584517766314602,0.20449241762136605,1.599672134708249
7865.0,4.70874287995,-0.6571321880842846,4.8339626159,-0.6843032874098357,0.027171099325551062,1.0265930289978649
7868.0,9.6711542379,-0.9205306644555205,8.81139386195,-0.819868931473317,-0.10066173298220349,0.9111005413830843
7870.0,8.07006745405,-0.896640684346871,13.0178483839,-1.114539209100238,0.2178985247533669,1.6131027972222134
78738.0,8.518400684,-0.826812220430527,20.8809304199,-1.319749846208855,0.492937625778328,2.45127356583735
78771.0,4.9966772599,-0.6986812988580178,12.0057581519,-1.079389590531333,0.3807082916733153,2.4027483720532063
7881.0,10.98469833795,-1.0277638733628711,13.928154512,-1.1438935759823923,0.11612970261952116,1.2679596729462228
78860.0,8.58160943605,-0.9079221783856823,9.218345784,-0.9646529946614226,0.05673081627574028,1.0741977775491822
7888.0,10.227045878,-1.0081269852992039,17.3534337319,-1.2393854216784506,0.2312584363792467,1.6968178239260658
78882.0,14.122228717949998,-1.1060744408578953,12.801755962,-1.1006232457156278,-0.005451195142267551,0.9064968580864565
7895.0,8.36235848,-0.9223287810748158,24.667940588,-1.3921328937702055,0.4698041126953898,2.9498783922021006
7896.0,13.6430748159,-1.1349122607226896,23.4223657799,-1.3153599843657506,0.18044772364306105,1.7167952309843642
7899.0,14.466826308,-1.1603732672560474,48.0315012544,-1.6815261609948362,0.5211528937387888,3.3201132184630637
79.0,5.4577496639,-0.6631811811435734,6.68276294995,-0.8072802872611422,0.14409910611756882,1.224453916263838
790.0,43.103600273400005,-1.6288219142509694,9.7893101919,-0.990752090127329,-0.6380698241236404,0.22711119558013249
7900.0,36.1509040099,-1.5581191619791595,16.565146868,-1.2191952907268355,-0.3389238712523239,0.45822220278263576
79016.0,9.3770540599,-0.9720664197777339,11.8983688801,-1.0754874290458754,0.10342100926814146,1.2688813356619262
7902.0,13.807629296,-1.1134703610637433,15.7046786479,-1.1960290542097458,0.0825586931460025,1.1373913878503072
7903.0,8.791271888,-0.9440517117040773,17.9064740079,-1.25301007665475,0.30895836495067275,2.0368467994195654
7904.0,3.4362720199,-0.5360875358534664,15.564832064,-1.1921444392445817,0.6560569033911153,4.529569246515285
79050.0,14.63055688,-1.1652608569050977,17.03923008995,-1.2151078190794584,0.04984696217436069,1.1646330505192635
7909.0,23.369684648,-1.3686528520346104,8.632660699999999,-0.9316447979264759,-0.4370080541081345,0.3693956863358355
7910.0,15.1552596019,-1.1796589125734633,6.90724516,-0.8393048707659057,-0.3403540418075577,0.45576554552282605
79103.0,9.04090881,-0.9278467911908451,12.3794080639,-1.0926998788740883,0.16485308768324314,1.3692658917439076
7912.0,7.60385180995,-0.8448337063624589,6.79419042,-0.8306515911393794,-0.01418211522307955,0.8935195726867639
7913.0,15.6832144399,-1.1954350806977418,11.311501572000001,-1.0534344810770322,-0.14200059962070966,0.7212489260634075
7914.0,3.0153683919,-0.4793403780999879,13.61262065595,-1.0401588882296644,0.5608185101296765,4.514413791865946
7915.0,14.9549849119,-1.1747859792073987,11.515954092000001,-1.057155635706905,-0.11763034350049373,0.7700411708765089
79154.0,17.3332271479,-1.2388794283830784,18.933491436,-1.2772307075492275,0.03835127916614911,1.0923235052795046
7916.0,7.7191973719,-0.8178065390538916,14.299185884,-1.1553113118600773,0.33750477280618574,1.8524187418827982
7922.0,23.883600128,-1.3780997913802484,8.95067744595,-0.9508548659368399,-0.42724492544340853,0.37476248965735487
7923.0,7.7531838959999995,-0.8257384799546956,13.852410248,-1.1415253449770695,0.31578686502237385,1.7866737631680187
7929.0,7.838387243950001,-0.8922262065802592,23.1440344,-1.3644390661514663,0.47221285957120707,2.9526525903480394
79302.0,13.35437926605,-0.9775637594742626,17.113498592,-1.2333388034556814,0.2557750439814188,1.2814896335546326
7931.0,8.165299432,-0.9119721155002287,19.18640534395,-1.2435703686604207,0.331598253160192,2.349749143155489
7932.0,12.87189585995,-1.0797729782582417,15.431988034,-1.1861585985967884,0.1063856203385467,1.1988900626531285
7933.0,8.178862356,-0.9126928994082862,7.2577955201,-0.8608047282978252,-0.05188817111046107,0.8873844801625367
7934.0,14.78879325595,-1.1329226347324883,13.245090542,-1.121623830401433,-0.011298804331055345,0.8956167222549466
7935.0,7.326813746,-0.8158558257590351,17.8007464039,-1.2504382131121963,0.4345823873531611,2.429534449898926
79358.0,21.4539874871,-1.3315080229870044,9.7044478679,-0.9869708313528702,-0.3445371916341342,0.45233772387231774
7940.0,9.2524759799,-0.9662579663085786,7.186864696,-0.8565394686589299,-0.1097184976496487,0.7767504300051882
7944.0,9.952777776,-0.9979443073212491,11.93352205805,-1.0719113110788812,0.0739670037576321,1.1990142176012752
7945.0,4.193976348,-0.6226259769252119,19.317657896,-1.2859544707077362,0.6633284937825242,4.60604836391414
7946.0,13.86156908195,-1.0557775668498435,24.06200674595,-1.3293782696471408,0.2736007027972973,1.7358790050170163
7947.0,11.8147471121,-1.072424430243047,16.10227471595,-1.2063433251162436,0.13391889487319664,1.362896265418915
7948.0,5.9802977539499995,-0.753148005881437,18.5259068419,-1.2501949618625234,0.4970469559810864,3.097823487076977
795.0,12.059642465900001,-1.0736426767755414,22.054235428,-1.306274000834522,0.23263132405898057,1.8287636213395908
7954.0,3.9152532219999996,-0.5815994920282908,11.0251256259,-1.0338084292189096,0.45220893719061883,2.8159419073967626
7955.0,8.317485888050001,-0.810016270876589,9.4022161679,-0.9567357248094388,0.1467194539328498,1.1304156441561826
7956.0,5.18685157795,-0.7083175992007549,12.02295204595,-1.079367213193859,0.3710496139931041,2.3179672418353316
7957.0,10.302983692,-1.0129630124065778,47.9545977654,-1.6808302525581098,0.667867240151532,4.654437898667695
7958.0,7.7096400279,-0.8634425707448119,19.059914148,-1.28012094010431,0.4166783693594982,2.4722184277119434
7961.0,15.038668551899999,-1.1301038394425225,13.9555421339,-1.0867368419330876,-0.043366997509434846,0.9279772398559076
7963.0,49.8355275219,-1.6975390597402875,17.0470137399,-1.2316483111952694,-0.4658907485450181,0.3420654819477684
79633.0,90.445009866,-1.9563846104722913,27.048500012,-1.4321431860942018,-0.5242414243780895,0.2990601698432458
79639.0,5.5056201719,-0.7408062464801408,10.179396276,-1.0077220214411333,0.2669157749609925,1.8489100152521183
7964.0,9.317056178000001,-0.9631349110990366,11.91731810995,-1.0760466359870429,0.11291172488800627,1.2790862137431236
7965.0,22.2778397641,-1.347873075908508,22.74086544395,-1.3426234273712971,-0.0052496485372108825,1.0207841372751119
7966.0,6.893188748,-0.8384201704269572,13.066454816,-1.1161577710006896,0.2777376005737324,1.8955602833001084
7967.0,7.772110168,-0.8904961086368948,12.531276052,-1.0979952971813203,0.2074991885444255,1.612338963438121
79688.0,10.035774034,-0.9988327419298538,20.909480105950003,-1.3202551554697899,0.32142241353993606,2.08349451025015
7969.0,12.0211033919,-1.0799443324770892,36.48075446,-1.5620638114114949,0.48211947893440565,3.0347259540735068
7970.0,8.6437832079,-0.9367038659398671,7.67291966795,-0.8847815077365195,-0.05192235820334756,0.887680716117142
7975.0,13.442864683949999,-1.1249935460280394,13.0721130319,-1.1163457944605417,-0.008647751567497641,0.9724201901330857
7977.0,4.1064669359,-0.6134683303621669,14.12379181,-1.1476835342001432,0.5342152038379764,3.4394022965399906
7979.0,17.136297056,-1.2339169820045535,13.850337832,-1.1414603666700736,-0.09245661533447991,0.8082456663034168
798.0,11.80624360005,-0.9985589399297452,22.801256896,-1.3579587877000934,0.35939984777034817,1.93128802593091
7980.0,16.36488836795,-1.1799991853764351,9.089399362,-0.9566340268814908,-0.22336515849494432,0.5554207983356144
7986.0,21.107426202,-1.2522426759385423,13.086157039949999,-1.0795717670493854,-0.17267090888915693,0.6199788128933523
79878.0,64.70162938055,-1.8109125946274065,13.40963488805,-1.1273443992268612,-0.6835681954005453,0.20725343420920214
7991.0,10.1044771399,-1.004513845695837,23.859298524,-1.3776576710344766,0.37314382533863966,2.361260082403049
7992.0,12.48627042,-1.0964327363811144,12.816259236,-1.1077612833551491,0.011328546974034737,1.0264281330533604
7993.0,15.878089773949998,-1.1589869623828557,6.609454244,-0.8201656003926663,-0.3388213619901894,0.4162625566485737
7996.0,26.159497893999998,-1.417592610305961,25.35690076,-1.4040961709335544,-0.013496439372406632,0.969319092543283
8003.0,3.527028492,-0.5474089679942259,13.98505558595,-1.1445246854525504,0.5971157174583245,3.9651098985082998
80037.0,11.6624589599,-1.0667901284784298,34.3380530056,-1.535591709437142,0.46880158095871227,2.9443235876471143
8005.0,9.2365819599,-0.9624553724134941,15.19060944395,-1.179644824777865,0.21718945236437093,1.6446137229008533
8007.0,9.385690768,-0.9724662413357164,52.08519623065,-1.6409190713575925,0.6684528300218762,5.549425984524403
8016.0,13.2927811919,-1.1236158560314573,26.5226706799,-1.4236172528830318,0.30000139685157445,1.9952687324802787
8019.0,9.011742588,-0.9548087780132017,18.338093741999998,-1.2586089565394958,0.30380017852629404,2.034910957889424
80196.0,10.25004753395,-0.9629767640722224,5.6116395859,-0.7336613504813809,-0.2293154135908415,0.5474744938804665
802.0,6.971871448,-0.8140334488381197,21.15257407195,-1.3236913069946632,0.5096578581565435,3.0339879657445454
8021.0,10.22435126205,-1.0089130200179357,6.9109806119999995,-0.8375829120073865,-0.17133010801054915,0.6759334098439744
80278.0,8.256754413949999,-0.910807723239687,13.957781528,-1.1089019203803614,0.19809419714067444,1.6904682915623566
8028.0,15.176274688,-1.1811651786082698,12.560850296,-1.0990190395891943,-0.08214613901907541,0.8276636100908191
80289.0,8.7439767939,-0.9359921770032489,18.7621378759,-1.2732823231052328,0.33729014610198393,2.1457213711945005
8029.0,7.0951507759,-0.8509616288908308,18.26447591195,-1.2315720595585962,0.38061043066776534,2.574219560490341
8030.0,58.093273128300005,-1.5159720717985246,9.50855681,-0.9697222197971467,-0.5462498520013779,0.1636774156105852
8031.0,8.365276382000001,-0.8954346092065554,23.2546777754,-1.3665097075638455,0.4710750983572901,2.77990549426894
80311.0,21.062257019500002,-1.2733870852204014,12.2634896239,-1.088614067960458,-0.18477301725994355,0.5822495477358448
8033.0,4.5058199919,-0.6537738376128257,13.52020931995,-1.1307413530634782,0.4769675154506525,3.000610176228731
80365.0,4.8204717639,-0.6830895433078363,11.7506249399,-1.0700609645424568,0.38697142123462047,2.43765040341055
8037.0,18.23190413395,-1.2049951633490465,25.484023711349998,-1.3480589173192843,0.14306375397023774,1.3977708265751396
8038.0,167.4238297533,-2.2238172720193834,10.299501907949999,-0.9450888897444563,-1.2787283822749271,0.0615175385912888
8039.0,23.991210132,-1.3800521546120623,6.97531044395,-0.8126279386726571,-0.5674242159394052,0.29074441870884116
8041.0,7.1649968079,-0.8552160012495218,34.5,-1.5378190950732742,0.6826030938237524,4.815075418032413
80434.0,128.2175946855,-2.1079476254208,7.3216559299,-0.864286092906549,-1.2436615325142508,0.057103363605119944
8048.0,12.175229761899999,-1.0852942899246867,10.1972935719,-1.008484922472373,-0.07680936745231359,0.8375442411617098
80480.0,12.313280099950001,-0.8952609755893692,6.1357206319,-0.768015466134832,-0.12724550945453728,0.49830106861005413
8049.0,11.7038232419,-1.0253964177371695,18.27391526195,-1.1266386346261414,0.10124221688897195,1.5613628883704338
8050.0,12.032106572,-1.080341669941928,11.0927514359,-1.0450392815162772,-0.0353023884256507,0.9219292872383644
8051.0,21.933853556,-1.3411149395244235,11.52292006605,-1.045262427658162,-0.2958525118662616,0.525348636828931
80519.0,20.36233477595,-1.2250098046623787,14.7559973319,-1.1689685680279827,-0.056041236634396085,0.7246711879685006
8053.0,17.73786365595,-1.2023706630298658,13.58145979595,-1.1329447598412843,-0.06942590318858155,0.7656761862296887
8062.0,4.241375284,-0.6275067012641414,18.6156930879,-1.2698792102372998,0.6423725089731583,4.389070016540417
8064.0,10.823160292,-1.0133679042847472,14.401648049950001,-1.0600035829537529,0.04663567866900564,1.3306324272583359
80642.0,9.5372893559,-0.979424959080314,7.2503000399,-0.8603559793953602,-0.11906897968495378,0.7602055226954803
8069.0,6.676922604,-0.824576342108796,9.630681268,-0.9836570099145651,0.15908066780576902,1.4423832413798638
8071.0,15.728372088,-1.196683774766654,9.842210873900001,-0.915896751478645,-0.2807870232880091,0.625761573978094
8072.0,10.504381,-1.0213704654802036,14.320294444,-1.1559519477267095,0.1345814822465059,1.363268758435171
8076.0,8.591470064,-0.9340674811838814,13.049215784,-1.115584412753601,0.1815169315697196,1.518857155619835
80779.0,3.11303450805,-0.485572604019488,8.2659362679,-0.9172920524571758,0.43171944843768784,2.65526650813703
80786.0,9.677945156,-0.9857831566738189,16.112570412,-1.2071648282343062,0.22138167156048727,1.6648751519335434
8080.0,12.293019352,-1.0896585653000617,5.8604711959,-0.7679325357369237,-0.321726029563138,0.47673163346534037
8083.0,9.6896928619,-0.9859475642748998,21.8431425679,-1.3393151203750322,0.3533675561001324,2.254265731557656
8084.0,8.0998459879,-0.908476761194567,19.2089572999,-1.2835037911401954,0.3750270299456284,2.3715213015896115
8086.0,18.456989936,-1.2503527848150622,11.02130888995,-1.0417500789701015,-0.20860270584496066,0.5971346860006219
8087.0,3.2111703719,-0.5066633481118646,13.501346236,-1.1303770746962238,0.6237137265843592,4.204493898594194
8088.0,7.2660110759,-0.861296055541365,39.478326624350004,-1.5934235514025374,0.7321274958611724,5.433287427167876
8089.0,16.1371434759,-1.207826660345912,11.73998461595,-1.0209833022546608,-0.1868433580912512,0.7275131830787195
80900.0,15.6624612939,-1.160634838250389,12.163892812,-1.08507258449396,-0.07556225375642911,0.7766271586406044
8091.0,12.71383303,-1.0786811980498046,13.4240598479,-1.127883879685071,0.04920268163526642,1.0558625251900136
8092.0,18.512150434,-1.267426519780222,21.8457905839,-1.3393677661438912,0.07194124636366928,1.180078492867978
8094.0,7.63748542,-0.8829503941809426,9.745778908,-0.9888165547854025,0.10586616060445997,1.2760455008502
8095.0,9.2975185039,-0.968367051363752,15.50239427795,-1.1903709540661678,0.22200390270241577,1.6673690158774368
8098.0,8.29479650595,-0.9187753082150614,23.750727836,-1.3756769230267862,0.45690161481172487,2.8633285721913966
8101.0,4.993269784,-0.6983850314140613,15.296225723900001,-1.0844497512621039,0.3860647198480426,3.0633685712143772
8102.0,9.612562752,-0.9811418817150968,5.83758538195,-0.761798107233955,-0.21934377448114173,0.6072871025716244
8103.0,7.586849932,-0.8800614937979706,15.8406182479,-1.0778016342380519,0.19774014044008126,2.08790451766906
8105.0,18.3662798399,-1.2640211972083826,10.95962086,-1.0397955303109458,-0.22422566689743673,0.5967251373460327
81080.0,11.35165868,-1.0550593243432627,12.260214386,-1.0884980604222443,0.033438736078981623,1.0800372642987184
811.0,8.897488826,-0.9488802237303615,17.6761407399,-1.2473874508173104,0.2985072270869489,1.9866437694473142
8111.0,4.9437743121,-0.6940586365858552,21.6492222487,-1.3318239202138369,0.6377652836279817,4.379087895600945
8112.0,3.764889956,-0.5757522867251899,11.47156424,-1.0596226414829135,0.48387035475772366,3.0469852702382676
8113.0,25.5171806117,-1.12745041217715,14.471559855999999,-1.1601760670503718,0.032725654873221766,0.5671300476418848
81133.0,21.242259232000002,-1.2287078991556304,12.009466796,-1.0795237257463286,-0.1491841734093018,0.5653573221584908
8115.0,5.9930619599,-0.7776487677187724,17.94911758195,-1.2540001784294668,0.4763514107106943,2.994982815470424
8117.0,10.1428705079,-0.965658583768513,12.16778335395,-1.0852114369312387,0.11955285316272568,1.1996390316205705
81184.0,9.303958764,-0.968667776891615,4.701384572,-0.6722257778137184,-0.2964419990778966,0.5053101256414811
8119.0,10.120199304,-1.0051890654459845,11.955035125950001,-1.0767728153333962,0.07158374988741167,1.18130431692435
81196.0,38.7291448155,-1.5880379073653799,14.750895602,-1.1369133979867747,-0.45112450937860515,0.38087325894416507
81207.0,7.2917635159500005,-0.8129720645457219,11.76214169995,-1.0701782241086533,0.25720615956293136,1.6130722937217445
8121.0,8.8655705,-0.9464042476489493,18.3852577939,-1.2332240767241234,0.2868198290751741,2.073781692210332
8124.0,8.081002456,-0.9022336582218546,13.67335689395,-1.1058843564105696,0.20365069818871495,1.692037215481574
81263.0,11.266234564,-1.0517787890429833,7.85896630595,-0.8932789825072752,-0.15849980653570805,0.6975681414500683
8127.0,13.37164748,-1.1261849186602246,6.075714568,-0.7835973628776616,-0.34258755578256306,0.4543729242853178
81278.0,8.0280241079,-0.904608667989865,22.2771685,-1.314058018750607,0.40944935076074207,2.7749254611826695
8128.0,9.978208644,-0.9990525807808056,21.46008484,-1.327713788023986,0.3286612072431804,2.1506951403450727
8129.0,7.3226649679,-0.8646691644221423,11.98668219995,-1.0780521777644325,0.21338301334229026,1.6369289394633537
8130.0,10.1151318399,-1.0049715477067167,11.117883376,-1.0460221140787505,0.04105056637203375,1.0991338078407007
81313.0,12.126309138,-1.0500575527574594,7.93319838,-0.8994483145234268,-0.1506092382340326,0.6542137669193899
8133.0,7.90188066395,-0.8363157055844838,14.84093114,-1.1714611500183223,0.33514544443383854,1.8781517680604025
8134.0,6.81885272995,-0.8336412523698755,15.560440364,-1.1920218834601628,0.3583806310902873,2.2819733729773777
81346.0,22.8590330119,-1.3423995675825204,8.2580176199,-0.9168758051815966,-0.4255237624009238,0.3612583968709886
81364.0,18.5184468359,-1.2676045590800316,37.5637158565,-1.5747311577343608,0.30712659865432923,2.0284485080940318
8137.0,7.6917317999,-0.8860241325796816,24.108511708,-1.3813607015622833,0.4953365689826017,3.1343411776673538
8141.0,14.084356668,-1.1487370144798668,15.1827593401,-1.1813507081389074,0.032613693659040655,1.07798742235743
81410.0,3.980883364,-0.5999794533657493,6.7846561879500005,-0.7786854220268651,0.17870596866111577,1.7043092116953569
8142.0,11.575194399899999,-1.063335651189325,27.2295566084,-1.4085393031733644,0.34520365198403935,2.352405987119771
8143.0,11.1302274919,-1.0465040410163942,32.74438697,-1.5151368641177472,0.468632823101353,2.941933306738758
8144.0,75.7080793523,-1.879142228653164,42.27593658255,-1.6040285724477603,-0.27511365620540373,0.5584071996572935
8146.0,7.881483804,-0.8966079874420982,13.176508764,-1.119800355221509,0.22319236777941076,1.671830976460635
8148.0,4.1561631601,-0.6186925884857651,13.46256176795,-1.1180044221008796,0.49931183361511444,3.239180284641684
8149.0,11.274492632,-1.0520970071282167,5.8220271399,-0.7650742256100639,-0.28702278151815286,0.5163892806471436
8150.0,8.063276548,-0.9062687022445783,21.862883628,-1.3397074431184888,0.43343874087391043,2.711414336076918
8151.0,8.2605197439,-0.9170073735681452,7.2665446559,-0.8613279468141782,-0.055679426753966976,0.879671604352256
8158.0,21.330474516,-1.3290005168365897,13.56381398395,-1.065453347642783,-0.2635471691938067,0.6358889941138336
8159.0,9.6343396039,-0.9838219508325096,6.2263376479,-0.7942326683291007,-0.1895892825034089,0.6462651207955723
8160.0,10.85641366195,-1.0108663888120242,14.530489098,-1.139030531084342,0.12816414227231787,1.3384244144018802
8163.0,15.621171856,-1.1937136103034225,18.19091590795,-1.2505542914832182,0.05684068117979568,1.1645039229859684
8164.0,8.14894656,-0.9111014697523471,8.0387266761,-0.9051872625123591,-0.005914207239987923,0.9864743395862936
8170.0,21.97998158,-1.342027324133527,9.180802228,-0.9628806319606399,-0.3791466921728871,0.41768925941019824
8172.0,7.012514616,-0.8458737794537411,12.633159024,-1.1015119629974444,0.25563818354370327,1.8015162485616414
8174.0,12.204375828,-1.0865155730701217,11.59088720395,-1.0639323966322372,-0.022583176437884545,0.9497320770274463
8175.0,19.7701105599,-1.2960090980147463,8.000429152,-0.9031132836602732,-0.39289581435447307,0.40467295960536437
81766.0,8.321140348,-0.920182847072866,9.2178439139,-0.9633779516661252,0.04319510459325915,1.1077621009139118
8177.0,17.089231624,-1.2327225361579075,20.1568944039,-1.3044236206730346,0.07170108451512713,1.1795085260352955
8178.0,54.81101391345,-1.6087837241708338,14.2015065679,-1.1523344189900238,-0.45644930518081006,0.25909950489741096
81784.0,10.374462812,-1.0159656182685544,9.000442088,-0.9542638418463864,-0.06170177642216801,0.8675574100655419
8179.0,5.263042448,-0.7212368727453463,20.264804672,-1.2784636041760744,0.5572267314307281,3.8503973456837297
8182.0,14.337049328,-1.1564597794750486,12.715190776,-1.1043228806220322,-0.05213689885301642,0.8868764056748734
81829.0,17.008305836,-1.2306610565449894,36.1777592245,-1.5584318683164164,0.3277708117714271,2.127064245747844
8183.0,13.40876546595,-1.1210309675037653,6.1133347839,-0.7862781796633623,-0.33475278784040297,0.45592077804806885
8184.0,5.1583544979,-0.680205755770348,12.00803847595,-1.0467525876904764,0.3665468319201284,2.3278815910846284
8190.0,10.0798847439,-1.0034555662985534,18.61675536395,-1.1840315749092654,0.180576008610712,1.8469214516779293
8192.0,8.6529641999,-0.9371649069025925,14.96859698995,-1.1731956905632517,0.23603078366065922,1.729880841310194
8193.0,5.2075712159,-0.7166352178345528,13.5377278919,-1.1315457805372804,0.41491056270272764,2.5996241492705803
8195.0,199.903598303,-2.3008206115722056,20.664063092,-1.3152157191653393,-0.9856048924068663,0.1033701407449347
8196.0,5.744992184,-0.7384981381001701,15.1045632159,-1.1791081711407725,0.4406100330406024,2.6291703682324803
8197.0,8.9891562319,-0.9537189285488636,10.1882562079,-1.0080998577951217,0.054380929246258036,1.1333940522409356
81984.0,11.780035288,-1.0711465914154905,11.9313706439,-1.0766903371229823,0.005543745707491832,1.0128467659221836
8199.0,9.96709452,-0.9979520242495107,11.013125997949999,-1.0176514874080052,0.019699463158494468,1.1049484858251348
8200.0,14.41053348195,-1.1539763873053364,12.8088546199,-1.1075102964506283,-0.0464660908547081,0.8888536039240884
82029.0,15.480781864,-1.189792891143118,9.68938072795,-0.9693509603490559,-0.22044193079406205,0.6258973747625955
82056.0,5.5224308039,-0.7421302828644013,12.693268761999999,-1.1013162163423393,0.35918593347793804,2.298493039158748
8207.0,29.18424484,-1.4651484601589757,15.70844919895,-1.1593935369383075,-0.3057549232206682,0.5382510078664073
8208.0,9.9845619319,-0.9993290151524354,8.273957672,-0.9177132947968815,-0.08161572035555398,0.828675081433995
8209.0,14.2057562599,-1.1307205974694452,12.4373103719,-1.0947264722409973,-0.035994125228447915,0.8755120209268994
8210.0,5.5516321239,-0.7444206800956525,12.8440132,-1.108700743226154,0.36428006313050143,2.313556250369329
8211.0,16.91404945595,-1.00786623529525,8.963125156,-0.9524594607073897,-0.05540677458786036,0.5299218959565573
8213.0,3.569667092,-0.5526277155942774,17.882672256,-1.2524324171063725,0.6998047015120952,5.00961904713102
82145.0,12.000349618000001,-1.0757311629823039,13.6028574239,-1.1336301460970089,0.05789898311470498,1.1335384265385324
82146.0,7.88038725,-0.84575045330858,27.425438733,-1.4343363353174994,0.5885858820089194,3.480214596433697
82153.0,223.524392804,-2.3493249238085414,21.39086187965,-1.2356717331010638,-1.1136531907074776,0.09569810977366944
82161.0,50.882062422,-1.7065647064206417,14.6717783079,-1.1664827561406197,-0.540081950280022,0.28834873449540693
82162.0,14.403902992,-1.1584801878047066,12.5182511879,-1.0975436617423135,-0.06093652606239308,0.8690874407341329
82190.0,11.2130886499,-1.040123219275967,15.0458542881,-1.1774168515692685,0.13729363229330138,1.3418117663980282
8221.0,10.6029980841,-1.0254286829327646,10.2184344319,-1.0093843625629446,-0.016044320369819953,0.9637306685194369
8225.0,4.446650504,-0.648032996291969,29.23945715005,-1.443867162152985,0.7958341658610161,6.575613964656665
8226.0,14.594796912,-1.164198056116675,31.5360024961,-1.4988066413101275,0.3346085851934526,2.160770217375944
82261.0,8.2481849319,-0.9163583896667458,20.5859790279,-1.3135715259997147,0.39721313633296895,2.495819286044784
82343.0,18.8628145239,-1.2756064943929435,17.47544134795,-1.2424238260569025,-0.033182668336041,0.9264493019219302
8246.0,32.4570427829,-1.5113089479740678,5.7350536959,-0.758537488448952,-0.7527714595251158,0.1766967414209872
8256.0,3.770997436,-0.5764562371175188,50.6238619641,-1.7043552732939964,1.1278990361764776,13.424528343832053
8258.0,4.1763639439,-0.6207983376810772,15.314200737,-1.185094335483533,0.5642959978024559,3.6668740901682986
8262.0,5.9279080639,-0.7729014595376461,67.60600216645,-1.7723977818726213,0.9994963223349752,11.404698156194357
82646.0,3.9639995279,-0.5981335940901203,28.6746539319,-1.45725853305107,0.8591249389609495,7.233768250999494
8266.0,8.0586702079,-0.9062633831179943,14.5430184639,-1.1626545555027012,0.256391172384707,1.8046424644159433
8268.0,13.824525752,-1.1255385069764428,9.5213823879,-0.8825816991087806,-0.24295680786766216,0.688731212824609
82703.0,30.72800964,-1.4875344304041305,14.661353794,-1.1616152362770031,-0.32591919412712733,0.4771332073169709
82728.0,9.9793116599,-0.9730730073233766,11.74430112595,-1.0115726985235565,0.03849969120017982,1.1768648506231427
82751.0,15.22325545,-1.1255644371209779,7.1865438959,-0.856520082622228,-0.26904435449874986,0.47207668028062943
8285.0,11.40576781795,-1.053441706872884,18.82303521,-1.1872577217082152,0.13381601483533112,1.6503084676488822
8289.0,10.9860132459,-1.0407987690734637,14.976704667949999,-1.1652314863607636,0.12443271728729988,1.3632520126024181
82916.0,7.04549989195,-0.7892699000421741,17.5,-1.2430380486862944,0.4537681486441203,2.483854980963811
8293.0,9.0891923719,-0.9585252953220965,20.326646376,-1.3080657317841682,0.34954043646207167,2.2363534123055344
8294.0,12.126728848,-1.0837436669133034,10.89370051795,-1.0305123975429633,-0.05323126937034006,0.8983214397299435
8295.0,9.0287608959,-0.955628151974829,16.329779748,-1.2129803271204216,0.2573521751455926,1.808640181779033
8298.0,16.11167018595,-1.1779245224414916,6.4087207179,-0.787402609125904,-0.3905219133155876,0.3977688621933592
8303.0,10.519821428,-1.0220083678127354,20.2718751279,-1.2897085249874634,0.26770015717472795,1.9270170379454847
8305.0,3.281514748,-0.5160743604322308,15.10974504595,-1.1785532591057053,0.6624788986734745,4.604503165850162
83063.0,13.30246820395,-1.0875444576065076,24.8357159719,-1.3950766844908293,0.3075322268843217,1.8670005889978636
8307.0,16.8938291839,-1.2277280986506576,11.802413104,-1.0243538845171163,-0.2033742141335413,0.6986227323316271
8310.0,10.10491726395,-1.0040654748406135,16.429551304,-1.215625702883768,0.21156022804315455,1.6258966674188986
8313.0,13.4943760959,-1.1301528100209859,20.130891624,-1.286080008952458,0.1559271989314721,1.4917986189903492
8326.0,11.64920003405,-1.050084915884991,14.97844626,-1.1754526717584743,0.12536775587348337,1.2857918325909752
83268.0,25.2548214479,-1.4023443023884246,28.16978617295,-1.4163023740208864,0.013958071632461877,1.115422107856256
8330.0,10.00710027395,-1.0001747739910645,14.07768986595,-1.1481335501359304,0.14795877614486597,1.40677014125624
8341.0,141.2406412258,-2.1499596805718473,24.223423634950002,-1.3839641523740358,-0.7659955281978115,0.17150462802150732
8343.0,22.867276707949998,-1.3592126677055851,13.804469892,-1.1400197338728137,-0.21919293383277139,0.6036779135663655
8344.0,24.259610248,-1.38488381926334,27.2102357479,-1.3625740589236088,-0.02230976033973109,1.1216270776709305
8345.0,6.818690222,-0.8254236551885484,45.9565530335,-1.6623474470251691,0.8369237918366207,6.73979188631045
8346.0,29.258636404,-1.4661471252773992,12.637574992000001,-1.1006646938910032,-0.365482431386396,0.43192631459312625
8348.0,7.7992939959,-0.8920552914645851,3.915048836,-0.592737183781711,-0.29931810768287404,0.5019747733651401
83572.0,7.6329170699999995,-0.8781486898287678,13.570085562100001,-1.1260370927291152,0.24788840290034742,1.7778374162396084
8359.0,13.558497056,-1.1322115511489557,27.740521952,-1.4423959898842698,0.3101844387353141,2.045987976205967
8360.0,14.56788147395,-1.160866428647469,15.9647357238,-1.203161733733884,0.04229530508641499,1.0958858878930218
8361.0,3.713176584,-0.5697456030460457,33.16113914745,-1.4518112301247301,0.8820656270786844,8.930665805213964
8362.0,4.999819004,-0.6989542829386568,18.89782197,-1.2741612752812006,0.5752069923425438,3.779701216160264
8363.0,34.0,-1.5314789170422551,29.410238296,-1.4684985433856341,-0.06298037365662101,0.8650070087058823
8364.0,20.8828224,-1.3197891949963745,26.737949764,-1.4128811256971354,0.09309193070076094,1.280380077551203
8365.0,14.065315092,-1.1481494657002316,7.735278437949999,-0.8692059040361919,-0.27894356166403966,0.5499541522784394
8369.0,4.9744048959,-0.6967411321398748,24.731125718,-1.393067173655369,0.6963260415154943,4.971675252728999
8370.0,8.4623846079,-0.9274927597441361,5.1493783339500006,-0.6765609032828774,-0.2509318564612587,0.6085020443460859
8371.0,6.859807288,-0.836311915279086,30.905770947999997,-1.4899485285972396,0.6536366133181536,4.5053409885237
8373.0,95.96905395865,-1.4839609217880787,21.92676851,-1.3366120355735538,-0.1473488862145249,0.2284774894149477
8374.0,9.43479647995,-0.8971240711759113,20.2526451679,-1.3064817538123696,0.40935768263645833,2.1465905715019016
8375.0,6.7442638279,-0.828934551053224,9.038812348,-0.9561113702325957,0.12717681917937174,1.3402222360590046
83823.0,6.63277919395,-0.7965478115727965,26.53414824405,-1.4238008235013377,0.6272530119285412,4.000457043444589
8385.0,14.517619216,-1.1618954010658489,13.333177156,-1.124933649556952,-0.03696175150889691,0.9184134779692654
8390.0,21.084206484,-1.2767784248508918,14.06057995595,-1.1478869059574834,-0.12889151889340833,0.6668773599148746
8391.0,16.494350596,-1.2173352214802928,14.88851777,-1.0230198274134554,-0.1943153940668374,0.9026434647030344
8394.0,8.775364884,-0.9432651836920632,11.23505724,-1.0505752893900224,0.10731010569795918,1.280295165900705
8395.0,15.3983901319,-1.187475318669008,22.926864592,-1.3603446660034242,0.17286934733441628,1.4889130873820162
83975.0,46.15228171055,-1.6641663611993134,18.739914324,-1.2727676010288627,-0.3913987601704507,0.40604524043967744
8400.0,9.454913144,-0.9756575436247625,14.477580763949998,-1.1440014378703678,0.16834389424560525,1.5312230311853616
8404.0,8.377962124,-0.9231383926240334,19.088319792,-1.2807677022450412,0.3576293096210078,2.2783965252502734
84098.0,15.935123241949999,-1.154725650131666,11.322506371900001,-1.0355656759055072,-0.11915997422615887,0.7105377347878267
8411.0,9.78285705395,-0.9577014819603492,9.8166283959,-0.9919623512813683,0.03426086932101913,1.0034520939807012
8413.0,13.19818486195,-1.0734806008413806,17.783567664,-1.2500188916937773,0.1765382908523967,1.3474252596104734
8418.0,11.1511034,-1.047317842883923,14.7352998319,-1.166945907976966,0.11962806509304302,1.3214207871034538
8422.0,7.494210332,-0.8747258778083663,29.6244960959,-1.4716509718576116,0.5969250940492453,3.952984341713029
8425.0,9.2490719559,-0.9430289824431172,17.2545296079,-1.2369031240750288,0.2938741416319116,1.8655417203120908
8427.0,54.027827504600005,-1.4660949868453212,22.6561305159,-1.355185737871076,-0.11090924897424514,0.4193418755172235
8428.0,1.5753071481,-0.1973652436620504,31.893132508,-1.503697177258849,1.3063319335967987,20.245659741001464
8432.0,9.210991029950002,-0.9627289304058564,11.916865864,-1.0761620509625813,0.11343312055672494,1.2937658744050136
8433.0,73.41669379094999,-1.8530647789903796,12.936477652,-1.111816042597027,-0.7412487363933526,0.1762062139278011
8434.0,15.034414525999999,-1.1760119994952096,18.19892685205,-1.2600248797706943,0.0840128802754847,1.2104845732820126
8437.0,13.88101297795,-1.1239323851998428,15.410511674,-1.180972111235088,0.0570397260352451,1.110186389025038
8439.0,10.26167754,-1.0112183633890464,21.006464796,-1.322352970598586,0.31113460720953956,2.047079019401734
8441.0,14.2671324079,-1.1543366917850606,28.7033149839,-1.435887871133756,0.28155117934869534,2.0118489240351054
8443.0,19.649686636,-1.2933556288416648,12.534766316,-1.0981162418747927,-0.19523938696687204,0.6379117666454374
8445.0,11.0952472119,-1.0451369831401724,13.688161025949999,-1.1349888155526182,0.08985183241244576,1.2336959028068357
8446.0,6.92244242,-0.8402593520260963,6.30886774,-0.7999514228901712,-0.04030792913592507,0.911364422732172
8449.0,13.487581488,-1.129934081578406,20.5420922639,-1.312644675502267,0.1827105939238609,1.5230374906113782
8452.0,9.3814667919,-0.9722707456100538,11.64672406395,-1.0651054504832271,0.09283470487317336,1.2414608847739923
8453.0,19.98544606,-1.3007138458277836,21.350781874,-1.3174669764031315,0.016753130575347885,1.0683165044153133
8454.0,13.8249530159,-1.1406636640295358,10.003477481900001,-0.8993166170800337,-0.24134704694950204,0.7235813004496332
8455.0,10.7608378601,-1.03184608767345,13.227356782,-1.1184381624723287,0.08659207479887865,1.2292125347456055
8456.0,9.6244216119,-0.9833746396550482,6.3314134879,-0.8015006770737337,-0.1818739625813145,0.6578487251713495
8458.0,11.749121944,-1.0700054113631134,20.304656252,-1.2976097319483668,0.22760432058525337,1.7281849953365331
8461.0,6.5226139719,-0.8119051337741461,25.640779136,-1.4089312177783078,0.5970260840041617,3.9310588126880956
8462.0,14.6195703285,-1.0209088219463844,17.852377456,-1.25169606063124,0.2307872386848555,1.2211287373608943
84658.0,11.461169479950001,-1.053754388189139,10.448628789899999,-1.0097105616049835,-0.0440438265841554,0.9116546795838483
8467.0,15.429390940000001,-1.183624687319093,25.556796961,-1.4074978591151601,0.22387317179606714,1.6563710816831503
8469.0,11.604631716,-0.8333128188072829,26.579403088,-1.4245452234653033,0.5912324046580204,2.290413322755722
8472.0,8.697216616,-0.9393802869036754,15.637030516,-1.1941542837009098,0.25477399679723445,1.7979350413364477
8480.0,9.447074708,-0.9752973497950614,10.239051073950002,-1.0018633890103439,0.026566039215282444,1.0838329737436434
8481.0,8.5394957679,-0.9314322276347056,13.4432266799,-1.1285035217748411,0.19707129414013558,1.5742412720002914
8486.0,18.964115284,-1.2779325867572793,16.6324947274,-1.2209573944441685,-0.05697519231311077,0.8770509184487407
84872.0,8.1187937799,-0.9094915103192093,10.174331816,-1.0075058971942858,0.09801438687507658,1.2531826884418436
8489.0,12.12344516005,-1.0814662170634182,28.5867790079,-1.4561652243366534,0.37469900727323524,2.3579748685712785
8494.0,5.77674762795,-0.6939556020285947,41.0609234079,-1.6134287118744695,0.9194731098458747,7.1079655980178815
8496.0,15.170252844,-1.1809928192731431,14.7175086679,-1.16751423429869,-0.0134785849744532,0.9701557923420463
8497.0,9.3757009199,-0.9704642770274075,15.39713090995,-1.1436191521764942,0.17315487514908678,1.642237848827864
8499.0,3.4312554679,-0.5354530538675822,24.5140864239,-1.389415712860514,0.8539626589929318,7.144348957177221
8500.0,10.082958244,-1.00358796867303,11.346153848,-1.0548486680780098,0.05126069940497979,1.125280257383956
8505.0,12.802976016,-1.1073109319213064,27.691363797949997,-1.4422966936894528,0.33498576176814643,2.162884923266578
85069.0,9.817121552,-0.9919841683029318,7.5702875519,-0.8791123761753199,-0.11287179212761189,0.7711310807145643
8515.0,139.95518527,-2.145988993494794,25.545793023999998,-1.4070957365125756,-0.7388932569822184,0.18252837845712783
85192.0,3.036898536,-0.4824302822075564,6.6098681799,-0.8201927984700754,0.337762516262519,2.176519268439596
8520.0,10.0699094039,-1.0030255633477292,6.1792437519500005,-0.7855187599245589,-0.2175068034231703,0.6136344930329587
85335.0,5.9995468559,-0.7548627831774399,35.6255412514,-1.551761471211955,0.796898688034515,5.938038673098381
854019.0,9.545321496,-0.9504145799981568,15.346081923949999,-1.1819536859474433,0.2315391059492865,1.6077071820347622
854026.0,7.7338136439,-0.8883937029838803,9.54711698,-0.9798722439702914,0.09147854098641106,1.2344643172945127
8550.0,22.01868755,-1.2670658717719436,18.0659733399,-1.256861365005068,-0.010204506766875676,0.8204836595676204
8554.0,11.6007476759,-1.0644859806970444,20.1090259625,-1.3033910348256672,0.23890505412862284,1.7334249933110382
85557.0,8.118540016,-0.9094779356445896,24.337859908,-1.383751377626817,0.47427344198222754,2.9978123973072743
85576.0,4.47605024,-0.6508949524837299,14.2631879999,-1.1537625922018768,0.502867639718147,3.1865567263829457
8559.0,9.23488175,-0.9649023367443532,10.3950243641,-1.0168255115781937,0.05192317483384046,1.1256261471999898
8560.0,10.492817604,-1.0208921236140087,11.8828570719,-1.0749208734213174,0.05402874980730865,1.1324753293500591
8561.0,15.637680928,-1.19417234751858,7.637717948,-0.8829636163456317,-0.3112087311729482,0.488417559046387
8569.0,6.165509713950001,-0.7530268615218316,19.010454628,-1.2789925029817408,0.5259656414599092,3.0833549065679353
8570.0,11.9098428519,-1.075906031087905,15.4865346641,-1.1899542489647035,0.11404821787679853,1.3003139383681628
8571.0,7.65368104,-0.883870359449193,29.961606343150002,-1.4760067685004166,0.5921364090512236,3.9146661830514433
8572.0,12.323832037999999,-1.0552580973750167,49.0445498961,-1.6902942851861997,0.635036187811183,3.9796509514957092
8575.0,5.1780155679,-0.7141633518236313,23.4490355879,-1.370124985751904,0.6559616339282727,4.528575721801086
85821.0,22.420515,-1.3506455841327012,11.58359627195,-1.0636619244087693,-0.2869836597239319,0.5166516590698296
85862.0,12.671404604,-1.1028247583685098,36.609511232,-1.5635939307208562,0.4607691723523464,2.8891438933647047
8588.0,23.5070054239,-1.358892043961056,13.3250480359,-1.1246687833037656,-0.23422326065729027,0.5668543396153803
8593.0,23.87650156595,-1.3779541880246262,18.85148195885,-1.2753443031483467,-0.10260988487627953,0.7895412109173431
85983.0,5.988122956,-0.6977166588459013,8.5878845841,-0.9338861991520413,0.23616954030614,1.4341530137578558
86015.0,14.188621488,-1.151940203122264,11.847978508,-1.0736442577122176,-0.07829594541004647,0.8350337993032237
8609.0,73.6312363445,-1.8670620927907882,19.86114269645,-1.274771230624159,-0.5922908621666292,0.2697380036310304
86102.0,10.384097564,-1.0163687598981064,8.546317028,-0.9317789990542263,-0.08458976084388004,0.8230197159961893
86137.0,21.30523114195,-1.1059649816139578,12.6409437799,-1.101779499824645,-0.004185481789312773,0.5933258219860371
8614.0,6.695791644,-0.8258019310561515,5.0588139479,-0.7040487073021812,-0.12175322375397035,0.7555214105912523
8615.0,177.3711080395,-2.248882879075746,13.593737008,-1.13333886356482,-1.115544015510926,0.07664008619133572
86160.0,8.37217148595,-0.8657104743020385,25.12290621,-1.4000641583231517,0.5343536840211132,3.000763452129561
8617.0,29.55064182175,-1.4460662316588362,15.6403527499,-1.0458858697593965,-0.40018036189943973,0.5292728612881875
8621.0,5.5624066679,-0.7452627369856494,17.093472254,-1.216967277642441,0.47170454065679157,3.0730353378591384
86222.0,11.794892928,-1.071694002789242,14.6278202019,-1.1486627853400058,0.07696878255076367,1.2401825341860366
86233.0,11.321877948,-1.0539184687966041,15.37891927245,-1.186862170161172,0.1329437013645678,1.3583364299706724
86266.0,8.38705817995,-0.9000014745476915,17.7772154159,-1.2498637350246649,0.34986226047697333,2.119600822419236
86296.0,21.14928081,-1.2090377423472813,27.669753332,-1.4420052875461287,0.23296754519884733,1.3083070568960873
86298.0,10.865148408,-1.0360356627628742,10.2202754599,-0.9863682006286132,-0.04966746213426099,0.9406475711251969
863.0,4.37568864,-0.6410464114193526,7.5077303318,-0.8755086649196738,0.23446225350032124,1.7157825772082358
8630.0,13.72792190995,-1.1371318547604892,24.5053065159,-1.389260139100493,0.2521282843400039,1.7850703607323515
86302.0,16.5,-1.2174839442139063,12.77768530995,-1.1039073902132417,-0.11357655400066458,0.7744051703
8633.0,26.057084271649998,-1.4147942026211449,17.5257572759,-1.2436767926095487,-0.1711174100115962,0.6725908813584316
8635.0,11.76478823995,-1.0703251177259965,11.486642312,-1.0601930975761642,-0.010132020149832277,0.976357761629275
86367.0,24.4335548723,-1.1973494267527038,19.6989945599,-1.29444406026156,0.09709463350885605,0.806227119338762
86369.0,9.2675022519,-0.900434397580304,33.70145535005,-1.5276314331021905,0.6271970355218865,3.6365197907710907
8638.0,9.4601604241,-0.9758985011703607,41.32217308135,-1.574944943376793,0.5990464422064323,4.368020332517904
864.0,10.137540472000001,-1.0037897891190415,34.32687756,-1.535634300945847,0.5318445118268056,3.386114970866081
8640.0,12.0,-1.0791812460476249,7.226763856,-0.8589438638072969,-0.22023738224032796,0.6022303213333333
86418.0,7.086711643999999,-0.836892717292514,8.5083505599,-0.9298453753413742,0.09295265804886021,1.2006062878406571
86429.0,6.5753426719,-0.8179183908708965,14.1018310479,-1.1492755071496832,0.3313571162787867,2.1446534046301133
86472.0,18.335418406,-1.2528421979354283,8.2334966039,-0.9155843107023239,-0.33725788723310435,0.44904874388935184
8651.0,12.777716124000001,-1.0899547433019574,8.086579768,-0.8875071478421094,-0.20244759545984803,0.6328658180792747
8657.0,4.3120300639,-0.6279731099670463,37.156090032,-1.570030006536115,0.9420568965690688,8.616843918382681
86583.0,3.2716617599,-0.514768397871497,14.761669404,-1.1691354748276526,0.6543670769561556,4.511979075872194
86607.0,23.583915836,-1.3721759482445461,17.68659792395,-1.2454299789993923,-0.1267459692451538,0.7499432260079577
8663.0,20.385495464,-1.3093212713273588,18.24573307795,-1.2609312694687786,-0.04839000185858011,0.8950350561835134
8667.0,10.485749728,-1.0205994878383489,25.00011636995,-1.3978854997063124,0.3772860118679635,2.3841992245144303
867.0,8.70646357795,-0.9293048305862437,19.3998441279,-1.2877982405145114,0.3584934099282677,2.2282117135402792
86736.0,10.59607484995,-1.0184758645009753,8.4790209799,-0.9283457098542628,-0.09013015464671248,0.8002039528760039
86749.0,21.657767651999997,-1.3310530241921552,10.8352040619,-1.034202966016439,-0.2968500581757163,0.500291823054045
86751.0,15.7578088839,-1.1974958289030655,18.492611204,-1.2669982389807242,0.06950241007765867,1.1735521949942032
8679.0,66.32292640985,-1.819149039948272,17.196570862,-1.2316986461565187,-0.5874503937917532,0.25928546571862426
8689.0,118.7692762591,-2.0747041100322203,14.4201321079,-1.1589692391260715,-0.9157348709061488,0.12141298290343959
8691.0,103.96366897370001,-2.0159093206465157,18.8472859441,-1.275248819562252,-0.7406605010842637,0.18128723360915489
8693.0,20.417755186,-1.2115066108100034,27.0845693001,-1.4327219338099795,0.22121532299997604,1.3265204256475405
8695.0,32.6399315159,-1.5137492388594604,10.1460695879,-1.0062978366466069,-0.5074514022128536,0.3108483724286465
8697.0,13.497887395949999,-1.0983010648952523,35.5405498618,-1.5507241426616925,0.4524230777664402,2.6330453662299655
8698.0,10.50615590195,-0.9529397373903191,4.81514944,-0.6826097701646555,-0.2703299672256636,0.4583169605456056
8706.0,35.232413368,-1.5469423927272916,38.6727542003,-1.5874051028048508,0.040462710077559194,1.097647038718747
8708.0,29.167240548,-1.4648953433670306,8.24204032,-0.9160347347591444,-0.5488606086078862,0.28257867954413524
8712.0,4.6119380999,-0.6638834696867842,12.202713563949999,-1.0797421985992397,0.41585872891245546,2.6458970826634878
87146.0,22.278545104,-1.343723322999712,6.7500855041,-0.8293092741234129,-0.5144140488762992,0.30298592087541915
87154.0,19.2364765899,-1.162415098484804,10.0007108799,-1.0000308720244846,-0.16238422646031947,0.5198826735843515
8717.0,9.360424884,-0.9712955624762094,27.423136108,-1.438117119181331,0.4668215567051215,2.929689244649036
8723.0,6.02274677395,-0.7783926360336555,28.1230827119,-1.449062924149644,0.6706702881159885,4.66947785909577
87244.0,10.28135999,-1.012041571834922,14.07370573795,-1.1245110387950663,0.11246946696014426,1.3688564306316056
87250.0,24.042102835949997,-1.376681969313639,21.43652189195,-1.3267256588754708,-0.04995631043816817,0.8916242492689164
8736.0,10.165421072,-1.0071253726896134,152.2452896051,-2.1825438646536237,1.1754184919640103,14.97678143647683
87367.0,9.011759916,-0.9548096130844962,10.64954024,-1.0273308588976653,0.0725212458131691,1.18173812210556
8738.0,8.8481953399,-0.946854701901877,10.000810376,-1.0000351927565576,0.05318049085468057,1.1302655504114387
8739.0,3.93713767795,-0.5666369668870118,8.1528120279,-0.9113074292997609,0.3446704624127491,2.0707459821788676
87391.0,61.0707006945,-1.785832902900878,25.95546944,-1.414228888092845,-0.37160401480803285,0.4250069042082817
87425.0,7.264910512,-0.8612302690973636,15.6820848239,-1.1954037986116661,0.33417352951430257,2.1586067437440173
8748.0,8.33429135795,-0.8307968149651193,12.1230530799,-1.083612006693054,0.25281519172793465,1.4545991445734539
8758.0,13.171192816,-1.1196251075319297,13.33698356995,-1.1201183507339805,0.0004932432020507971,1.0125873758182784
876.0,21.7962483599,-1.33838174787951,31.222104738,-1.3993864870343584,0.0610047391548485,1.4324531553531648
8765.0,19.230575444,-1.2839922799958745,13.108979896,-1.1175688974280535,-0.16642338256782097,0.6816738237591347
8766.0,10.602998404000001,-0.9344774284835033,15.4800503279,-1.1897723683038328,0.25529493982032947,1.4599691274177806
87820.0,7.7416718979,-0.8886200532987845,11.8295713479,-1.072969007974128,0.18434895467534362,1.5280383234930017
8783.0,8.5772587439,-0.9333485113197023,13.775755878,-1.138935132444789,0.20558662112508663,1.6060790853251434
8785.0,15.829085392,-1.1994558219575737,17.8470147199,-1.2394013120913654,0.03994549013379167,1.127482370454572
8795.0,35.3573753048,-1.5484800184182437,25.606833708,-1.4082517032284252,-0.1402283151898185,0.7242289193486514
8797.0,9.89082929595,-0.9906657002956398,7.24103778,-0.8598008134110618,-0.13086488688457798,0.7320961229171137
87984.0,7.2687879959,-0.8614620022519323,24.1234019119,-1.3824385525305756,0.5209765502786433,3.318765374022043
8800.0,13.242715122,-1.1110305320158744,11.4126979399,-1.0573883229376095,-0.05364220907826489,0.8618095182716866
88043.0,7.045607552,-0.847918448844154,10.6360284357,-0.9892422876373153,0.14132383879316124,1.5095970584794787
88069.0,13.11597702,-1.117800647087299,35.67023849275,-1.4615730436874543,0.34377239660015535,2.7196020882285747
8809.0,5.01626935195,-0.6816911927986037,10.945362856,-1.039230163687996,0.35753897088939224,2.1819727147915517
8813.0,7.314875416,-0.8642069337963278,14.115373636,-1.1496923784734017,0.2854854446770738,1.929680662110131
8814.0,12.971567027999999,-1.106842096184856,9.33361486,-0.9700498762976173,-0.13679221988723866,0.7195441259990227
8815.0,6.66413992595,-0.8196732486285647,12.068212976,-1.0816429658620341,0.2619697172334694,1.8109183045522004
8821.0,10.1134171679,-1.0048979218041005,12.6100940599,-1.0994081920673036,0.09451027026320302,1.2468677847013427
88267.0,7.364812012,-0.8671616658842818,14.3453939639,-1.156712479664515,0.2895508137802332,1.947828938542634
8830.0,8.7334569679,-0.9411861847027568,8.1899688599,-0.9132822504784519,-0.027903934224304927,0.9377694182272149
8831.0,24.892541664,-1.3960692427031924,14.7743357389,-1.1695079639075816,-0.22656127879561083,0.5935245961752024
8834.0,5.87003272,-0.7686405220441807,6.0425746559,-0.7812220248132619,0.01258150276908121,1.0293936923574762
8835.0,25.73532224,-1.4105296105569551,14.833546728,-1.171245004045061,-0.2392846065118941,0.5763886144368714
8836.0,18.159764773950002,-1.2539507050771395,9.192544452,-0.9243453897490321,-0.32960531532810733,0.5062039385656918
88365.0,9.0386529921,-0.9561037134746677,11.694011715950001,-1.0592044548519925,0.10310074137732483,1.2937781466077798
8840.0,31.1311751599,-1.4931955150232477,5.7881857359,-0.7625424586567858,-0.7306530563664618,0.18592891871797212
8842.0,7.368188442,-0.8671763705478561,11.708997971999999,-1.0379371867533527,0.17076081620549655,1.5891284627380868
8843.0,6.547916218,-0.8068186088824321,16.4883467639,-1.217177112448054,0.41035850356562187,2.5181059462205844
8846.0,15.507259616,-1.19053505772326,14.23170155195,-1.1529606305819882,-0.037574427141271904,0.917744456748895
8855.0,2.0145356359,-0.3041749541954029,15.904037808,-1.2015073994844663,0.8973324452890634,7.894642082563519
8857.0,16.013774392,-1.204493705712324,11.9794782481,-1.0784379032865534,-0.12605580242577052,0.7480733745121692
8858.0,6.730679528,-0.8280589127177078,19.647817908,-1.2903034447612625,0.46224453204355465,2.9191432791093366
8861.0,8.3414126279,-0.9212396051402385,30.2347746679,-1.4805067362675008,0.5592671311272623,3.6246587978122573
8868.0,10.738800778000002,-1.029608538070038,16.5907812159,-1.2198668362815381,0.1902582982115002,1.5449379831953522
887.0,15.95543714,-1.2029087073003921,17.1412818119,-1.2340432950096003,0.031134587709208184,1.0743222928644875
8870.0,23.526014077950002,-1.3548585747460828,8.3673934039,-0.9225901883865041,-0.43226838635957876,0.35566557837531965
8872.0,8.216682369900001,-0.8963418181493241,11.57734018,-1.0625357532914554,0.16619393514213132,1.409004225648423
8878.0,10.080267304,-1.0034720486881754,5.806376048000001,-0.7566925654685,-0.24677948321967547,0.5760140949532107
88855.0,9.56510807405,-0.9704976821827082,39.5236350065,-1.594296265886086,0.6237985837033778,4.1320636108364575
8888.0,4.826338532,-0.6836177811913234,12.0386432199,-1.080577543789435,0.3969597625981115,2.4943636133438143
88898.0,14.79673367995,-1.147406500346006,13.9864622361,-1.1457078770624007,-0.0016986232836053716,0.945239844050992
8892.0,10.62258884195,-1.0018212582218062,7.1190411159,-0.8524215012045845,-0.14939975701722175,0.6701794846644135
8896.0,21.67788608,-1.3360169296858952,31.0080264947,-1.4692832182355322,0.13326628854963696,1.4303989964827788
8900.0,18.221408864,-1.2548105120289008,37.419690852900004,-1.5380525188985072,0.28324200686960643,2.0536112839677294
8902.0,5.1701709039,-0.713504899262985,6.3308970759,-0.8014652530678253,0.08796035380484035,1.224504410700318
8906.0,5.24757442,-0.719958606371382,16.00180546,-1.2041689862233709,0.4842103798519889,3.049371801000585
8907.0,12.795415005999999,-1.102352368162176,8.16577141195,-0.9045455528033357,-0.19780681535884037,0.6381794891467705
8908.0,4.6533223559,-0.667763139045056,10.123733951950001,-0.9980037630649337,0.33024062401987764,2.175592657816625
8909.0,12.631827592,-1.0700152424324345,13.1845244619,-1.1142451261857091,0.044229883753274635,1.0437543075912494
8914.0,17.15370364,-1.1094135723350267,20.4457931199,-1.3106039620860104,0.2011903897509837,1.191917124662415
8916.0,13.5857986,-1.1327881202835548,6.945914,-0.8417294018430619,-0.2910587184404929,0.511262841773615
892.0,14.158388399949999,-1.0860229199403608,10.439435764,-1.0186770263287606,-0.06734589361160026,0.7373322068235442
8920.0,10.228636032,-1.0098177252791793,25.9898279799,-1.4148034050251588,0.40498567974597943,2.540888921904304
8923.0,9.8130537121,-0.9918041759775088,29.029780564,-1.4628437530137572,0.47103957703624844,2.958282041012859
89385.0,3.774882656,-0.5769034559271242,5.7612643279,-0.7605178011968284,0.18361434526970422,1.5262101773528614
89440.0,9.729794833949999,-0.9742388052528058,12.821065892,-1.1079241321852236,0.13368532693241775,1.3177118439603355
8955.0,12.7146067839,-1.104302933585808,5.7926724879,-0.7628789746032046,-0.34142395898260347,0.45559194919303597
89594.0,13.8424760959,-1.1412137822162853,9.6106138719,-0.9827511288406674,-0.15846265337561793,0.6942843032791342
896.0,12.6222146599,-1.101135561737769,12.4165214519,-1.0939999431962755,-0.007135618541493471,0.9837038734055542
8961.0,5.779201984,-0.7618678733907112,33.5166945202,-1.5242039911810348,0.7623361177903236,5.799536789507027
8969.0,10.350604631949999,-1.0145115253197274,3.18341706,-0.502893539340882,-0.5116179859788454,0.30755856041235546
89753.0,9.8490994199,-0.9933965213759024,34.57797682495,-1.5349609861975684,0.541564464821666,3.5107754882731275
8980.0,6.276461996,-0.7977149035141453,19.8015125919,-1.2966983662829943,0.498983462768849,3.154884488190885
8981.0,11.2522408599,-1.0512390198854422,9.782378108,-0.9904444451387495,-0.0607945747466927,0.869371552724382
8995.0,7.91662303995,-0.89433575800833,5.2377383,-0.7191437954055153,-0.17519196260281467,0.6616126943986814
9001.0,13.77302980595,-1.1010419737346522,12.10868411,-0.9838303941480437,-0.11721157958660844,0.8791590725207756
90038.0,9.658627436,-0.9849154142701314,12.044282947949998,-1.080596878344064,0.09568146407393263,1.2469973635237335
90098.0,3.72092072595,-0.5521487496942796,14.1184210519,-1.1497861296626557,0.5976373799683761,3.794335351849073
9013.0,9.40623862995,-0.9727193966585843,7.0838233799,-0.8502677244419424,-0.12245167221664188,0.7530984125094066
9015.0,16.5,-1.2174839442139063,21.017246688,-1.3225758217527304,0.1050918775388241,1.2737725265454545
9016.0,14.816818542,-1.1707546244690634,19.530202164,-1.2907067388462374,0.11995211437717401,1.318110369553313
90202.0,13.07386768595,-0.9781485365960505,18.512670422,-1.1351411546223522,0.1569926180263017,1.4160056432187147
90255.0,10.766340824,-1.032068123913592,9.3391611779,-0.9628346928951799,-0.06923343101841217,0.8674406031324426
90258.0,14.6278778515,-1.165181325152402,11.439580428,-1.0584100960351572,-0.10677122911724468,0.7820396467712465
90263.0,7.4171228641,-0.8702354731278394,18.4565606319,-1.2092233930805791,0.3389879199527397,2.4883719698419116
904.0,16.669560091999998,-1.2213558638925779,4.7222984199,-0.6741534283210119,-0.547202435571566,0.28328872470763705
9047.0,5.8716365399,-0.7121388775386424,9.949671532,-0.9978087436407471,0.28566986610210476,1.6945312374817827
90473.0,11.977906646000001,-1.0750496257261903,22.82530533,-1.3557447970506598,0.2806951713244694,1.9056172338446524
90479.0,7.0637818561,-0.8490372788828082,15.265385438,-1.0986362415131004,0.24959896263029213,2.161078265011457
904857.0,11.15413756,-1.040367877916653,18.4835499552,-1.1617025386854385,0.12133466076878552,1.6571025644765314
90509.0,4.0066663079,-0.6027831740592736,6.9183895479,-0.8400050118183285,0.23722183775905492,1.7267196757211638
90547.0,72.85217950095,-1.8606586825120914,13.476900310000001,-1.1285389770216014,-0.73211970549049,0.18498966540629386
90558.0,72.0802848151,-1.8576675066783466,44.5774964032,-1.6491156736370984,-0.20855183304124814,0.6184422899763782
90571.0,16.958605992,-1.0541860422968397,23.2031120239,-1.3655462367947224,0.31136019449788277,1.3682204796105155
90592.0,21.54066240205,-1.2812099986300423,10.776209991950001,-1.0027715662823262,-0.27843843234771604,0.5002729159770147
9060.0,5.386423146,-0.6503020960129169,22.93289835395,-1.3603568940955393,0.7100547980826224,4.257537466394587
90613.0,8.712534228,-0.94014449727563,6.775524656,-0.8309429300089672,-0.10920156726666275,0.7776755280025281
9068.0,3.142107132,-0.49722098848347274,15.2413264799,-1.183022766073886,0.6858017775904132,4.850670534011569
9076.0,8.4126985079,-0.8120052919244546,14.19952069195,-1.1446952954771616,0.33269000355270706,1.6878675348481638
90818.0,13.00733859595,-1.0401211596766904,13.147752406,-1.1187383982783188,0.07861723860162839,1.0107949684721609
9082.0,4.94023614395,-0.6936913903941943,7.1109841719,-0.8519297119598935,0.15823832156569928,1.4394016732597652
90960.0,10.10800770395,-0.907430987553892,15.10875338445,-1.108727163942432,0.20129617638854014,1.4947310911274647
9117.0,13.317547796,-1.1177466129973448,26.353956605,-1.409649626999295,0.2919030140019503,1.9788895830293591
91273.0,15.723883068,-1.1965598054920363,42.070461959,-1.6239772808580484,0.42741747536601205,2.675577131746704
91274.0,15.955647035999998,-1.1589646849357802,22.284820486,-1.3480069777608414,0.18904229282506124,1.3966729419195458
9128.0,16.900651604,-1.2279034491442191,44.7189455121,-1.643031600934989,0.4151281517907699,2.645989430461725
91410.0,3.8010832239,-0.5799073784915149,10.05138392195,-0.9879050019822888,0.40799762349077395,2.644347237321746
91442.0,29.4919859224,-1.4697040179265222,25.2471509639,-1.402212376891607,-0.06749164103491512,0.856068188501476
91465.0,5.46163776,-0.7373228924258218,16.32026534995,-1.1927441538389423,0.45542126141312045,2.988163270269685
9147.0,7.603678356,-0.8810237374452757,11.7874529299,-1.0714199715078019,0.19039623406252615,1.5502303461585298
91500.0,24.5722427959,-1.390444797889535,11.81964004595,-1.0692524294145154,-0.32119236847501953,0.48101592289012246
91511.0,9.852940154,-0.9908833736744127,26.132152912,-1.4097115416987043,0.41882816802429157,2.652218779730548
9153.0,21.989512412,-1.3422155995688152,74.6682170566,-1.8731357812770328,0.5309201817082176,3.3956285913757895
91538.0,3.1034358799,-0.4918427768542399,16.122514892,-1.2074327867574917,0.7155900099032517,5.195053326675951
9154.0,28.5615875,-1.4461863250244857,36.0,-1.5563025007672873,0.11011617574280153,1.2604341407843664
9158.0,28.65804906915,-1.06226650779693,242.92743178045,-2.37009439405817,1.30782788626124,8.476760968420495
91604.0,17.825505048,-1.2510418435142092,8.9493112619,-0.9288758863409001,-0.3221659571733091,0.502050922978146
9161.0,8.259037674,-0.8943829223399582,17.498129488,-1.2429916260315645,0.34860870369160635,2.1186644472013096
91610.0,8.5682892921,-0.9328941212040163,8.37039594395,-0.919386905106131,-0.0135072160978853,0.9769039838171129
91650.0,31.927935004,-1.5041708306794723,13.896817434,-1.1408825778468545,-0.3632882528326178,0.4352557543185608
91664.0,5.2578654839,-0.7208094710158274,11.5597427,-1.0629481675435242,0.3421386965276968,2.1985618946313568
91670.0,174.32517454880002,-2.2395656271155477,64.7865243973,-1.8095528703710775,-0.43001275674447026,0.3716418157330677
91683.0,11.67513502,-1.0672619117736424,9.447426102,-0.9629451275830292,-0.10431678419061319,0.8091920209758738
91688.0,10.67966978595,-1.0131531186240184,12.6600888759,-1.1024367545105196,0.08928363588650123,1.1854382326085968
91692.0,10.2170166519,-1.0093241012035044,11.609693664,-1.0648207604974365,0.055496659293932105,1.1363095568451493
91697.0,3.107762484,-0.4924478197074346,8.6189229759,-0.9354529996011478,0.4430051798937132,2.773353182643027
9171.0,5.2150002879,-0.7172543367382693,15.498908836,-1.1835083422173378,0.4662540054790685,2.971986189907033
91727.0,12.868247336,-1.1095193997297503,26.64522095195,-1.4222369711785294,0.3127175714487791,2.070617719431594
91734.0,7.7994215599,-0.8920623946572925,19.84025314595,-1.2940610053974133,0.4019986107401208,2.543810844634532
91735.0,14.271291749900001,-1.139275367222492,14.0,-1.146128035678238,0.006852668455745947,0.9809903858281153
91739.0,17.239978328,-1.236536715546935,23.10651182595,-1.28019476283681,0.0436580472898751,1.3402865935406645
91741.0,34.82627769215,-1.5412655519681562,23.2125196005,-1.3657222834634166,-0.17554326850473956,0.6665231296232443
91746.0,6.55669385,-0.8100072997206698,21.990169208,-1.342206277924664,0.5321989782039942,3.353850234749027
91747.0,16.944885068,-1.2290386274960485,9.010849884,-0.9547657546332866,-0.2742728728627619,0.5317740337476097
91749.0,12.931381156,-1.1116449128460173,30.86064822195,-1.4890467944864465,0.3774018816404292,2.3864928153966787
91753.0,43.4852606619,-1.638342077691937,10.01612750395,-0.9720858914047208,-0.6662561862872163,0.23033384994115305
91759.0,10.4394259759,-1.0186766191305263,11.100904841950001,-1.0305089019218254,0.011832282791299109,1.0633635285672853
91768.0,26.060653846,-1.4132629471203018,14.88874154245,-1.1233722623376758,-0.2898906847826259,0.5713111278954055
91770.0,18.138496372,-1.258601282481017,8.372217332,-0.9228404935394702,-0.33576078894154693,0.46157174003265283
91773.0,17.9706267799,-1.2545632247052376,10.649802616,-1.0273415586126526,-0.22722166609258498,0.5926227697250781
91783.0,10.634972328,-1.0267363642140614,20.62974025935,-1.3114834711968046,0.2847471069827432,1.939801968740017
919792.0,37.84706079105,-1.5684219978980893,25.5350543805,-1.4071367870838998,-0.16128521081418956,0.674690553157525
9207.0,9.3510891159,-0.970862195843599,11.09321473595,-1.0289016372124975,0.05803944136889849,1.186301894726658
92094.0,18.80250487,-1.272012373373106,34.8503464359,-1.5422070996349433,0.2701947262618374,1.8534948761802927
92140.0,38.702123724,-1.5877347969648619,17.41673892995,-1.2407413756627306,-0.3469934213021313,0.45002023801472973
92151.0,22.136108501899997,-1.321273296751754,14.660526104,-1.1661495555687107,-0.15512374118304328,0.6622901266833622
92159.0,19.673156992,-1.2888348044174687,10.263798231900001,-0.977645735586367,-0.31118906883110165,0.5217158708220409
9216.0,13.714001184,-1.1371641826242258,17.83815036795,-1.2507103949259513,0.11354621230172546,1.3007254504806085
92163.0,11.56836356,-1.0632719287765942,16.89214103395,-1.221707730180539,0.15843580140394486,1.4602014318047591
9217.0,12.00469894,-1.0793512730697477,10.39563146595,-1.008785692590719,-0.07056558047902861,0.8659635296068491
92178.0,7.023971109950001,-0.8459790445623269,27.776377995449998,-1.4187384040355797,0.5727593594732528,3.954511993379728
9223.0,13.897648592,-1.1429413261601868,12.4059456241,-1.093629873297989,-0.049311452862197847,0.892665082296103
92238.0,7.78760490995,-0.8815287962246692,19.4696347559,-1.2893578043713398,0.40782900814667067,2.500079932281131
92292.0,12.195070884,-1.086184328999121,12.43007629995,-1.0640475713639086,-0.0221367576352125,1.019270524803454
92299.0,7.587416194,-0.8372892394496736,11.99363699795,-0.905461108561472,0.0681718691117984,1.5807274428196472
9237.0,5.0744504500000005,-0.7038354909366245,23.4760987871,-1.3706259283505726,0.6667904374139482,4.626333239119519
92386.0,65.59048321915,-1.8160204847770505,12.165512651950001,-1.0511487164039675,-0.764871768373083,0.1854767956397388
92387.0,19.779204352,-1.2961817564119456,5.44437987395,-0.6928431362302904,-0.6033386201816552,0.27525777968917564
92421.0,15.2776755199,-1.184057281878767,22.260523317999997,-1.2989234437692216,0.11486616189045473,1.4570621878311565
92425.0,13.1755029199,-1.1197672015824065,9.5771164999,-0.9812347703850192,-0.13853243119738734,0.7268881163871875
92667.0,9.2618657979,-0.966179465189112,6.279926992,-0.7979545948270305,-0.16822487036208156,0.6780412423405969
9268.0,8.900757444,-0.9040658734759077,31.95285528,-1.5027198470968761,0.5986539736209684,3.5899029359056875
9270.0,6.068427228,-0.7830761482899553,14.181354211950001,-1.1389544254516495,0.3558782771616942,2.3369076828534068
92729.0,25.12128551795,-1.3998333060930856,8.8272808759,-0.9458269456552844,-0.4540063604378013,0.351386511235367
9274.0,10.0869452459,-0.9671274116919784,5.906575976,-0.7713357946442704,-0.19579161704770798,0.5855663763418189
9275.0,30.98741741795,-1.491114473779089,20.9474249559,-1.3211306432365453,-0.16998383054254362,0.6759977662341696
9279.0,8.8377827839,-0.9364514652452702,15.915713749950001,-1.1985101613067457,0.26205869606147547,1.8008717954625495
92806.0,13.0541019499,-1.0957454393792547,8.446785468,-0.9266914640835623,-0.16905397529569244,0.6470598667313692
92821.0,10.193450802000001,-1.0079466001529478,11.8229302279,-1.0727251266378384,0.06477852648489058,1.159855524645323
92839.0,14.684097692,-1.1668472651642423,22.9774522559,-1.3609107873113317,0.19406352214708944,1.5647847581685785
92876.0,12.255148104,-1.0883185640875896,6.36677174,-0.8039192799195277,-0.2843992841680619,0.5195181393133819
92884.0,23.57722834,-1.3724927495549402,21.15302736,-1.301932216580512,-0.0705605329744281,0.8971804087808227
92897.0,6.210194308,-0.7931051888355181,9.564948096,-0.980682617679368,0.18757742884384998,1.5402010986481358
929262.0,7.68484768795,-0.8585557849575456,6.0656758959,-0.7828792011637953,-0.07567658379375031,0.7893033332867619
92938.0,8.34940897395,-0.9204856692884104,15.815452148,-1.1990816124752277,0.27859594318681735,1.894200199959532
92942.0,15.619642812,-1.193671098264004,9.41548792995,-0.9331478399070483,-0.26052325835695567,0.6027979028250521
92965.0,7.23004616995,-0.7847247232528867,9.723682421949999,-0.9840848427659291,0.19936011951304244,1.344899077182137
9298.0,10.0694408679,-1.0030053558835692,21.875372772,-1.3399554624460406,0.3369501065624714,2.172451584847744
9300.0,7.88245840995,-0.8886832271629146,10.383990520000001,-1.001621625331725,0.11293839816881035,1.317354304957997
9305.0,8.391765556,-0.9238533423020693,22.31923707475,-1.2877773926392662,0.3639240503371969,2.6596592726297086
93095.0,7.208740724,-0.8542378452899573,13.12382158995,-1.118031766151363,0.26379392086140574,1.820542878766186
931.0,9.173533948,-0.9625366724699062,11.400149370000001,-1.056788846977798,0.0942521745078918,1.2427216637144995
93162.0,14.94680742795,-0.9802922095069724,14.9192642599,-1.173747406531815,0.1934551970248426,0.9981572541037429
93184.0,3.2975687959,-0.5181938648304066,15.7867101239,-1.1982916345110788,0.6800977696806721,4.787378550988308
9324.0,34.9400494919,-1.543323515817028,17.1362895279,-1.2339167912157853,-0.30940672460124263,0.4904483473004992
93312.0,25.4536408161,-1.405749911358525,27.073638431950002,-1.4130667467957139,0.007316835437188862,1.0636450253837682
93365.0,5.8746836599,-0.768984485674205,13.469610284,-1.1174609882055455,0.34847650253134055,2.2928230801502054
93375.0,15.796707928,-1.1985665883675407,9.8575527359,-0.9937691091385253,-0.20479747922901537,0.6240257641547755
93502.0,35.028280324,-1.5444188166174366,22.814650546,-1.3275711735742943,-0.2168476430431423,0.651320885152569
93504.0,14.366624252,-1.1573547332728875,7.501651696,-0.8751568958561802,-0.28219783741670734,0.5221582721463383
9351.0,99.4381727599,-1.9975531352677036,17.18197497795,-1.2241972317389878,-0.7733559035287159,0.17279053406820946
9352.0,35.6862681639,-1.552501134658811,15.36553137,-1.186516944641376,-0.365984190017435,0.43057265891264224
93528.0,14.844296604050001,-1.1575772337458101,33.39995184565,-1.5088253392605337,0.35124810551472363,2.250019164703124
93541.0,9.380711652,-0.9722357866533642,10.6521643759,-1.0274378595126346,0.05520207285927037,1.135539047682904
93542.0,16.84220926,-1.2263990590457932,19.37682003995,-1.2847209994718127,0.05832194042601957,1.150491585802206
936.0,333.0504236794,-2.522509990467006,16.603097877499998,-1.2178185327479798,-1.3046914577190263,0.04985160413271962
9363.0,8.23361209395,-0.9141801728711496,20.949232092,-1.3211681082417301,0.40698793537058053,2.5443549991131285
9370.0,10.430182112,-1.0182918913168686,28.618286269949998,-1.4560265142614672,0.43773462294459864,2.743795454637791
9373.0,12.6195283039,-1.1010431220363341,19.94960293195,-1.2624769340717241,0.16143381203538998,1.5808517126416428
9377.0,3.447700836,-0.5375295741738002,13.659711236,-1.1339485791578352,0.596419004984035,3.9619769480486324
938.0,7.850359824,-0.8948895632415922,12.0660624519,-1.0815655688210424,0.1866760055794502,1.5370075668393974
9380.0,4.11648113395,-0.6106153437433886,9.47339627,-0.9253429729182142,0.31472762917482566,2.3013335812156956
93858.0,35.7203904639,-1.5529161975678616,55.3476568314,-1.7430992395465634,0.19018304197870184,1.5494695358197679
9403.0,9.1316058379,-0.8740941120324093,15.9773142479,-1.2035037771465222,0.32940966511411296,1.7496719122049087
94037.0,25.095767456,-1.3996004814211236,16.6400534639,-1.221154717329672,-0.17844576409145163,0.6630621475543529
941361.0,8.857329956,-0.9473028234517563,9.943916907950001,-0.935831094895331,-0.011471728556425309,1.1226765805663526
9414.0,41.60086730745,-1.6171489071577838,18.7737668719,-1.2735514205993996,-0.3435974865583842,0.45128306420039327
9415.0,9.8504051321,-0.9934540927328619,10.92776039995,-1.0380241901834233,0.0445700974505614,1.109371670850285
94232.0,8.3164471279,-0.9199378308229077,15.253275156,-1.1833631046311037,0.263425273808196,1.8341095568116275
94280.0,8.5737370119,-0.9331701579672073,18.079771056,-1.2571929267065238,0.32402276873931657,2.108738701794329
94308.0,24.63981629795,-1.3720962782064072,13.025163991900001,-1.112713324330094,-0.25938295387631327,0.528622609616764
94310.0,7.987636948,-0.9024183172072514,17.0,-1.2304489213782739,0.3280306041710225,2.128289018475806
94314.0,7.5945510339,-0.8490112570225041,16.697117616,-1.2226415063866463,0.37363024936414213,2.1985654637737806
94355.0,16.92985980595,-1.1213853313361222,11.152552736,-1.0473742855249206,-0.07401104581120155,0.6587504482512274
94377.0,5.5690896079,-0.7457842058415309,23.5690452999,-1.3723419911207337,0.6265577852792028,4.232118166399454
94411.0,5.1187260599,-0.7091618879293748,17.09249370195,-1.174534758432669,0.46537287050329423,3.33920852609251
9443.0,3.367191768,-0.5272678509923581,18.0990852379,-1.2552425758051728,0.7279747248128148,5.375127549878234
9445.0,14.78090381995,-1.0554112577721295,14.435709592,-1.1594381366279436,0.10402687885581408,0.9766459323357422
9454.0,50.1597297915,-1.7003551883015955,21.1130804519,-1.324551602595259,-0.37580358570633643,0.4209169495063308
94544.0,26.442315872,-1.4222994888765903,16.7808064599,-1.2248128285229727,-0.19748666035361762,0.6346193934423626
9458.0,10.5887511719,-1.0248447428143688,10.344347444,-1.0147030991188437,-0.01014164369552506,0.9769185502678929
94617.0,5.775171344,-0.7615648738715071,13.26002983595,-1.1209241895435906,0.35935931567208357,2.296040939066898
9462.0,16.845458626000003,-1.2240891647053207,22.5043888561,-1.35226722344969,0.12817805874436927,1.3359320963435073
94684.0,14.196408324,-1.1521784822442884,20.6494978279,-1.3149094945772222,0.16273101233293374,1.4545578963793686
9473.0,7.430913596,-0.8710422115142767,24.5406805,-1.3898866013126379,0.5188443897983611,3.3025118894142502
94785.0,4.059796744,-0.608504290924757,31.470036656,-1.4978972487756053,0.8893929578508483,7.751628625868961
9481.0,13.513084816,-1.1259429154089913,11.155629220000002,-0.9721518660668347,-0.1537910493421566,0.8255427514812398
94866.0,21.4124030359,-1.330665409315357,21.5900357839,-1.3342533621460617,0.003587952830704788,1.0082957876190815
949.0,10.053316212,-1.0013277074348401,13.93111818805,-1.1425502221450952,0.14122251471025504,1.3857236651346265
94932.0,8.3883657359,-0.9236773576088136,14.140336276,-1.1504597376839807,0.22678238007516704,1.6857081249429882
9502.0,22.292449916000002,-1.3367005384431354,33.432728108,-1.5241718164343045,0.18747127799116914,1.4997332385618265
9509.0,7.2778548199,-0.8620033879436511,5.795583182,-0.7191354030363211,-0.14286798490733,0.7963312439474621
95116.0,15.97899407395,-1.194832864071636,14.535404014,-1.1521946280167747,-0.04263823605486117,0.9096570126211239
95170.0,12.1837167119,-1.085779792503879,24.013900206,-1.3722386432219111,0.2864588507180321,1.9709831387121222
9526.0,15.084850156,-1.178541000507324,35.5198707994,-1.5504713773990835,0.37193037689175945,2.3546717688323855
9528.0,4.8724684,-0.6811561581215739,12.9183250079,-1.1112062066169441,0.4300500484953702,2.651289643643456
95286.0,6.963688096,-0.8428393108054848,10.0552040179,-0.9993853071152461,0.1565459963097613,1.4439480745376565
95402.0,11.890568315949999,-1.075130992616454,25.314410476,-1.4033678179562663,0.32823682533981224,2.1289487435216423
95416.0,12.319464798,-1.06049300371117,24.214208112,-1.384070270689509,0.323577266978339,1.9655243558901236
95428.0,4.686808432,-0.6653748793039788,16.8735429039,-1.2272062801034893,0.5618314007995105,3.6002203095592615
9548595.0,18.2365941599,-1.260943733352382,11.917366636,-1.0761803005551642,-0.18476343279721785,0.6534864202990712
9549168.0,12.670737472,-1.1028018927602674,12.316095756,-1.0904730568258945,-0.01232883593437295,0.9720109648879006
9554.0,19.992064028,-1.3008576340228835,16.430114978,-0.9955103897304012,-0.3053472442924823,0.8218318506277644
9562060.0,11.947003644,-1.0772589961587429,23.817531994,-1.3637659189375362,0.2865069227787933,1.9935987887608615
9566064.0,10.636604484,-1.02680301055176,7.7733106319,-0.8906060230412046,-0.13619698751055542,0.7308075282476585
9567.0,21.117194421999997,-1.3240706777328715,14.820445564,-1.170861260531144,-0.15320941720172754,0.7018188717607291
9568.0,14.1202639439,-1.1498428148679052,32.49782369595,-1.5034914066256202,0.353648591757715,2.3015025657497827
9568512.0,6.328029788,-0.7922790487839124,7.63209682595,-0.8444201590574396,0.05214111027352719,1.2060778917986343
9568618.0,5.33620565395,-0.6992749355013225,8.243958364,-0.9161357897143185,0.21686085421299606,1.5449101662522329
9568700.0,5.906836544,-0.7713549530787003,16.1447758599,-1.208032020026187,0.43667706694748665,2.7332355889040834
957.0,16.357727268,-1.2137229629335764,30.285010584,-1.4812277297765037,0.26750476684292734,1.8514192153848543
9570076.0,7.2483749719,-0.8602406521100847,4.5391967419,-0.6559195322169744,-0.2043211198931103,0.6262364681045399
9570093.0,7.7049784,-0.885438835108808,13.80131794,-1.1399205608026517,0.25448172569384364,1.7912208475496831
9570281.0,2.9486651999,-0.4696254642810847,14.6021180799,-1.1644158560374938,0.6947903917564091,4.95211124016223
9570290.0,10.274783352,-1.0117726733682664,12.147620285999999,-1.0840083471667268,0.07223567379846041,1.182275077715916
9570475.0,107.0045957564,-2.0294024306644873,13.3311871039,-1.1248688238113305,-0.9045336068531569,0.12458518262382814
9571018.0,17.181174319900002,-1.2306177758033945,22.687907204,-1.3557944371950934,0.12517666139169892,1.32050969168748
9571075.0,3.292746868,-0.5175583453319196,8.133160156,-0.9102593243943582,0.3927009790624386,2.470022896397149
95717.0,53.9562615284,-1.7320418510474482,41.7178237804,-1.6203216452766778,-0.11172020577077046,0.7731785449672367
9574101.0,18.27103933595,-1.1907832304654489,13.6140398479,-1.1247715316561098,-0.0660116988093391,0.7451157866598803
9574235.0,19.491075732,-1.2898358089267121,4.768931901949999,-0.6620790409893118,-0.6277567679374003,0.24467258593226215
9576037.0,12.332262888,-1.0910427740491881,8.6762761839,-0.8981294581521897,-0.19291331589699845,0.703542915253819
9578.0,8.984701544,-0.9535036551849253,15.059229148,-1.1778027417625505,0.2242990865776252,1.6760967600595014
9588170.0,6.492572032,-0.8124167766188735,17.78036296,-1.249940622208786,0.43752384558991264,2.7385699954295095
96088.0,6.5,-0.8129133566428556,58.810463632,-1.7694546031739395,0.956541246531084,9.047763635692307
96170.0,17.509897805999998,-1.1677635321996516,13.3230393839,-1.1246033117021776,-0.04316022049747392,0.7608861874302135
9635.0,7.800150788,-0.8921029983011677,8.47378790195,-0.8971077029101182,0.005004704608950528,1.0863620630240054
96359.0,21.751749224,-1.3374941876255633,16.57172266375,-1.093260824909978,-0.24423336271558527,0.7618570117324371
9639.0,12.82061586,-1.1079088877549876,8.62335113195,-0.8367611067478913,-0.27114778100709636,0.6726159824236401
96393.0,12.6092949239,-1.1006908027332236,20.449744789900002,-1.253358813551832,0.15266801081860848,1.6217992293239964
96509.0,133.95699714025,-2.122550358880723,22.5443369561,-1.346391874059095,-0.7761584848216279,0.16829532937720737
967.0,13.23360894,-1.1216782968702617,8.73972609995,-0.8932061159368265,-0.22847218093343513,0.6604189484195231
9681.0,12.3417735239,-1.09137757268743,50.9783165218,-1.7073854894823137,0.6160079167948838,4.130550315404819
9687.0,17.4952462599,-1.2429200599119794,23.4323066547,-1.313972757053416,0.0710526971414367,1.3393527765543973
9690.0,66.86239952715,-1.807898431009837,16.98302478395,-1.1942509172302682,-0.6136475137795687,0.25399963064523146
969491.0,9.7022383859,-0.9867986256201966,13.5771539999,-1.1297415470399206,0.14294292141972398,1.399383674145887
969494.0,8.5429111239,-0.9316058882076792,20.02257808805,-1.267953265386291,0.33634737717861185,2.343765233847981
969516.0,13.0954614999,-1.1171208080936896,126.1044012744,-2.099225932528263,0.9821051244345735,9.629626361420172
970.0,9.5883094879,-0.9817420435841822,22.872981411399998,-1.3417638300339148,0.3600217864497326,2.385507209614441
97004.0,13.202041479950001,-1.0970338407417344,14.0580969961,-1.0789840853400299,-0.018049755401704504,1.0648426622087268
9703.0,9.519574996,-0.9786175596226919,16.462734436,-1.216501972543035,0.23788441292034312,1.7293560314318053
9707.0,7.8884274439,-0.8969904353380146,38.6682370565,-1.5635445078304133,0.6665540724923987,4.901894240835231
9709.0,16.07527424,-1.2061583906104305,19.2684869264,-1.2682929558046536,0.06213456519422311,1.1986412572952785
971.0,2.754904656,-0.4401065730282378,19.0363133819,-1.2749871147042509,0.834880541676013,6.909971762703356
97354.0,20.170403568,-1.20740872040088,15.15141470195,-1.1584455617638656,-0.0489631586370145,0.7511706273436918
9740.0,10.08421113995,-0.982573087279047,29.578862696,-1.4709814714070872,0.4884083841280402,2.93318557946682
97780.0,8.44502621995,-0.9209123133264421,11.787248819950001,-1.0509523332689013,0.13004001994245917,1.3957622525912998
978.0,13.71265426995,-1.1363675299011233,36.845322035,-1.5663823566903283,0.430014826789205,2.6869577041509083
9795.0,22.49711832,-1.352126892428161,11.563438746,-1.0578598763294955,-0.29426701609866557,0.5139964408561638
97971.0,6.5568239559,-0.8166935234549,12.1547775599,-1.084747015388985,0.2680534919340851,1.8537599364647905
9799979.0,32.63878331245,-1.4559795799659438,22.122395576,-1.3448321537857097,-0.1111474261802341,0.6777947377579314
980.0,17.97091171995,-1.222398386107478,46.0832358821,-1.6623573104019225,0.4399589242944444,2.564323758317823
9800972.0,17.437902856,-1.2414942539433684,19.439043351899997,-1.2358964657192386,-0.005597788224129818,1.1147580940452049
9802545.0,22.836530248,-1.358630118460889,3.7810538559,-0.5776128633328115,-0.7810172551280776,0.16557041787165286
9808.0,28.5828894801,-1.4561061300473903,19.594761656,-1.2921399852362427,-0.16396614481114757,0.6855416653953855
9809.0,28.68729551445,-1.4111394859170443,9.6471561919,-0.984399310008785,-0.4267401759082593,0.3362867087641865
9811353.0,16.75262032,-1.2240827457916212,24.3324620174,-1.3822390169910324,0.1581562711994111,1.4524570814961324
9819350.0,16.5646828719,-1.2191831258019052,81.46419283200001,-1.7353162941307403,0.516133168328835,4.917944609141552
9821849.0,9.795653072,-0.9910333955233104,20.662898016,-1.3151912321929433,0.32415783666963294,2.1093946329176405
9824131.0,18.6742997719,-1.271244326101823,6.18281985,-0.757752326319584,-0.5134919997822389,0.33108710503317224
98282.0,12.3611555279,-1.0920590707474416,19.125619848,-1.281615519235001,0.18955644848755937,1.5472355966100522
9828356.0,7.8487677199,-0.894801476559618,14.099049757949999,-1.147346714146963,0.25254523758734515,1.7963392803946596
9832750.0,7.0734688,-0.8496324422625939,15.4060941401,-1.1876925473224735,0.3380601050598796,2.1780111817415526
9833444.0,13.5417049879,-1.131673348264927,12.183029273999999,-1.023582847477062,-0.10809050078786497,0.8996673081333535
98356.0,6.876264114,-0.8368186933143553,19.75820083245,-1.2908882773775885,0.45406958406323317,2.8733917872966104
9838712.0,11.408846971900001,-1.0221330350606501,17.343842866,-1.109035931242861,0.08690289618221092,1.5202099658903216
9839190.0,8.3398354099,-0.9207407858872487,4.733569672,-0.6751887737513702,-0.24555201213587852,0.567585502512544
9842616.0,13.2855915839,-1.0463573846608378,14.9891070199,-1.1757757604078671,0.1294183757470293,1.1282227761738806
9844225.0,25.484144368,-1.4062700567007027,8.915199448,-0.9501310635177571,-0.4561389931829456,0.34983318722659024
9849425.0,330.7503816843,-2.519500354033506,48.1329021734,-1.6824420482531852,-0.8370583057803207,0.145526369246469
9849616.0,25.28320356,-1.4028321012671394,31.248944032,-1.4948353461977282,0.09200324493058876,1.235956668143046
985.0,18.6185788521,-1.2699465284044262,7.45813947395,-0.8647397078026398,-0.4052068206017865,0.40057512086153624
9850056.0,9.889337868,-0.9951672147619569,17.593295407200003,-1.2417241824170169,0.24655696765505997,1.7790165167810204
9852176.0,9.395781004,-0.9729328857276688,13.0410156102,-1.0227337048325433,0.04980081910487455,1.3879650456569965
9853654.0,16.481860274,-1.0679383600122556,8.4520735599,-0.9269632681388702,-0.14097509187338542,0.512810654828392
9857035.0,13.7205268239,-1.1373707871958145,14.5228137599,-1.162050768017692,0.02467998082187739,1.0584734789193724
98613.0,6.025787976,-0.7800138464755403,20.13820193995,-1.296275736039453,0.5162618895639127,3.3420030741469953
9862.0,4.6621071039,-0.6685822464686547,6.822573272,-0.833948208534591,0.16536596206593623,1.4634098101891955
9864.0,16.270707684,-1.2114052070521177,18.3781730959,-1.261309100210271,0.049903893158153245,1.1295251228668068
9865514.0,19.548857388,-1.2911213783769822,3.851148952,-0.5855903162806522,-0.70553106209633,0.19700123007516618
9867605.0,7.7296086961,-0.8881575087403176,14.9438317434,-1.1744619690757736,0.286304460335456,1.9333231902075407
9868041.0,41.9875086794,-1.4699137288745299,25.0877222079,-1.3994612321617075,-0.07045249671282239,0.5975044244577576
9869105.0,6.707053816,-0.8265317910429136,5.780018252,-0.7619292098271672,-0.06460258121574647,0.8617820000506762
9869142.0,12.5168328879,-1.0974944540094793,8.8274671079,-0.9458361080098001,-0.1516583459996792,0.7052476602474654
98723.0,6.540702672,-0.8156244073731171,6.2439862559,-0.7954619384337243,-0.020162468939392886,0.954635391489326
9873.0,8.3834111039,-0.9234207635197543,7.3397025081,-0.8656784575034158,-0.05774230601633856,0.8755031116970439
9878.0,245.07653736695,-2.3885545460223323,11.5834703759,-0.8745186497294892,-1.514035896292843,0.047264705550153156
9881626.0,13.909121523949999,-1.128433391624005,9.3263044559,-0.9697095888322971,-0.15872380279170795,0.6705171451583851
9882837.0,116.452897549,-2.0661502990011087,6.9674736159,-0.8430753328226241,-1.2230749661784845,0.05983083085561087
9883104.0,6.94645967795,-0.7870025251625349,34.8025498999,-1.5416110648341221,0.7546085396715873,5.0101132826514485
9885850.0,13.774809516000001,-1.129367341824483,22.76849832,-1.3573343879781705,0.22796704615368757,1.6529083972851648
9885981.0,589.1599731336,-2.7702332336938484,355.2806918882,-2.550547239878703,-0.21968599381514542,0.6030292417839378
9890250.0,16.982401169950002,-1.196246735354398,12.202009,-1.086431340984913,-0.10981539436948506,0.7185090540430288
9903.0,11.391189696,-1.056569084169184,16.96179836995,-1.16046433149346,0.10389524732427602,1.4890278208522953
9904.0,16.556009056,-1.2189556552842764,22.8170583615,-1.3582596532409776,0.13930399795670123,1.3781738270571287
9906942.0,12.510844344,-1.0899760921622734,4.556232788,-0.6586059050385674,-0.431370187123706,0.3641826772615148
9907412.0,17.05502416,-1.2318523389616658,18.7430983599,-1.2728413842776392,0.04098904531597336,1.098978118357588
9908126.0,34.107753854,-1.5328531201422912,23.8830617319,-1.3780900011857398,-0.15476311895655148,0.7002238210740196
991.0,11.66959274605,-1.0662654078291447,16.44147917195,-1.2125425617384877,0.14627715390934304,1.4089162775209287
9910393.0,13.2861244919,-1.123398317493752,12.13514054395,-1.0784238947115026,-0.0449744227822495,0.9133694743977667
9920342.0,23.7449710279,-1.3755716440199182,5.4794285239,-0.7342424421582688,-0.6413292018616493,0.2307616428532067
9920715.0,17.51666328005,-1.2434048427567759,20.627011932,-1.3144363198086746,0.07103147705189872,1.1775651333945787
9927058.0,42.607577172350005,-1.6215367713871944,8.0201370519,-0.9041817897773482,-0.7173549816098462,0.18823264743400225
9928181.0,7.73243742995,-0.8867638760170091,15.74040583395,-1.139990822863207,0.25322694684619784,2.0356331333484556
9930121.0,15.70932960395,-1.1957776655239574,12.81441266595,-1.1071343964603528,-0.08864326906360454,0.8157198931473121
9931156.0,7.543038568,-0.8775463282948591,12.2157853879,-1.0869213942456875,0.20937506595082833,1.6194780495652372
9932000.0,16.92218498595,-1.2020166108130184,8.7845643359,-0.9437202278453951,-0.25829638296762325,0.519115252740327
9934458.0,31.435213544,-1.4943938618808341,24.228613092,-1.3843285547181774,-0.11006530716265672,0.7707475267533052
994.0,14.483770908,-1.1604523140905605,27.2857111959,-1.4359352780542791,0.27548296396371863,1.883881716247593
9940086.0,46.1809733525,-1.664463082265974,18.6398177599,-1.2704416619741477,-0.3940214202918264,0.4036254848424701
9941647.0,20.347745956,-1.3085163067755103,14.52126127195,-1.1315584426514083,-0.17695786412410208,0.7136545395913041
9948.0,12.86861613,-1.0907541920358725,10.941437898,-1.0383850578528557,-0.05236913418301681,0.8502419986320627
9949821.0,8.113648096,-0.9092161676178055,29.80946043195,-1.473532603521387,0.5643164359035814,3.6739898106556974
995.0,10.82755902,-1.0345305597064713,15.4530088559,-1.189013053488315,0.15448249378184364,1.4271922995160915
9952220.0,24.7701627439,-1.3939288599788748,13.75789086395,-1.1376376664902614,-0.2562911934886134,0.5554219003804516
9954082.0,11.53229288795,-1.0619114655946102,46.889934092,-1.6710796222995055,0.6091681567048952,4.065968021068465
9956127.0,9.5805268021,-0.9302351320378195,33.7623867119,-1.528433139943253,0.5981980079054334,3.524063698094291
9959619.0,13.951114396,-1.1446088998464097,28.299666645949998,-1.4506464127316256,0.30603751288521597,2.0284878929860937
996.0,5.179004532,-0.7142462910568458,18.15891664,-1.2551480246969728,0.5409017336401271,3.5062561787308355
9963.0,13.37934379805,-1.1087244929392654,27.728961866,-1.4167016874646219,0.30797719452535643,2.0725203182267737
997.0,11.0523943079,-1.0434563705161353,11.082622552,-1.0427750679324361,-0.0006813025836991393,1.0027349950841324
998.0,7.0285653880000005,-0.7660265984049662,16.299615856,-1.212177369214672,0.4461507708097058,2.319053029488583
9983292.0,10.6569769299,-0.9752347836375914,19.943116236,-1.2997930204930803,0.3245582368554889,1.8713671210121627
9985.0,9.9933783079,-0.9997123283118288,26.06063400195,-1.3308582620506668,0.33114593373883805,2.607790198570633
999.0,13.08724632,-1.1168482765098646,9.545882361899999,-0.9791562067509064,-0.1376920697589582,0.7294034305224263
9993.0,8.9428706639,-0.9514769498218765,7.510892304,-0.8756915348315136,-0.07578541499036284,0.8398748663915584
99953.0,29.612438384,-1.471474170074709,12.46798583,-1.0730080106196485,-0.3984661594550605,0.4210388103918055
